FIELDTYPE,MODBUSADDRESS,FIELDSIZE,FIELDNAME,VALUE,TYPE,MANDATORY,R/W,SF,UNIT,SERVERID
Header,2,1,"ID ""Common""",1,uint16,M,R,,,1
Header,3,1,Length,66,uint16,M,R,,,1
Fixed,4,16,Manufacturer,,string,M,R,,,1
Fixed,20,16,Model,,string,M,R,,,1
Fixed,36,8,Options,,string,O,R,,,1
Fixed,44,8,Version,,string,O,R,,,1
Fixed,52,16,SerialNumber,,string,M,R,,,1
Fixed,68,1,DeviceAddress,,uint16,O,RW,,,1
Fixed,69,1,Pad,,pad,O,R,,,1
Header,70,1,"ID ""InverterThreePhase""",103,uint16,M,R,,,1
Header,71,1,Length,50,uint16,M,R,,,1
Fixed,72,1,Amps,,uint16,M,R,A_SF,A,1
Fixed,73,1,AmpsPhaseA,,uint16,M,R,A_SF,A,1
Fixed,74,1,AmpsPhaseB,,uint16,M,R,A_SF,A,1
Fixed,75,1,AmpsPhaseC,,uint16,M,R,A_SF,A,1
Fixed,76,1,A_SF,,scalefactor,M,R,,,1
Fixed,77,1,PhaseVoltageAB,,uint16,O,R,V_SF,V,1
Fixed,78,1,PhaseVoltageBC,,uint16,O,R,V_SF,V,1
Fixed,79,1,PhaseVoltageCA,,uint16,O,R,V_SF,V,1
Fixed,80,1,PhaseVoltageAN,,uint16,M,R,V_SF,V,1
Fixed,81,1,PhaseVoltageBN,,uint16,M,R,V_SF,V,1
Fixed,82,1,PhaseVoltageCN,,uint16,M,R,V_SF,V,1
Fixed,83,1,V_SF,,scalefactor,M,R,,,1
Fixed,84,1,Watts,,sint16,M,R,W_SF,W,1
Fixed,85,1,W_SF,,scalefactor,M,R,,,1
Fixed,86,1,Hz,,uint16,M,R,Hz_SF,Hz,1
Fixed,87,1,Hz_SF,,scalefactor,M,R,,,1
Fixed,88,1,VA,,sint16,O,R,VA_SF,VA,1
Fixed,89,1,VA_SF,,scalefactor,O,R,,,1
Fixed,90,1,VAr,,sint16,O,R,VAr_SF,var,1
Fixed,91,1,VAr_SF,,scalefactor,O,R,,,1
Fixed,92,1,PF,,sint16,O,R,PF_SF,Pct,1
Fixed,93,1,PF_SF,,scalefactor,O,R,,,1
Fixed,94,2,WattHours,,acc32,M,R,WH_SF,Wh,1
Fixed,96,1,WH_SF,,scalefactor,M,R,,,1
Fixed,97,1,DCAmps,,sint16,O,R,DCA_SF,A,1
Fixed,98,1,DCA_SF,,scalefactor,O,R,,,1
Fixed,99,1,DCVoltage,,uint16,O,R,DCV_SF,V,1
Fixed,100,1,DCV_SF,,scalefactor,O,R,,,1
Fixed,101,1,DCWatts,,sint16,O,R,DCW_SF,W,1
Fixed,102,1,DCW_SF,,scalefactor,O,R,,,1
Fixed,103,1,CabinetTemperature,,sint16,M,R,Tmp_SF,C,1
Fixed,104,1,HeatSinkTemperature,,sint16,O,R,Tmp_SF,C,1
Fixed,105,1,TransformerTemperature,,sint16,O,R,Tmp_SF,C,1
Fixed,106,1,OtherTemperature,,sint16,O,R,Tmp_SF,C,1
Fixed,107,1,Tmp_SF,,scalefactor,M,R,,,1
Fixed,108,1,OperatingState,,enum16,M,R,,,1
Fixed,109,1,VendorOperatingState,,enum16,O,R,,,1
Fixed,110,2,Event1,,bitfield32,M,R,,,1
Fixed,112,2,EventBitfield2,,bitfield32,M,R,,,1
Fixed,114,2,VendorEventBitfield1,,bitfield32,O,R,,,1
Fixed,116,2,VendorEventBitfield2,,bitfield32,O,R,,,1
Fixed,118,2,VendorEventBitfield3,,bitfield32,O,R,,,1
Fixed,120,2,VendorEventBitfield4,,bitfield32,O,R,,,1
Header,122,1,"ID ""InverterThreePhase""",103,uint16,M,R,,,1
Header,123,1,Length,50,uint16,M,R,,,1
Fixed,124,1,Amps,,uint16,M,R,A_SF,A,1
Fixed,125,1,AmpsPhaseA,,uint16,M,R,A_SF,A,1
Fixed,126,1,AmpsPhaseB,,uint16,M,R,A_SF,A,1
Fixed,127,1,AmpsPhaseC,,uint16,M,R,A_SF,A,1
Fixed,128,1,A_SF,,scalefactor,M,R,,,1
Fixed,129,1,PhaseVoltageAB,,uint16,O,R,V_SF,V,1
Fixed,130,1,PhaseVoltageBC,,uint16,O,R,V_SF,V,1
Fixed,131,1,PhaseVoltageCA,,uint16,O,R,V_SF,V,1
Fixed,132,1,PhaseVoltageAN,,uint16,M,R,V_SF,V,1
Fixed,133,1,PhaseVoltageBN,,uint16,M,R,V_SF,V,1
Fixed,134,1,PhaseVoltageCN,,uint16,M,R,V_SF,V,1
Fixed,135,1,V_SF,,scalefactor,M,R,,,1
Fixed,136,1,Watts,,sint16,M,R,W_SF,W,1
Fixed,137,1,W_SF,,scalefactor,M,R,,,1
Fixed,138,1,Hz,,uint16,M,R,Hz_SF,Hz,1
Fixed,139,1,Hz_SF,,scalefactor,M,R,,,1
Fixed,140,1,VA,,sint16,O,R,VA_SF,VA,1
Fixed,141,1,VA_SF,,scalefactor,O,R,,,1
Fixed,142,1,VAr,,sint16,O,R,VAr_SF,var,1
Fixed,143,1,VAr_SF,,scalefactor,O,R,,,1
Fixed,144,1,PF,,sint16,O,R,PF_SF,Pct,1
Fixed,145,1,PF_SF,,scalefactor,O,R,,,1
Fixed,146,2,WattHours,,acc32,M,R,WH_SF,Wh,1
Fixed,148,1,WH_SF,,scalefactor,M,R,,,1
Fixed,149,1,DCAmps,,sint16,O,R,DCA_SF,A,1
Fixed,150,1,DCA_SF,,scalefactor,O,R,,,1
Fixed,151,1,DCVoltage,,uint16,O,R,DCV_SF,V,1
Fixed,152,1,DCV_SF,,scalefactor,O,R,,,1
Fixed,153,1,DCWatts,,sint16,O,R,DCW_SF,W,1
Fixed,154,1,DCW_SF,,scalefactor,O,R,,,1
Fixed,155,1,CabinetTemperature,,sint16,M,R,Tmp_SF,C,1
Fixed,156,1,HeatSinkTemperature,,sint16,O,R,Tmp_SF,C,1
Fixed,157,1,TransformerTemperature,,sint16,O,R,Tmp_SF,C,1
Fixed,158,1,OtherTemperature,,sint16,O,R,Tmp_SF,C,1
Fixed,159,1,Tmp_SF,,scalefactor,M,R,,,1
Fixed,160,1,OperatingState,,enum16,M,R,,,1
Fixed,161,1,VendorOperatingState,,enum16,O,R,,,1
Fixed,162,2,Event1,,bitfield32,M,R,,,1
Fixed,164,2,EventBitfield2,,bitfield32,M,R,,,1
Fixed,166,2,VendorEventBitfield1,,bitfield32,O,R,,,1
Fixed,168,2,VendorEventBitfield2,,bitfield32,O,R,,,1
Fixed,170,2,VendorEventBitfield3,,bitfield32,O,R,,,1
Fixed,172,2,VendorEventBitfield4,,bitfield32,O,R,,,1
Header,174,1,"ID ""InverterThreePhase""",103,uint16,M,R,,,1
Header,175,1,Length,50,uint16,M,R,,,1
Fixed,176,1,Amps,,uint16,M,R,A_SF,A,1
Fixed,177,1,AmpsPhaseA,,uint16,M,R,A_SF,A,1
Fixed,178,1,AmpsPhaseB,,uint16,M,R,A_SF,A,1
Fixed,179,1,AmpsPhaseC,,uint16,M,R,A_SF,A,1
Fixed,180,1,A_SF,,scalefactor,M,R,,,1
Fixed,181,1,PhaseVoltageAB,,uint16,O,R,V_SF,V,1
Fixed,182,1,PhaseVoltageBC,,uint16,O,R,V_SF,V,1
Fixed,183,1,PhaseVoltageCA,,uint16,O,R,V_SF,V,1
Fixed,184,1,PhaseVoltageAN,,uint16,M,R,V_SF,V,1
Fixed,185,1,PhaseVoltageBN,,uint16,M,R,V_SF,V,1
Fixed,186,1,PhaseVoltageCN,,uint16,M,R,V_SF,V,1
Fixed,187,1,V_SF,,scalefactor,M,R,,,1
Fixed,188,1,Watts,,sint16,M,R,W_SF,W,1
Fixed,189,1,W_SF,,scalefactor,M,R,,,1
Fixed,190,1,Hz,,uint16,M,R,Hz_SF,Hz,1
Fixed,191,1,Hz_SF,,scalefactor,M,R,,,1
Fixed,192,1,VA,,sint16,O,R,VA_SF,VA,1
Fixed,193,1,VA_SF,,scalefactor,O,R,,,1
Fixed,194,1,VAr,,sint16,O,R,VAr_SF,var,1
Fixed,195,1,VAr_SF,,scalefactor,O,R,,,1
Fixed,196,1,PF,,sint16,O,R,PF_SF,Pct,1
Fixed,197,1,PF_SF,,scalefactor,O,R,,,1
Fixed,198,2,WattHours,,acc32,M,R,WH_SF,Wh,1
Fixed,200,1,WH_SF,,scalefactor,M,R,,,1
Fixed,201,1,DCAmps,,sint16,O,R,DCA_SF,A,1
Fixed,202,1,DCA_SF,,scalefactor,O,R,,,1
Fixed,203,1,DCVoltage,,uint16,O,R,DCV_SF,V,1
Fixed,204,1,DCV_SF,,scalefactor,O,R,,,1
Fixed,205,1,DCWatts,,sint16,O,R,DCW_SF,W,1
Fixed,206,1,DCW_SF,,scalefactor,O,R,,,1
Fixed,207,1,CabinetTemperature,,sint16,M,R,Tmp_SF,C,1
Fixed,208,1,HeatSinkTemperature,,sint16,O,R,Tmp_SF,C,1
Fixed,209,1,TransformerTemperature,,sint16,O,R,Tmp_SF,C,1
Fixed,210,1,OtherTemperature,,sint16,O,R,Tmp_SF,C,1
Fixed,211,1,Tmp_SF,,scalefactor,M,R,,,1
Fixed,212,1,OperatingState,,enum16,M,R,,,1
Fixed,213,1,VendorOperatingState,,enum16,O,R,,,1
Fixed,214,2,Event1,,bitfield32,M,R,,,1
Fixed,216,2,EventBitfield2,,bitfield32,M,R,,,1
Fixed,218,2,VendorEventBitfield1,,bitfield32,O,R,,,1
Fixed,220,2,VendorEventBitfield2,,bitfield32,O,R,,,1
Fixed,222,2,VendorEventBitfield3,,bitfield32,O,R,,,1
Fixed,224,2,VendorEventBitfield4,,bitfield32,O,R,,,1
Header,226,1,"ID ""InverterThreePhase""",103,uint16,M,R,,,1
Header,227,1,Length,50,uint16,M,R,,,1
Fixed,228,1,Amps,,uint16,M,R,A_SF,A,1
Fixed,229,1,AmpsPhaseA,,uint16,M,R,A_SF,A,1
Fixed,230,1,AmpsPhaseB,,uint16,M,R,A_SF,A,1
Fixed,231,1,AmpsPhaseC,,uint16,M,R,A_SF,A,1
Fixed,232,1,A_SF,,scalefactor,M,R,,,1
Fixed,233,1,PhaseVoltageAB,,uint16,O,R,V_SF,V,1
Fixed,234,1,PhaseVoltageBC,,uint16,O,R,V_SF,V,1
Fixed,235,1,PhaseVoltageCA,,uint16,O,R,V_SF,V,1
Fixed,236,1,PhaseVoltageAN,,uint16,M,R,V_SF,V,1
Fixed,237,1,PhaseVoltageBN,,uint16,M,R,V_SF,V,1
Fixed,238,1,PhaseVoltageCN,,uint16,M,R,V_SF,V,1
Fixed,239,1,V_SF,,scalefactor,M,R,,,1
Fixed,240,1,Watts,,sint16,M,R,W_SF,W,1
Fixed,241,1,W_SF,,scalefactor,M,R,,,1
Fixed,242,1,Hz,,uint16,M,R,Hz_SF,Hz,1
Fixed,243,1,Hz_SF,,scalefactor,M,R,,,1
Fixed,244,1,VA,,sint16,O,R,VA_SF,VA,1
Fixed,245,1,VA_SF,,scalefactor,O,R,,,1
Fixed,246,1,VAr,,sint16,O,R,VAr_SF,var,1
Fixed,247,1,VAr_SF,,scalefactor,O,R,,,1
Fixed,248,1,PF,,sint16,O,R,PF_SF,Pct,1
Fixed,249,1,PF_SF,,scalefactor,O,R,,,1
Fixed,250,2,WattHours,,acc32,M,R,WH_SF,Wh,1
Fixed,252,1,WH_SF,,scalefactor,M,R,,,1
Fixed,253,1,DCAmps,,sint16,O,R,DCA_SF,A,1
Fixed,254,1,DCA_SF,,scalefactor,O,R,,,1
Fixed,255,1,DCVoltage,,uint16,O,R,DCV_SF,V,1
Fixed,256,1,DCV_SF,,scalefactor,O,R,,,1
Fixed,257,1,DCWatts,,sint16,O,R,DCW_SF,W,1
Fixed,258,1,DCW_SF,,scalefactor,O,R,,,1
Fixed,259,1,CabinetTemperature,,sint16,M,R,Tmp_SF,C,1
Fixed,260,1,HeatSinkTemperature,,sint16,O,R,Tmp_SF,C,1
Fixed,261,1,TransformerTemperature,,sint16,O,R,Tmp_SF,C,1
Fixed,262,1,OtherTemperature,,sint16,O,R,Tmp_SF,C,1
Fixed,263,1,Tmp_SF,,scalefactor,M,R,,,1
Fixed,264,1,OperatingState,,enum16,M,R,,,1
Fixed,265,1,VendorOperatingState,,enum16,O,R,,,1
Fixed,266,2,Event1,,bitfield32,M,R,,,1
Fixed,268,2,EventBitfield2,,bitfield32,M,R,,,1
Fixed,270,2,VendorEventBitfield1,,bitfield32,O,R,,,1
Fixed,272,2,VendorEventBitfield2,,bitfield32,O,R,,,1
Fixed,274,2,VendorEventBitfield3,,bitfield32,O,R,,,1
Fixed,276,2,VendorEventBitfield4,,bitfield32,O,R,,,1
Header,278,1,"ID ""InverterThreePhase""",103,uint16,M,R,,,1
Header,279,1,Length,50,uint16,M,R,,,1
Fixed,280,1,Amps,,uint16,M,R,A_SF,A,1
Fixed,281,1,AmpsPhaseA,,uint16,M,R,A_SF,A,1
Fixed,282,1,AmpsPhaseB,,uint16,M,R,A_SF,A,1
Fixed,283,1,AmpsPhaseC,,uint16,M,R,A_SF,A,1
Fixed,284,1,A_SF,,scalefactor,M,R,,,1
Fixed,285,1,PhaseVoltageAB,,uint16,O,R,V_SF,V,1
Fixed,286,1,PhaseVoltageBC,,uint16,O,R,V_SF,V,1
Fixed,287,1,PhaseVoltageCA,,uint16,O,R,V_SF,V,1
Fixed,288,1,PhaseVoltageAN,,uint16,M,R,V_SF,V,1
Fixed,289,1,PhaseVoltageBN,,uint16,M,R,V_SF,V,1
Fixed,290,1,PhaseVoltageCN,,uint16,M,R,V_SF,V,1
Fixed,291,1,V_SF,,scalefactor,M,R,,,1
Fixed,292,1,Watts,,sint16,M,R,W_SF,W,1
Fixed,293,1,W_SF,,scalefactor,M,R,,,1
Fixed,294,1,Hz,,uint16,M,R,Hz_SF,Hz,1
Fixed,295,1,Hz_SF,,scalefactor,M,R,,,1
Fixed,296,1,VA,,sint16,O,R,VA_SF,VA,1
Fixed,297,1,VA_SF,,scalefactor,O,R,,,1
Fixed,298,1,VAr,,sint16,O,R,VAr_SF,var,1
Fixed,299,1,VAr_SF,,scalefactor,O,R,,,1
Fixed,300,1,PF,,sint16,O,R,PF_SF,Pct,1
Fixed,301,1,PF_SF,,scalefactor,O,R,,,1
Fixed,302,2,WattHours,,acc32,M,R,WH_SF,Wh,1
Fixed,304,1,WH_SF,,scalefactor,M,R,,,1
Fixed,305,1,DCAmps,,sint16,O,R,DCA_SF,A,1
Fixed,306,1,DCA_SF,,scalefactor,O,R,,,1
Fixed,307,1,DCVoltage,,uint16,O,R,DCV_SF,V,1
Fixed,308,1,DCV_SF,,scalefactor,O,R,,,1
Fixed,309,1,DCWatts,,sint16,O,R,DCW_SF,W,1
Fixed,310,1,DCW_SF,,scalefactor,O,R,,,1
Fixed,311,1,CabinetTemperature,,sint16,M,R,Tmp_SF,C,1
Fixed,312,1,HeatSinkTemperature,,sint16,O,R,Tmp_SF,C,1
Fixed,313,1,TransformerTemperature,,sint16,O,R,Tmp_SF,C,1
Fixed,314,1,OtherTemperature,,sint16,O,R,Tmp_SF,C,1
Fixed,315,1,Tmp_SF,,scalefactor,M,R,,,1
Fixed,316,1,OperatingState,,enum16,M,R,,,1
Fixed,317,1,VendorOperatingState,,enum16,O,R,,,1
Fixed,318,2,Event1,,bitfield32,M,R,,,1
Fixed,320,2,EventBitfield2,,bitfield32,M,R,,,1
Fixed,322,2,VendorEventBitfield1,,bitfield32,O,R,,,1
Fixed,324,2,VendorEventBitfield2,,bitfield32,O,R,,,1
Fixed,326,2,VendorEventBitfield3,,bitfield32,O,R,,,1
Fixed,328,2,VendorEventBitfield4,,bitfield32,O,R,,,1
Header,330,1,"ID ""InverterThreePhase""",103,uint16,M,R,,,1
Header,331,1,Length,50,uint16,M,R,,,1
Fixed,332,1,Amps,,uint16,M,R,A_SF,A,1
Fixed,333,1,AmpsPhaseA,,uint16,M,R,A_SF,A,1
Fixed,334,1,AmpsPhaseB,,uint16,M,R,A_SF,A,1
Fixed,335,1,AmpsPhaseC,,uint16,M,R,A_SF,A,1
Fixed,336,1,A_SF,,scalefactor,M,R,,,1
Fixed,337,1,PhaseVoltageAB,,uint16,O,R,V_SF,V,1
Fixed,338,1,PhaseVoltageBC,,uint16,O,R,V_SF,V,1
Fixed,339,1,PhaseVoltageCA,,uint16,O,R,V_SF,V,1
Fixed,340,1,PhaseVoltageAN,,uint16,M,R,V_SF,V,1
Fixed,341,1,PhaseVoltageBN,,uint16,M,R,V_SF,V,1
Fixed,342,1,PhaseVoltageCN,,uint16,M,R,V_SF,V,1
Fixed,343,1,V_SF,,scalefactor,M,R,,,1
Fixed,344,1,Watts,,sint16,M,R,W_SF,W,1
Fixed,345,1,W_SF,,scalefactor,M,R,,,1
Fixed,346,1,Hz,,uint16,M,R,Hz_SF,Hz,1
Fixed,347,1,Hz_SF,,scalefactor,M,R,,,1
Fixed,348,1,VA,,sint16,O,R,VA_SF,VA,1
Fixed,349,1,VA_SF,,scalefactor,O,R,,,1
Fixed,350,1,VAr,,sint16,O,R,VAr_SF,var,1
Fixed,351,1,VAr_SF,,scalefactor,O,R,,,1
Fixed,352,1,PF,,sint16,O,R,PF_SF,Pct,1
Fixed,353,1,PF_SF,,scalefactor,O,R,,,1
Fixed,354,2,WattHours,,acc32,M,R,WH_SF,Wh,1
Fixed,356,1,WH_SF,,scalefactor,M,R,,,1
Fixed,357,1,DCAmps,,sint16,O,R,DCA_SF,A,1
Fixed,358,1,DCA_SF,,scalefactor,O,R,,,1
Fixed,359,1,DCVoltage,,uint16,O,R,DCV_SF,V,1
Fixed,360,1,DCV_SF,,scalefactor,O,R,,,1
Fixed,361,1,DCWatts,,sint16,O,R,DCW_SF,W,1
Fixed,362,1,DCW_SF,,scalefactor,O,R,,,1
Fixed,363,1,CabinetTemperature,,sint16,M,R,Tmp_SF,C,1
Fixed,364,1,HeatSinkTemperature,,sint16,O,R,Tmp_SF,C,1
Fixed,365,1,TransformerTemperature,,sint16,O,R,Tmp_SF,C,1
Fixed,366,1,OtherTemperature,,sint16,O,R,Tmp_SF,C,1
Fixed,367,1,Tmp_SF,,scalefactor,M,R,,,1
Fixed,368,1,OperatingState,,enum16,M,R,,,1
Fixed,369,1,VendorOperatingState,,enum16,O,R,,,1
Fixed,370,2,Event1,,bitfield32,M,R,,,1
Fixed,372,2,EventBitfield2,,bitfield32,M,R,,,1
Fixed,374,2,VendorEventBitfield1,,bitfield32,O,R,,,1
Fixed,376,2,VendorEventBitfield2,,bitfield32,O,R,,,1
Fixed,378,2,VendorEventBitfield3,,bitfield32,O,R,,,1
Fixed,380,2,VendorEventBitfield4,,bitfield32,O,R,,,1
Header,382,1,"ID ""InverterThreePhase""",103,uint16,M,R,,,1
Header,383,1,Length,50,uint16,M,R,,,1
Fixed,384,1,Amps,,uint16,M,R,A_SF,A,1
Fixed,385,1,AmpsPhaseA,,uint16,M,R,A_SF,A,1
Fixed,386,1,AmpsPhaseB,,uint16,M,R,A_SF,A,1
Fixed,387,1,AmpsPhaseC,,uint16,M,R,A_SF,A,1
Fixed,388,1,A_SF,,scalefactor,M,R,,,1
Fixed,389,1,PhaseVoltageAB,,uint16,O,R,V_SF,V,1
Fixed,390,1,PhaseVoltageBC,,uint16,O,R,V_SF,V,1
Fixed,391,1,PhaseVoltageCA,,uint16,O,R,V_SF,V,1
Fixed,392,1,PhaseVoltageAN,,uint16,M,R,V_SF,V,1
Fixed,393,1,PhaseVoltageBN,,uint16,M,R,V_SF,V,1
Fixed,394,1,PhaseVoltageCN,,uint16,M,R,V_SF,V,1
Fixed,395,1,V_SF,,scalefactor,M,R,,,1
Fixed,396,1,Watts,,sint16,M,R,W_SF,W,1
Fixed,397,1,W_SF,,scalefactor,M,R,,,1
Fixed,398,1,Hz,,uint16,M,R,Hz_SF,Hz,1
Fixed,399,1,Hz_SF,,scalefactor,M,R,,,1
Fixed,400,1,VA,,sint16,O,R,VA_SF,VA,1
Fixed,401,1,VA_SF,,scalefactor,O,R,,,1
Fixed,402,1,VAr,,sint16,O,R,VAr_SF,var,1
Fixed,403,1,VAr_SF,,scalefactor,O,R,,,1
Fixed,404,1,PF,,sint16,O,R,PF_SF,Pct,1
Fixed,405,1,PF_SF,,scalefactor,O,R,,,1
Fixed,406,2,WattHours,,acc32,M,R,WH_SF,Wh,1
Fixed,408,1,WH_SF,,scalefactor,M,R,,,1
Fixed,409,1,DCAmps,,sint16,O,R,DCA_SF,A,1
Fixed,410,1,DCA_SF,,scalefactor,O,R,,,1
Fixed,411,1,DCVoltage,,uint16,O,R,DCV_SF,V,1
Fixed,412,1,DCV_SF,,scalefactor,O,R,,,1
Fixed,413,1,DCWatts,,sint16,O,R,DCW_SF,W,1
Fixed,414,1,DCW_SF,,scalefactor,O,R,,,1
Fixed,415,1,CabinetTemperature,,sint16,M,R,Tmp_SF,C,1
Fixed,416,1,HeatSinkTemperature,,sint16,O,R,Tmp_SF,C,1
Fixed,417,1,TransformerTemperature,,sint16,O,R,Tmp_SF,C,1
Fixed,418,1,OtherTemperature,,sint16,O,R,Tmp_SF,C,1
Fixed,419,1,Tmp_SF,,scalefactor,M,R,,,1
Fixed,420,1,OperatingState,,enum16,M,R,,,1
Fixed,421,1,VendorOperatingState,,enum16,O,R,,,1
Fixed,422,2,Event1,,bitfield32,M,R,,,1
Fixed,424,2,EventBitfield2,,bitfield32,M,R,,,1
Fixed,426,2,VendorEventBitfield1,,bitfield32,O,R,,,1
Fixed,428,2,VendorEventBitfield2,,bitfield32,O,R,,,1
Fixed,430,2,VendorEventBitfield3,,bitfield32,O,R,,,1
Fixed,432,2,VendorEventBitfield4,,bitfield32,O,R,,,1
Header,434,1,"ID ""InverterThreePhase""",103,uint16,M,R,,,1
Header,435,1,Length,50,uint16,M,R,,,1
Fixed,436,1,Amps,,uint16,M,R,A_SF,A,1
Fixed,437,1,AmpsPhaseA,,uint16,M,R,A_SF,A,1
Fixed,438,1,AmpsPhaseB,,uint16,M,R,A_SF,A,1
Fixed,439,1,AmpsPhaseC,,uint16,M,R,A_SF,A,1
Fixed,440,1,A_SF,,scalefactor,M,R,,,1
Fixed,441,1,PhaseVoltageAB,,uint16,O,R,V_SF,V,1
Fixed,442,1,PhaseVoltageBC,,uint16,O,R,V_SF,V,1
Fixed,443,1,PhaseVoltageCA,,uint16,O,R,V_SF,V,1
Fixed,444,1,PhaseVoltageAN,,uint16,M,R,V_SF,V,1
Fixed,445,1,PhaseVoltageBN,,uint16,M,R,V_SF,V,1
Fixed,446,1,PhaseVoltageCN,,uint16,M,R,V_SF,V,1
Fixed,447,1,V_SF,,scalefactor,M,R,,,1
Fixed,448,1,Watts,,sint16,M,R,W_SF,W,1
Fixed,449,1,W_SF,,scalefactor,M,R,,,1
Fixed,450,1,Hz,,uint16,M,R,Hz_SF,Hz,1
Fixed,451,1,Hz_SF,,scalefactor,M,R,,,1
Fixed,452,1,VA,,sint16,O,R,VA_SF,VA,1
Fixed,453,1,VA_SF,,scalefactor,O,R,,,1
Fixed,454,1,VAr,,sint16,O,R,VAr_SF,var,1
Fixed,455,1,VAr_SF,,scalefactor,O,R,,,1
Fixed,456,1,PF,,sint16,O,R,PF_SF,Pct,1
Fixed,457,1,PF_SF,,scalefactor,O,R,,,1
Fixed,458,2,WattHours,,acc32,M,R,WH_SF,Wh,1
Fixed,460,1,WH_SF,,scalefactor,M,R,,,1
Fixed,461,1,DCAmps,,sint16,O,R,DCA_SF,A,1
Fixed,462,1,DCA_SF,,scalefactor,O,R,,,1
Fixed,463,1,DCVoltage,,uint16,O,R,DCV_SF,V,1
Fixed,464,1,DCV_SF,,scalefactor,O,R,,,1
Fixed,465,1,DCWatts,,sint16,O,R,DCW_SF,W,1
Fixed,466,1,DCW_SF,,scalefactor,O,R,,,1
Fixed,467,1,CabinetTemperature,,sint16,M,R,Tmp_SF,C,1
Fixed,468,1,HeatSinkTemperature,,sint16,O,R,Tmp_SF,C,1
Fixed,469,1,TransformerTemperature,,sint16,O,R,Tmp_SF,C,1
Fixed,470,1,OtherTemperature,,sint16,O,R,Tmp_SF,C,1
Fixed,471,1,Tmp_SF,,scalefactor,M,R,,,1
Fixed,472,1,OperatingState,,enum16,M,R,,,1
Fixed,473,1,VendorOperatingState,,enum16,O,R,,,1
Fixed,474,2,Event1,,bitfield32,M,R,,,1
Fixed,476,2,EventBitfield2,,bitfield32,M,R,,,1
Fixed,478,2,VendorEventBitfield1,,bitfield32,O,R,,,1
Fixed,480,2,VendorEventBitfield2,,bitfield32,O,R,,,1
Fixed,482,2,VendorEventBitfield3,,bitfield32,O,R,,,1
Fixed,484,2,VendorEventBitfield4,,bitfield32,O,R,,,1
Header,486,1,"ID ""Nameplate""",120,uint16,M,R,,,1
Header,487,1,Length,26,uint16,M,R,,,1
Fixed,488,1,DERTyp,,enum16,M,R,,,1
Fixed,489,1,WRtg,,uint16,M,R,WRtg_SF,W,1
Fixed,490,1,WRtg_SF,,scalefactor,M,R,,,1
Fixed,491,1,VARtg,,uint16,M,R,VARtg_SF,VA,1
Fixed,492,1,VARtg_SF,,scalefactor,M,R,,,1
Fixed,493,1,VArRtgQ1,,sint16,M,R,VArRtg_SF,var,1
Fixed,494,1,VArRtgQ2,,sint16,M,R,VArRtg_SF,var,1
Fixed,495,1,VArRtgQ3,,sint16,M,R,VArRtg_SF,var,1
Fixed,496,1,VArRtgQ4,,sint16,M,R,VArRtg_SF,var,1
Fixed,497,1,VArRtg_SF,,scalefactor,M,R,,,1
Fixed,498,1,ARtg,,uint16,M,R,ARtg_SF,A,1
Fixed,499,1,ARtg_SF,,scalefactor,M,R,,,1
Fixed,500,1,PFRtgQ1,,sint16,M,R,PFRtg_SF,cos(),1
Fixed,501,1,PFRtgQ2,,sint16,M,R,PFRtg_SF,cos(),1
Fixed,502,1,PFRtgQ3,,sint16,M,R,PFRtg_SF,cos(),1
Fixed,503,1,PFRtgQ4,,sint16,M,R,PFRtg_SF,cos(),1
Fixed,504,1,PFRtg_SF,,scalefactor,M,R,,,1
Fixed,505,1,WHRtg,,uint16,O,R,WHRtg_SF,Wh,1
Fixed,506,1,WHRtg_SF,,scalefactor,O,R,,,1
Fixed,507,1,AhrRtg,,uint16,O,R,AhrRtg_SF,AH,1
Fixed,508,1,AhrRtg_SF,,scalefactor,O,R,,,1
Fixed,509,1,MaxChaRte,,uint16,O,R,MaxChaRte_SF,W,1
Fixed,510,1,MaxChaRte_SF,,scalefactor,O,R,,,1
Fixed,511,1,MaxDisChaRte,,uint16,O,R,MaxDisChaRte_SF,W,1
Fixed,512,1,MaxDisChaRte_SF,,scalefactor,O,R,,,1
Fixed,513,1,Pad,,pad,O,R,,,1
Header,514,1,"ID ""ImmediateControls""",123,uint16,M,R,,,1
Header,515,1,Length,24,uint16,M,R,,,1
Fixed,516,1,Conn_WinTms,,uint16,O,RW,,Secs,1
Fixed,517,1,Conn_RvrtTms,,uint16,O,RW,,Secs,1
Fixed,518,1,Conn,,enum16,M,RW,,,1
Fixed,519,1,WMaxLimPct,,sint16,M,RW,WMaxLimPct_SF,% WMax,1
Fixed,520,1,WMaxLimPct_WinTms,,uint16,O,RW,,Secs,1
Fixed,521,1,WMaxLimPct_RvrtTms,,uint16,O,RW,,Secs,1
Fixed,522,1,WMaxLimPct_RmpTms,,uint16,O,RW,,Secs,1
Fixed,523,1,WMaxLim_Ena,,enum16,M,RW,,,1
Fixed,524,1,OutPFSet,,sint16,M,RW,OutPFSet_SF,cos(),1
Fixed,525,1,OutPFSet_WinTms,,uint16,O,RW,,Secs,1
Fixed,526,1,OutPFSet_RvrtTms,,uint16,O,RW,,Secs,1
Fixed,527,1,OutPFSet_RmpTms,,uint16,O,RW,,Secs,1
Fixed,528,1,OutPFSet_Ena,,enum16,M,RW,,,1
Fixed,529,1,VArWMaxPct,,sint16,O,RW,VArPct_SF,% WMax,1
Fixed,530,1,VArMaxPct,,sint16,O,RW,VArPct_SF,% VArMax,1
Fixed,531,1,VArAvalPct,,sint16,O,RW,VArPct_SF,% VArAval,1
Fixed,532,1,VArPct_WinTms,,uint16,O,RW,,Secs,1
Fixed,533,1,VArPct_RvrtTms,,uint16,O,RW,,Secs,1
Fixed,534,1,VArPct_RmpTms,,uint16,O,RW,,Secs,1
Fixed,535,1,VArPct_Mod,,enum16,O,RW,,,1
Fixed,536,1,VArPct_Ena,,enum16,M,RW,,,1
Fixed,537,1,WMaxLimPct_SF,,scalefactor,M,R,,,1
Fixed,538,1,OutPFSet_SF,,scalefactor,M,R,,,1
Fixed,539,1,VArPct_SF,,scalefactor,O,R,,,1
Header,540,1,"ID ""WyeConnectThreePhaseabcnMeter""",203,uint16,M,R,,,1
Header,541,1,Length,105,uint16,M,R,,,1
Fixed,542,1,Amps,,sint16,M,R,A_SF,A,1
Fixed,543,1,AmpsPhaseA,,sint16,M,R,A_SF,A,1
Fixed,544,1,AmpsPhaseB,,sint16,M,R,A_SF,A,1
Fixed,545,1,AmpsPhaseC,,sint16,M,R,A_SF,A,1
Fixed,546,1,A_SF,,scalefactor,M,R,,,1
Fixed,547,1,VoltageLN,,sint16,M,R,V_SF,V,1
Fixed,548,1,PhaseVoltageAN,,sint16,M,R,V_SF,V,1
Fixed,549,1,PhaseVoltageBN,,sint16,M,R,V_SF,V,1
Fixed,550,1,PhaseVoltageCN,,sint16,M,R,V_SF,V,1
Fixed,551,1,VoltageLL,,sint16,M,R,V_SF,V,1
Fixed,552,1,PhVphAB,,sint16,M,R,V_SF,V,1
Fixed,553,1,PhVphBC,,sint16,M,R,V_SF,V,1
Fixed,554,1,PhVphCA,,sint16,M,R,V_SF,V,1
Fixed,555,1,V_SF,,scalefactor,M,R,,,1
Fixed,556,1,Hz,,sint16,M,R,Hz_SF,Hz,1
Fixed,557,1,Hz_SF,,scalefactor,O,R,,,1
Fixed,558,1,Watts,,sint16,M,R,W_SF,W,1
Fixed,559,1,WattsphaseA,,sint16,O,R,W_SF,W,1
Fixed,560,1,WattsphaseB,,sint16,O,R,W_SF,W,1
Fixed,561,1,WattsphaseC,,sint16,O,R,W_SF,W,1
Fixed,562,1,W_SF,,scalefactor,M,R,,,1
Fixed,563,1,VA,,sint16,O,R,VA_SF,VA,1
Fixed,564,1,VAphaseA,,sint16,O,R,VA_SF,VA,1
Fixed,565,1,VAphaseB,,sint16,O,R,VA_SF,VA,1
Fixed,566,1,VAphaseC,,sint16,O,R,VA_SF,VA,1
Fixed,567,1,VA_SF,,scalefactor,O,R,,,1
Fixed,568,1,VAR,,sint16,O,R,VAR_SF,var,1
Fixed,569,1,VARphaseA,,sint16,O,R,VAR_SF,var,1
Fixed,570,1,VARphaseB,,sint16,O,R,VAR_SF,var,1
Fixed,571,1,VARphaseC,,sint16,O,R,VAR_SF,var,1
Fixed,572,1,VAR_SF,,scalefactor,O,R,,,1
Fixed,573,1,PF,,sint16,O,R,PF_SF,Pct,1
Fixed,574,1,PFphaseA,,sint16,O,R,PF_SF,Pct,1
Fixed,575,1,PFphaseB,,sint16,O,R,PF_SF,Pct,1
Fixed,576,1,PFphaseC,,sint16,O,R,PF_SF,Pct,1
Fixed,577,1,PF_SF,,scalefactor,O,R,,,1
Fixed,578,2,TotalWatthoursExported,,acc32,M,R,TotWh_SF,Wh,1
Fixed,580,2,TotalWatthoursExportedphaseA,,acc32,O,R,TotWh_SF,Wh,1
Fixed,582,2,TotalWatthoursExportedphaseB,,acc32,O,R,TotWh_SF,Wh,1
Fixed,584,2,TotalWatthoursExportedphaseC,,acc32,O,R,TotWh_SF,Wh,1
Fixed,586,2,TotalWatthoursImported,,acc32,M,R,TotWh_SF,Wh,1
Fixed,588,2,TotalWatthoursImportedphaseA,,acc32,O,R,TotWh_SF,Wh,1
Fixed,590,2,TotalWatthoursImportedphaseB,,acc32,O,R,TotWh_SF,Wh,1
Fixed,592,2,TotalWatthoursImportedphaseC,,acc32,O,R,TotWh_SF,Wh,1
Fixed,594,1,TotWh_SF,,scalefactor,M,R,,,1
Fixed,595,2,TotalVAhoursExported,,acc32,O,R,TotVAh_SF,VAh,1
Fixed,597,2,TotalVAhoursExportedphaseA,,acc32,O,R,TotVAh_SF,VAh,1
Fixed,599,2,TotalVAhoursExportedphaseB,,acc32,O,R,TotVAh_SF,VAh,1
Fixed,601,2,TotalVAhoursExportedphaseC,,acc32,O,R,TotVAh_SF,VAh,1
Fixed,603,2,TotalVAhoursImported,,acc32,O,R,TotVAh_SF,VAh,1
Fixed,605,2,TotalVAhoursImportedphaseA,,acc32,O,R,TotVAh_SF,VAh,1
Fixed,607,2,TotalVAhoursImportedphaseB,,acc32,O,R,TotVAh_SF,VAh,1
Fixed,609,2,TotalVAhoursImportedphaseC,,acc32,O,R,TotVAh_SF,VAh,1
Fixed,611,1,TotVAh_SF,,scalefactor,O,R,,,1
Fixed,612,2,TotalVARhoursImportedQ1,,acc32,O,R,TotVArh_SF,varh,1
Fixed,614,2,TotalVArhoursImportedQ1phaseA,,acc32,O,R,TotVArh_SF,varh,1
Fixed,616,2,TotalVArhoursImportedQ1phaseB,,acc32,O,R,TotVArh_SF,varh,1
Fixed,618,2,TotalVArhourseImportedQ1phaseC,,acc32,O,R,TotVArh_SF,varh,1
Fixed,620,2,TotalVArhoursImportedQ2,,acc32,O,R,TotVArh_SF,varh,1
Fixed,622,2,TotalVArhoursImportedQ2phaseA,,acc32,O,R,TotVArh_SF,varh,1
Fixed,624,2,TotalVArhoursImportedQ2phaseB,,acc32,O,R,TotVArh_SF,varh,1
Fixed,626,2,TotalVArhoursImportedQ2phaseC,,acc32,O,R,TotVArh_SF,varh,1
Fixed,628,2,TotalVArhoursExportedQ3,,acc32,O,R,TotVArh_SF,varh,1
Fixed,630,2,TotalVArhoursExportedQ3phaseA,,acc32,O,R,TotVArh_SF,varh,1
Fixed,632,2,TotalVArhoursExportedQ3phaseB,,acc32,O,R,TotVArh_SF,varh,1
Fixed,634,2,TotalVArhoursExportedQ3phaseC,,acc32,O,R,TotVArh_SF,varh,1
Fixed,636,2,TotalVArhoursExportedQ4,,acc32,O,R,TotVArh_SF,varh,1
Fixed,638,2,TotalVArhoursExportedQ4ImportedphaseA,,acc32,O,R,TotVArh_SF,varh,1
Fixed,640,2,TotVArhExpQ4PhB,,acc32,O,R,TotVArh_SF,varh,1
Fixed,642,2,TotalVArhoursExportedQ4ImportedphaseC,,acc32,O,R,TotVArh_SF,varh,1
Fixed,644,1,TotVArh_SF,,scalefactor,O,R,,,1
Fixed,645,2,Events,,bitfield32,M,R,,,1
Header,647,1,"ID ""WyeConnectThreePhaseabcnMeter""",203,uint16,M,R,,,1
Header,648,1,Length,105,uint16,M,R,,,1
Fixed,649,1,Amps,,sint16,M,R,A_SF,A,1
Fixed,650,1,AmpsPhaseA,,sint16,M,R,A_SF,A,1
Fixed,651,1,AmpsPhaseB,,sint16,M,R,A_SF,A,1
Fixed,652,1,AmpsPhaseC,,sint16,M,R,A_SF,A,1
Fixed,653,1,A_SF,,scalefactor,M,R,,,1
Fixed,654,1,VoltageLN,,sint16,M,R,V_SF,V,1
Fixed,655,1,PhaseVoltageAN,,sint16,M,R,V_SF,V,1
Fixed,656,1,PhaseVoltageBN,,sint16,M,R,V_SF,V,1
Fixed,657,1,PhaseVoltageCN,,sint16,M,R,V_SF,V,1
Fixed,658,1,VoltageLL,,sint16,M,R,V_SF,V,1
Fixed,659,1,PhVphAB,,sint16,M,R,V_SF,V,1
Fixed,660,1,PhVphBC,,sint16,M,R,V_SF,V,1
Fixed,661,1,PhVphCA,,sint16,M,R,V_SF,V,1
Fixed,662,1,V_SF,,scalefactor,M,R,,,1
Fixed,663,1,Hz,,sint16,M,R,Hz_SF,Hz,1
Fixed,664,1,Hz_SF,,scalefactor,O,R,,,1
Fixed,665,1,Watts,,sint16,M,R,W_SF,W,1
Fixed,666,1,WattsphaseA,,sint16,O,R,W_SF,W,1
Fixed,667,1,WattsphaseB,,sint16,O,R,W_SF,W,1
Fixed,668,1,WattsphaseC,,sint16,O,R,W_SF,W,1
Fixed,669,1,W_SF,,scalefactor,M,R,,,1
Fixed,670,1,VA,,sint16,O,R,VA_SF,VA,1
Fixed,671,1,VAphaseA,,sint16,O,R,VA_SF,VA,1
Fixed,672,1,VAphaseB,,sint16,O,R,VA_SF,VA,1
Fixed,673,1,VAphaseC,,sint16,O,R,VA_SF,VA,1
Fixed,674,1,VA_SF,,scalefactor,O,R,,,1
Fixed,675,1,VAR,,sint16,O,R,VAR_SF,var,1
Fixed,676,1,VARphaseA,,sint16,O,R,VAR_SF,var,1
Fixed,677,1,VARphaseB,,sint16,O,R,VAR_SF,var,1
Fixed,678,1,VARphaseC,,sint16,O,R,VAR_SF,var,1
Fixed,679,1,VAR_SF,,scalefactor,O,R,,,1
Fixed,680,1,PF,,sint16,O,R,PF_SF,Pct,1
Fixed,681,1,PFphaseA,,sint16,O,R,PF_SF,Pct,1
Fixed,682,1,PFphaseB,,sint16,O,R,PF_SF,Pct,1
Fixed,683,1,PFphaseC,,sint16,O,R,PF_SF,Pct,1
Fixed,684,1,PF_SF,,scalefactor,O,R,,,1
Fixed,685,2,TotalWatthoursExported,,acc32,M,R,TotWh_SF,Wh,1
Fixed,687,2,TotalWatthoursExportedphaseA,,acc32,O,R,TotWh_SF,Wh,1
Fixed,689,2,TotalWatthoursExportedphaseB,,acc32,O,R,TotWh_SF,Wh,1
Fixed,691,2,TotalWatthoursExportedphaseC,,acc32,O,R,TotWh_SF,Wh,1
Fixed,693,2,TotalWatthoursImported,,acc32,M,R,TotWh_SF,Wh,1
Fixed,695,2,TotalWatthoursImportedphaseA,,acc32,O,R,TotWh_SF,Wh,1
Fixed,697,2,TotalWatthoursImportedphaseB,,acc32,O,R,TotWh_SF,Wh,1
Fixed,699,2,TotalWatthoursImportedphaseC,,acc32,O,R,TotWh_SF,Wh,1
Fixed,701,1,TotWh_SF,,scalefactor,M,R,,,1
Fixed,702,2,TotalVAhoursExported,,acc32,O,R,TotVAh_SF,VAh,1
Fixed,704,2,TotalVAhoursExportedphaseA,,acc32,O,R,TotVAh_SF,VAh,1
Fixed,706,2,TotalVAhoursExportedphaseB,,acc32,O,R,TotVAh_SF,VAh,1
Fixed,708,2,TotalVAhoursExportedphaseC,,acc32,O,R,TotVAh_SF,VAh,1
Fixed,710,2,TotalVAhoursImported,,acc32,O,R,TotVAh_SF,VAh,1
Fixed,712,2,TotalVAhoursImportedphaseA,,acc32,O,R,TotVAh_SF,VAh,1
Fixed,714,2,TotalVAhoursImportedphaseB,,acc32,O,R,TotVAh_SF,VAh,1
Fixed,716,2,TotalVAhoursImportedphaseC,,acc32,O,R,TotVAh_SF,VAh,1
Fixed,718,1,TotVAh_SF,,scalefactor,O,R,,,1
Fixed,719,2,TotalVARhoursImportedQ1,,acc32,O,R,TotVArh_SF,varh,1
Fixed,721,2,TotalVArhoursImportedQ1phaseA,,acc32,O,R,TotVArh_SF,varh,1
Fixed,723,2,TotalVArhoursImportedQ1phaseB,,acc32,O,R,TotVArh_SF,varh,1
Fixed,725,2,TotalVArhourseImportedQ1phaseC,,acc32,O,R,TotVArh_SF,varh,1
Fixed,727,2,TotalVArhoursImportedQ2,,acc32,O,R,TotVArh_SF,varh,1
Fixed,729,2,TotalVArhoursImportedQ2phaseA,,acc32,O,R,TotVArh_SF,varh,1
Fixed,731,2,TotalVArhoursImportedQ2phaseB,,acc32,O,R,TotVArh_SF,varh,1
Fixed,733,2,TotalVArhoursImportedQ2phaseC,,acc32,O,R,TotVArh_SF,varh,1
Fixed,735,2,TotalVArhoursExportedQ3,,acc32,O,R,TotVArh_SF,varh,1
Fixed,737,2,TotalVArhoursExportedQ3phaseA,,acc32,O,R,TotVArh_SF,varh,1
Fixed,739,2,TotalVArhoursExportedQ3phaseB,,acc32,O,R,TotVArh_SF,varh,1
Fixed,741,2,TotalVArhoursExportedQ3phaseC,,acc32,O,R,TotVArh_SF,varh,1
Fixed,743,2,TotalVArhoursExportedQ4,,acc32,O,R,TotVArh_SF,varh,1
Fixed,745,2,TotalVArhoursExportedQ4ImportedphaseA,,acc32,O,R,TotVArh_SF,varh,1
Fixed,747,2,TotVArhExpQ4PhB,,acc32,O,R,TotVArh_SF,varh,1
Fixed,749,2,TotalVArhoursExportedQ4ImportedphaseC,,acc32,O,R,TotVArh_SF,varh,1
Fixed,751,1,TotVArh_SF,,scalefactor,O,R,,,1
Fixed,752,2,Events,,bitfield32,M,R,,,1
Header,754,1,"ID ""BatteryBaseModel""",802,uint16,M,R,,,1
Header,755,1,Length,62,uint16,M,R,,,1
Fixed,756,1,NameplateChargeCapacity,,uint16,M,R,AHRtg_SF,Ah,1
Fixed,757,1,NameplateEnergyCapacity,,uint16,M,R,WHRtg_SF,Wh,1
Fixed,758,1,NameplateMaxChargeRate,,uint16,M,R,WChaDisChaMax_SF,W,1
Fixed,759,1,NameplateMaxDischargeRate,,uint16,M,R,WChaDisChaMax_SF,W,1
Fixed,760,1,SelfDischargeRate,,uint16,O,R,DisChaRte_SF,%WHRtg,1
Fixed,761,1,NameplateMaxSoC,,uint16,O,R,SoC_SF,%WHRtg,1
Fixed,762,1,NameplateMinSoC,,uint16,O,R,SoC_SF,%WHRtg,1
Fixed,763,1,MaxReservePercent,,uint16,O,RW,SoC_SF,%WHRtg,1
Fixed,764,1,MinReservePercent,,uint16,O,RW,SoC_SF,%WHRtg,1
Fixed,765,1,StateofCharge,,uint16,M,R,SoC_SF,%WHRtg,1
Fixed,766,1,DepthofDischarge,,uint16,O,R,DoD_SF,%,1
Fixed,767,1,StateofHealth,,uint16,O,R,SoH_SF,%,1
Fixed,768,2,CycleCount,,uint32,O,R,,,1
Fixed,770,1,ChargeStatus,,enum16,O,R,,,1
Fixed,771,1,ControlMode,,enum16,M,R,,,1
Fixed,772,1,BatteryHeartbeat,,uint16,O,R,,,1
Fixed,773,1,ControllerHeartbeat,,uint16,O,RW,,,1
Fixed,774,1,AlarmReset,,uint16,M,RW,,,1
Fixed,775,1,BatteryType,,enum16,M,R,,,1
Fixed,776,1,StateoftheBatteryBank,,enum16,M,R,,,1
Fixed,777,1,VendorBatteryBankState,,enum16,O,R,,,1
Fixed,778,2,WarrantyDate,,uint32,O,R,,,1
Fixed,780,2,BatteryEvent1Bitfield,,bitfield32,M,R,,,1
Fixed,782,2,BatteryEvent2Bitfield,,bitfield32,M,R,,,1
Fixed,784,2,VendorEventBitfield1,,bitfield32,M,R,,,1
Fixed,786,2,VendorEventBitfield2,,bitfield32,M,R,,,1
Fixed,788,1,ExternalBatteryVoltage,,uint16,M,R,V_SF,V,1
Fixed,789,1,MaxBatteryVoltage,,uint16,O,R,V_SF,V,1
Fixed,790,1,MinBatteryVoltage,,uint16,O,R,V_SF,V,1
Fixed,791,1,MaxCellVoltage,,uint16,O,R,CellV_SF,V,1
Fixed,792,1,MaxCellVoltageString,,uint16,O,R,,,1
Fixed,793,1,MaxCellVoltageModule,,uint16,O,R,,,1
Fixed,794,1,MinCellVoltage,,uint16,O,R,CellV_SF,V,1
Fixed,795,1,MinCellVoltageString,,uint16,O,R,,,1
Fixed,796,1,MinCellVoltageModule,,uint16,O,R,,,1
Fixed,797,1,AverageCellVoltage,,uint16,O,R,CellV_SF,V,1
Fixed,798,1,TotalDCCurrent,,sint16,M,R,A_SF,A,1
Fixed,799,1,MaxChargeCurrent,,uint16,O,R,AMax_SF,A,1
Fixed,800,1,MaxDischargeCurrent,,uint16,O,R,AMax_SF,A,1
Fixed,801,1,TotalPower,,sint16,M,R,W_SF,W,1
Fixed,802,1,InverterStateRequest,,enum16,O,R,,,1
Fixed,803,1,BatteryPowerRequest,,sint16,O,R,W_SF,W,1
Fixed,804,1,SetOperation,,enum16,M,RW,,,1
Fixed,805,1,SetInverterState,,enum16,M,RW,,,1
Fixed,806,1,AHRtg_SF,,scalefactor,M,R,,,1
Fixed,807,1,WHRtg_SF,,scalefactor,M,R,,,1
Fixed,808,1,WChaDisChaMax_SF,,scalefactor,M,R,,,1
Fixed,809,1,DisChaRte_SF,,scalefactor,O,R,,,1
Fixed,810,1,SoC_SF,,scalefactor,M,R,,,1
Fixed,811,1,DoD_SF,,scalefactor,O,R,,,1
Fixed,812,1,SoH_SF,,scalefactor,O,R,,,1
Fixed,813,1,V_SF,,scalefactor,M,R,,,1
Fixed,814,1,CellV_SF,,scalefactor,M,R,,,1
Fixed,815,1,A_SF,,scalefactor,M,R,,,1
Fixed,816,1,AMax_SF,,scalefactor,M,R,,,1
Fixed,817,1,W_SF,,scalefactor,O,R,,,1
Header,818,1,"ID ""BatteryBaseModel""",802,uint16,M,R,,,1
Header,819,1,Length,62,uint16,M,R,,,1
Fixed,820,1,NameplateChargeCapacity,,uint16,M,R,AHRtg_SF,Ah,1
Fixed,821,1,NameplateEnergyCapacity,,uint16,M,R,WHRtg_SF,Wh,1
Fixed,822,1,NameplateMaxChargeRate,,uint16,M,R,WChaDisChaMax_SF,W,1
Fixed,823,1,NameplateMaxDischargeRate,,uint16,M,R,WChaDisChaMax_SF,W,1
Fixed,824,1,SelfDischargeRate,,uint16,O,R,DisChaRte_SF,%WHRtg,1
Fixed,825,1,NameplateMaxSoC,,uint16,O,R,SoC_SF,%WHRtg,1
Fixed,826,1,NameplateMinSoC,,uint16,O,R,SoC_SF,%WHRtg,1
Fixed,827,1,MaxReservePercent,,uint16,O,RW,SoC_SF,%WHRtg,1
Fixed,828,1,MinReservePercent,,uint16,O,RW,SoC_SF,%WHRtg,1
Fixed,829,1,StateofCharge,,uint16,M,R,SoC_SF,%WHRtg,1
Fixed,830,1,DepthofDischarge,,uint16,O,R,DoD_SF,%,1
Fixed,831,1,StateofHealth,,uint16,O,R,SoH_SF,%,1
Fixed,832,2,CycleCount,,uint32,O,R,,,1
Fixed,834,1,ChargeStatus,,enum16,O,R,,,1
Fixed,835,1,ControlMode,,enum16,M,R,,,1
Fixed,836,1,BatteryHeartbeat,,uint16,O,R,,,1
Fixed,837,1,ControllerHeartbeat,,uint16,O,RW,,,1
Fixed,838,1,AlarmReset,,uint16,M,RW,,,1
Fixed,839,1,BatteryType,,enum16,M,R,,,1
Fixed,840,1,StateoftheBatteryBank,,enum16,M,R,,,1
Fixed,841,1,VendorBatteryBankState,,enum16,O,R,,,1
Fixed,842,2,WarrantyDate,,uint32,O,R,,,1
Fixed,844,2,BatteryEvent1Bitfield,,bitfield32,M,R,,,1
Fixed,846,2,BatteryEvent2Bitfield,,bitfield32,M,R,,,1
Fixed,848,2,VendorEventBitfield1,,bitfield32,M,R,,,1
Fixed,850,2,VendorEventBitfield2,,bitfield32,M,R,,,1
Fixed,852,1,ExternalBatteryVoltage,,uint16,M,R,V_SF,V,1
Fixed,853,1,MaxBatteryVoltage,,uint16,O,R,V_SF,V,1
Fixed,854,1,MinBatteryVoltage,,uint16,O,R,V_SF,V,1
Fixed,855,1,MaxCellVoltage,,uint16,O,R,CellV_SF,V,1
Fixed,856,1,MaxCellVoltageString,,uint16,O,R,,,1
Fixed,857,1,MaxCellVoltageModule,,uint16,O,R,,,1
Fixed,858,1,MinCellVoltage,,uint16,O,R,CellV_SF,V,1
Fixed,859,1,MinCellVoltageString,,uint16,O,R,,,1
Fixed,860,1,MinCellVoltageModule,,uint16,O,R,,,1
Fixed,861,1,AverageCellVoltage,,uint16,O,R,CellV_SF,V,1
Fixed,862,1,TotalDCCurrent,,sint16,M,R,A_SF,A,1
Fixed,863,1,MaxChargeCurrent,,uint16,O,R,AMax_SF,A,1
Fixed,864,1,MaxDischargeCurrent,,uint16,O,R,AMax_SF,A,1
Fixed,865,1,TotalPower,,sint16,M,R,W_SF,W,1
Fixed,866,1,InverterStateRequest,,enum16,O,R,,,1
Fixed,867,1,BatteryPowerRequest,,sint16,O,R,W_SF,W,1
Fixed,868,1,SetOperation,,enum16,M,RW,,,1
Fixed,869,1,SetInverterState,,enum16,M,RW,,,1
Fixed,870,1,AHRtg_SF,,scalefactor,M,R,,,1
Fixed,871,1,WHRtg_SF,,scalefactor,M,R,,,1
Fixed,872,1,WChaDisChaMax_SF,,scalefactor,M,R,,,1
Fixed,873,1,DisChaRte_SF,,scalefactor,O,R,,,1
Fixed,874,1,SoC_SF,,scalefactor,M,R,,,1
Fixed,875,1,DoD_SF,,scalefactor,O,R,,,1
Fixed,876,1,SoH_SF,,scalefactor,O,R,,,1
Fixed,877,1,V_SF,,scalefactor,M,R,,,1
Fixed,878,1,CellV_SF,,scalefactor,M,R,,,1
Fixed,879,1,A_SF,,scalefactor,M,R,,,1
Fixed,880,1,AMax_SF,,scalefactor,M,R,,,1
Fixed,881,1,W_SF,,scalefactor,O,R,,,1
Header,882,1,"ID ""BatteryBaseModel""",802,uint16,M,R,,,1
Header,883,1,Length,62,uint16,M,R,,,1
Fixed,884,1,NameplateChargeCapacity,,uint16,M,R,AHRtg_SF,Ah,1
Fixed,885,1,NameplateEnergyCapacity,,uint16,M,R,WHRtg_SF,Wh,1
Fixed,886,1,NameplateMaxChargeRate,,uint16,M,R,WChaDisChaMax_SF,W,1
Fixed,887,1,NameplateMaxDischargeRate,,uint16,M,R,WChaDisChaMax_SF,W,1
Fixed,888,1,SelfDischargeRate,,uint16,O,R,DisChaRte_SF,%WHRtg,1
Fixed,889,1,NameplateMaxSoC,,uint16,O,R,SoC_SF,%WHRtg,1
Fixed,890,1,NameplateMinSoC,,uint16,O,R,SoC_SF,%WHRtg,1
Fixed,891,1,MaxReservePercent,,uint16,O,RW,SoC_SF,%WHRtg,1
Fixed,892,1,MinReservePercent,,uint16,O,RW,SoC_SF,%WHRtg,1
Fixed,893,1,StateofCharge,,uint16,M,R,SoC_SF,%WHRtg,1
Fixed,894,1,DepthofDischarge,,uint16,O,R,DoD_SF,%,1
Fixed,895,1,StateofHealth,,uint16,O,R,SoH_SF,%,1
Fixed,896,2,CycleCount,,uint32,O,R,,,1
Fixed,898,1,ChargeStatus,,enum16,O,R,,,1
Fixed,899,1,ControlMode,,enum16,M,R,,,1
Fixed,900,1,BatteryHeartbeat,,uint16,O,R,,,1
Fixed,901,1,ControllerHeartbeat,,uint16,O,RW,,,1
Fixed,902,1,AlarmReset,,uint16,M,RW,,,1
Fixed,903,1,BatteryType,,enum16,M,R,,,1
Fixed,904,1,StateoftheBatteryBank,,enum16,M,R,,,1
Fixed,905,1,VendorBatteryBankState,,enum16,O,R,,,1
Fixed,906,2,WarrantyDate,,uint32,O,R,,,1
Fixed,908,2,BatteryEvent1Bitfield,,bitfield32,M,R,,,1
Fixed,910,2,BatteryEvent2Bitfield,,bitfield32,M,R,,,1
Fixed,912,2,VendorEventBitfield1,,bitfield32,M,R,,,1
Fixed,914,2,VendorEventBitfield2,,bitfield32,M,R,,,1
Fixed,916,1,ExternalBatteryVoltage,,uint16,M,R,V_SF,V,1
Fixed,917,1,MaxBatteryVoltage,,uint16,O,R,V_SF,V,1
Fixed,918,1,MinBatteryVoltage,,uint16,O,R,V_SF,V,1
Fixed,919,1,MaxCellVoltage,,uint16,O,R,CellV_SF,V,1
Fixed,920,1,MaxCellVoltageString,,uint16,O,R,,,1
Fixed,921,1,MaxCellVoltageModule,,uint16,O,R,,,1
Fixed,922,1,MinCellVoltage,,uint16,O,R,CellV_SF,V,1
Fixed,923,1,MinCellVoltageString,,uint16,O,R,,,1
Fixed,924,1,MinCellVoltageModule,,uint16,O,R,,,1
Fixed,925,1,AverageCellVoltage,,uint16,O,R,CellV_SF,V,1
Fixed,926,1,TotalDCCurrent,,sint16,M,R,A_SF,A,1
Fixed,927,1,MaxChargeCurrent,,uint16,O,R,AMax_SF,A,1
Fixed,928,1,MaxDischargeCurrent,,uint16,O,R,AMax_SF,A,1
Fixed,929,1,TotalPower,,sint16,M,R,W_SF,W,1
Fixed,930,1,InverterStateRequest,,enum16,O,R,,,1
Fixed,931,1,BatteryPowerRequest,,sint16,O,R,W_SF,W,1
Fixed,932,1,SetOperation,,enum16,M,RW,,,1
Fixed,933,1,SetInverterState,,enum16,M,RW,,,1
Fixed,934,1,AHRtg_SF,,scalefactor,M,R,,,1
Fixed,935,1,WHRtg_SF,,scalefactor,M,R,,,1
Fixed,936,1,WChaDisChaMax_SF,,scalefactor,M,R,,,1
Fixed,937,1,DisChaRte_SF,,scalefactor,O,R,,,1
Fixed,938,1,SoC_SF,,scalefactor,M,R,,,1
Fixed,939,1,DoD_SF,,scalefactor,O,R,,,1
Fixed,940,1,SoH_SF,,scalefactor,O,R,,,1
Fixed,941,1,V_SF,,scalefactor,M,R,,,1
Fixed,942,1,CellV_SF,,scalefactor,M,R,,,1
Fixed,943,1,A_SF,,scalefactor,M,R,,,1
Fixed,944,1,AMax_SF,,scalefactor,M,R,,,1
Fixed,945,1,W_SF,,scalefactor,O,R,,,1
Header,946,1,"ID ""BatteryBaseModel""",802,uint16,M,R,,,1
Header,947,1,Length,62,uint16,M,R,,,1
Fixed,948,1,NameplateChargeCapacity,,uint16,M,R,AHRtg_SF,Ah,1
Fixed,949,1,NameplateEnergyCapacity,,uint16,M,R,WHRtg_SF,Wh,1
Fixed,950,1,NameplateMaxChargeRate,,uint16,M,R,WChaDisChaMax_SF,W,1
Fixed,951,1,NameplateMaxDischargeRate,,uint16,M,R,WChaDisChaMax_SF,W,1
Fixed,952,1,SelfDischargeRate,,uint16,O,R,DisChaRte_SF,%WHRtg,1
Fixed,953,1,NameplateMaxSoC,,uint16,O,R,SoC_SF,%WHRtg,1
Fixed,954,1,NameplateMinSoC,,uint16,O,R,SoC_SF,%WHRtg,1
Fixed,955,1,MaxReservePercent,,uint16,O,RW,SoC_SF,%WHRtg,1
Fixed,956,1,MinReservePercent,,uint16,O,RW,SoC_SF,%WHRtg,1
Fixed,957,1,StateofCharge,,uint16,M,R,SoC_SF,%WHRtg,1
Fixed,958,1,DepthofDischarge,,uint16,O,R,DoD_SF,%,1
Fixed,959,1,StateofHealth,,uint16,O,R,SoH_SF,%,1
Fixed,960,2,CycleCount,,uint32,O,R,,,1
Fixed,962,1,ChargeStatus,,enum16,O,R,,,1
Fixed,963,1,ControlMode,,enum16,M,R,,,1
Fixed,964,1,BatteryHeartbeat,,uint16,O,R,,,1
Fixed,965,1,ControllerHeartbeat,,uint16,O,RW,,,1
Fixed,966,1,AlarmReset,,uint16,M,RW,,,1
Fixed,967,1,BatteryType,,enum16,M,R,,,1
Fixed,968,1,StateoftheBatteryBank,,enum16,M,R,,,1
Fixed,969,1,VendorBatteryBankState,,enum16,O,R,,,1
Fixed,970,2,WarrantyDate,,uint32,O,R,,,1
Fixed,972,2,BatteryEvent1Bitfield,,bitfield32,M,R,,,1
Fixed,974,2,BatteryEvent2Bitfield,,bitfield32,M,R,,,1
Fixed,976,2,VendorEventBitfield1,,bitfield32,M,R,,,1
Fixed,978,2,VendorEventBitfield2,,bitfield32,M,R,,,1
Fixed,980,1,ExternalBatteryVoltage,,uint16,M,R,V_SF,V,1
Fixed,981,1,MaxBatteryVoltage,,uint16,O,R,V_SF,V,1
Fixed,982,1,MinBatteryVoltage,,uint16,O,R,V_SF,V,1
Fixed,983,1,MaxCellVoltage,,uint16,O,R,CellV_SF,V,1
Fixed,984,1,MaxCellVoltageString,,uint16,O,R,,,1
Fixed,985,1,MaxCellVoltageModule,,uint16,O,R,,,1
Fixed,986,1,MinCellVoltage,,uint16,O,R,CellV_SF,V,1
Fixed,987,1,MinCellVoltageString,,uint16,O,R,,,1
Fixed,988,1,MinCellVoltageModule,,uint16,O,R,,,1
Fixed,989,1,AverageCellVoltage,,uint16,O,R,CellV_SF,V,1
Fixed,990,1,TotalDCCurrent,,sint16,M,R,A_SF,A,1
Fixed,991,1,MaxChargeCurrent,,uint16,O,R,AMax_SF,A,1
Fixed,992,1,MaxDischargeCurrent,,uint16,O,R,AMax_SF,A,1
Fixed,993,1,TotalPower,,sint16,M,R,W_SF,W,1
Fixed,994,1,InverterStateRequest,,enum16,O,R,,,1
Fixed,995,1,BatteryPowerRequest,,sint16,O,R,W_SF,W,1
Fixed,996,1,SetOperation,,enum16,M,RW,,,1
Fixed,997,1,SetInverterState,,enum16,M,RW,,,1
Fixed,998,1,AHRtg_SF,,scalefactor,M,R,,,1
Fixed,999,1,WHRtg_SF,,scalefactor,M,R,,,1
Fixed,1000,1,WChaDisChaMax_SF,,scalefactor,M,R,,,1
Fixed,1001,1,DisChaRte_SF,,scalefactor,O,R,,,1
Fixed,1002,1,SoC_SF,,scalefactor,M,R,,,1
Fixed,1003,1,DoD_SF,,scalefactor,O,R,,,1
Fixed,1004,1,SoH_SF,,scalefactor,O,R,,,1
Fixed,1005,1,V_SF,,scalefactor,M,R,,,1
Fixed,1006,1,CellV_SF,,scalefactor,M,R,,,1
Fixed,1007,1,A_SF,,scalefactor,M,R,,,1
Fixed,1008,1,AMax_SF,,scalefactor,M,R,,,1
Fixed,1009,1,W_SF,,scalefactor,O,R,,,1
Header,1010,1,"ID ""BatteryBaseModel""",802,uint16,M,R,,,1
Header,1011,1,Length,62,uint16,M,R,,,1
Fixed,1012,1,NameplateChargeCapacity,,uint16,M,R,AHRtg_SF,Ah,1
Fixed,1013,1,NameplateEnergyCapacity,,uint16,M,R,WHRtg_SF,Wh,1
Fixed,1014,1,NameplateMaxChargeRate,,uint16,M,R,WChaDisChaMax_SF,W,1
Fixed,1015,1,NameplateMaxDischargeRate,,uint16,M,R,WChaDisChaMax_SF,W,1
Fixed,1016,1,SelfDischargeRate,,uint16,O,R,DisChaRte_SF,%WHRtg,1
Fixed,1017,1,NameplateMaxSoC,,uint16,O,R,SoC_SF,%WHRtg,1
Fixed,1018,1,NameplateMinSoC,,uint16,O,R,SoC_SF,%WHRtg,1
Fixed,1019,1,MaxReservePercent,,uint16,O,RW,SoC_SF,%WHRtg,1
Fixed,1020,1,MinReservePercent,,uint16,O,RW,SoC_SF,%WHRtg,1
Fixed,1021,1,StateofCharge,,uint16,M,R,SoC_SF,%WHRtg,1
Fixed,1022,1,DepthofDischarge,,uint16,O,R,DoD_SF,%,1
Fixed,1023,1,StateofHealth,,uint16,O,R,SoH_SF,%,1
Fixed,1024,2,CycleCount,,uint32,O,R,,,1
Fixed,1026,1,ChargeStatus,,enum16,O,R,,,1
Fixed,1027,1,ControlMode,,enum16,M,R,,,1
Fixed,1028,1,BatteryHeartbeat,,uint16,O,R,,,1
Fixed,1029,1,ControllerHeartbeat,,uint16,O,RW,,,1
Fixed,1030,1,AlarmReset,,uint16,M,RW,,,1
Fixed,1031,1,BatteryType,,enum16,M,R,,,1
Fixed,1032,1,StateoftheBatteryBank,,enum16,M,R,,,1
Fixed,1033,1,VendorBatteryBankState,,enum16,O,R,,,1
Fixed,1034,2,WarrantyDate,,uint32,O,R,,,1
Fixed,1036,2,BatteryEvent1Bitfield,,bitfield32,M,R,,,1
Fixed,1038,2,BatteryEvent2Bitfield,,bitfield32,M,R,,,1
Fixed,1040,2,VendorEventBitfield1,,bitfield32,M,R,,,1
Fixed,1042,2,VendorEventBitfield2,,bitfield32,M,R,,,1
Fixed,1044,1,ExternalBatteryVoltage,,uint16,M,R,V_SF,V,1
Fixed,1045,1,MaxBatteryVoltage,,uint16,O,R,V_SF,V,1
Fixed,1046,1,MinBatteryVoltage,,uint16,O,R,V_SF,V,1
Fixed,1047,1,MaxCellVoltage,,uint16,O,R,CellV_SF,V,1
Fixed,1048,1,MaxCellVoltageString,,uint16,O,R,,,1
Fixed,1049,1,MaxCellVoltageModule,,uint16,O,R,,,1
Fixed,1050,1,MinCellVoltage,,uint16,O,R,CellV_SF,V,1
Fixed,1051,1,MinCellVoltageString,,uint16,O,R,,,1
Fixed,1052,1,MinCellVoltageModule,,uint16,O,R,,,1
Fixed,1053,1,AverageCellVoltage,,uint16,O,R,CellV_SF,V,1
Fixed,1054,1,TotalDCCurrent,,sint16,M,R,A_SF,A,1
Fixed,1055,1,MaxChargeCurrent,,uint16,O,R,AMax_SF,A,1
Fixed,1056,1,MaxDischargeCurrent,,uint16,O,R,AMax_SF,A,1
Fixed,1057,1,TotalPower,,sint16,M,R,W_SF,W,1
Fixed,1058,1,InverterStateRequest,,enum16,O,R,,,1
Fixed,1059,1,BatteryPowerRequest,,sint16,O,R,W_SF,W,1
Fixed,1060,1,SetOperation,,enum16,M,RW,,,1
Fixed,1061,1,SetInverterState,,enum16,M,RW,,,1
Fixed,1062,1,AHRtg_SF,,scalefactor,M,R,,,1
Fixed,1063,1,WHRtg_SF,,scalefactor,M,R,,,1
Fixed,1064,1,WChaDisChaMax_SF,,scalefactor,M,R,,,1
Fixed,1065,1,DisChaRte_SF,,scalefactor,O,R,,,1
Fixed,1066,1,SoC_SF,,scalefactor,M,R,,,1
Fixed,1067,1,DoD_SF,,scalefactor,O,R,,,1
Fixed,1068,1,SoH_SF,,scalefactor,O,R,,,1
Fixed,1069,1,V_SF,,scalefactor,M,R,,,1
Fixed,1070,1,CellV_SF,,scalefactor,M,R,,,1
Fixed,1071,1,A_SF,,scalefactor,M,R,,,1
Fixed,1072,1,AMax_SF,,scalefactor,M,R,,,1
Fixed,1073,1,W_SF,,scalefactor,O,R,,,1
Header,1074,1,"ID ""BatteryBaseModel""",802,uint16,M,R,,,1
Header,1075,1,Length,62,uint16,M,R,,,1
Fixed,1076,1,NameplateChargeCapacity,,uint16,M,R,AHRtg_SF,Ah,1
Fixed,1077,1,NameplateEnergyCapacity,,uint16,M,R,WHRtg_SF,Wh,1
Fixed,1078,1,NameplateMaxChargeRate,,uint16,M,R,WChaDisChaMax_SF,W,1
Fixed,1079,1,NameplateMaxDischargeRate,,uint16,M,R,WChaDisChaMax_SF,W,1
Fixed,1080,1,SelfDischargeRate,,uint16,O,R,DisChaRte_SF,%WHRtg,1
Fixed,1081,1,NameplateMaxSoC,,uint16,O,R,SoC_SF,%WHRtg,1
Fixed,1082,1,NameplateMinSoC,,uint16,O,R,SoC_SF,%WHRtg,1
Fixed,1083,1,MaxReservePercent,,uint16,O,RW,SoC_SF,%WHRtg,1
Fixed,1084,1,MinReservePercent,,uint16,O,RW,SoC_SF,%WHRtg,1
Fixed,1085,1,StateofCharge,,uint16,M,R,SoC_SF,%WHRtg,1
Fixed,1086,1,DepthofDischarge,,uint16,O,R,DoD_SF,%,1
Fixed,1087,1,StateofHealth,,uint16,O,R,SoH_SF,%,1
Fixed,1088,2,CycleCount,,uint32,O,R,,,1
Fixed,1090,1,ChargeStatus,,enum16,O,R,,,1
Fixed,1091,1,ControlMode,,enum16,M,R,,,1
Fixed,1092,1,BatteryHeartbeat,,uint16,O,R,,,1
Fixed,1093,1,ControllerHeartbeat,,uint16,O,RW,,,1
Fixed,1094,1,AlarmReset,,uint16,M,RW,,,1
Fixed,1095,1,BatteryType,,enum16,M,R,,,1
Fixed,1096,1,StateoftheBatteryBank,,enum16,M,R,,,1
Fixed,1097,1,VendorBatteryBankState,,enum16,O,R,,,1
Fixed,1098,2,WarrantyDate,,uint32,O,R,,,1
Fixed,1100,2,BatteryEvent1Bitfield,,bitfield32,M,R,,,1
Fixed,1102,2,BatteryEvent2Bitfield,,bitfield32,M,R,,,1
Fixed,1104,2,VendorEventBitfield1,,bitfield32,M,R,,,1
Fixed,1106,2,VendorEventBitfield2,,bitfield32,M,R,,,1
Fixed,1108,1,ExternalBatteryVoltage,,uint16,M,R,V_SF,V,1
Fixed,1109,1,MaxBatteryVoltage,,uint16,O,R,V_SF,V,1
Fixed,1110,1,MinBatteryVoltage,,uint16,O,R,V_SF,V,1
Fixed,1111,1,MaxCellVoltage,,uint16,O,R,CellV_SF,V,1
Fixed,1112,1,MaxCellVoltageString,,uint16,O,R,,,1
Fixed,1113,1,MaxCellVoltageModule,,uint16,O,R,,,1
Fixed,1114,1,MinCellVoltage,,uint16,O,R,CellV_SF,V,1
Fixed,1115,1,MinCellVoltageString,,uint16,O,R,,,1
Fixed,1116,1,MinCellVoltageModule,,uint16,O,R,,,1
Fixed,1117,1,AverageCellVoltage,,uint16,O,R,CellV_SF,V,1
Fixed,1118,1,TotalDCCurrent,,sint16,M,R,A_SF,A,1
Fixed,1119,1,MaxChargeCurrent,,uint16,O,R,AMax_SF,A,1
Fixed,1120,1,MaxDischargeCurrent,,uint16,O,R,AMax_SF,A,1
Fixed,1121,1,TotalPower,,sint16,M,R,W_SF,W,1
Fixed,1122,1,InverterStateRequest,,enum16,O,R,,,1
Fixed,1123,1,BatteryPowerRequest,,sint16,O,R,W_SF,W,1
Fixed,1124,1,SetOperation,,enum16,M,RW,,,1
Fixed,1125,1,SetInverterState,,enum16,M,RW,,,1
Fixed,1126,1,AHRtg_SF,,scalefactor,M,R,,,1
Fixed,1127,1,WHRtg_SF,,scalefactor,M,R,,,1
Fixed,1128,1,WChaDisChaMax_SF,,scalefactor,M,R,,,1
Fixed,1129,1,DisChaRte_SF,,scalefactor,O,R,,,1
Fixed,1130,1,SoC_SF,,scalefactor,M,R,,,1
Fixed,1131,1,DoD_SF,,scalefactor,O,R,,,1
Fixed,1132,1,SoH_SF,,scalefactor,O,R,,,1
Fixed,1133,1,V_SF,,scalefactor,M,R,,,1
Fixed,1134,1,CellV_SF,,scalefactor,M,R,,,1
Fixed,1135,1,A_SF,,scalefactor,M,R,,,1
Fixed,1136,1,AMax_SF,,scalefactor,M,R,,,1
Fixed,1137,1,W_SF,,scalefactor,O,R,,,1
Header,1138,1,"ID ""BatteryBaseModel""",802,uint16,M,R,,,1
Header,1139,1,Length,62,uint16,M,R,,,1
Fixed,1140,1,NameplateChargeCapacity,,uint16,M,R,AHRtg_SF,Ah,1
Fixed,1141,1,NameplateEnergyCapacity,,uint16,M,R,WHRtg_SF,Wh,1
Fixed,1142,1,NameplateMaxChargeRate,,uint16,M,R,WChaDisChaMax_SF,W,1
Fixed,1143,1,NameplateMaxDischargeRate,,uint16,M,R,WChaDisChaMax_SF,W,1
Fixed,1144,1,SelfDischargeRate,,uint16,O,R,DisChaRte_SF,%WHRtg,1
Fixed,1145,1,NameplateMaxSoC,,uint16,O,R,SoC_SF,%WHRtg,1
Fixed,1146,1,NameplateMinSoC,,uint16,O,R,SoC_SF,%WHRtg,1
Fixed,1147,1,MaxReservePercent,,uint16,O,RW,SoC_SF,%WHRtg,1
Fixed,1148,1,MinReservePercent,,uint16,O,RW,SoC_SF,%WHRtg,1
Fixed,1149,1,StateofCharge,,uint16,M,R,SoC_SF,%WHRtg,1
Fixed,1150,1,DepthofDischarge,,uint16,O,R,DoD_SF,%,1
Fixed,1151,1,StateofHealth,,uint16,O,R,SoH_SF,%,1
Fixed,1152,2,CycleCount,,uint32,O,R,,,1
Fixed,1154,1,ChargeStatus,,enum16,O,R,,,1
Fixed,1155,1,ControlMode,,enum16,M,R,,,1
Fixed,1156,1,BatteryHeartbeat,,uint16,O,R,,,1
Fixed,1157,1,ControllerHeartbeat,,uint16,O,RW,,,1
Fixed,1158,1,AlarmReset,,uint16,M,RW,,,1
Fixed,1159,1,BatteryType,,enum16,M,R,,,1
Fixed,1160,1,StateoftheBatteryBank,,enum16,M,R,,,1
Fixed,1161,1,VendorBatteryBankState,,enum16,O,R,,,1
Fixed,1162,2,WarrantyDate,,uint32,O,R,,,1
Fixed,1164,2,BatteryEvent1Bitfield,,bitfield32,M,R,,,1
Fixed,1166,2,BatteryEvent2Bitfield,,bitfield32,M,R,,,1
Fixed,1168,2,VendorEventBitfield1,,bitfield32,M,R,,,1
Fixed,1170,2,VendorEventBitfield2,,bitfield32,M,R,,,1
Fixed,1172,1,ExternalBatteryVoltage,,uint16,M,R,V_SF,V,1
Fixed,1173,1,MaxBatteryVoltage,,uint16,O,R,V_SF,V,1
Fixed,1174,1,MinBatteryVoltage,,uint16,O,R,V_SF,V,1
Fixed,1175,1,MaxCellVoltage,,uint16,O,R,CellV_SF,V,1
Fixed,1176,1,MaxCellVoltageString,,uint16,O,R,,,1
Fixed,1177,1,MaxCellVoltageModule,,uint16,O,R,,,1
Fixed,1178,1,MinCellVoltage,,uint16,O,R,CellV_SF,V,1
Fixed,1179,1,MinCellVoltageString,,uint16,O,R,,,1
Fixed,1180,1,MinCellVoltageModule,,uint16,O,R,,,1
Fixed,1181,1,AverageCellVoltage,,uint16,O,R,CellV_SF,V,1
Fixed,1182,1,TotalDCCurrent,,sint16,M,R,A_SF,A,1
Fixed,1183,1,MaxChargeCurrent,,uint16,O,R,AMax_SF,A,1
Fixed,1184,1,MaxDischargeCurrent,,uint16,O,R,AMax_SF,A,1
Fixed,1185,1,TotalPower,,sint16,M,R,W_SF,W,1
Fixed,1186,1,InverterStateRequest,,enum16,O,R,,,1
Fixed,1187,1,BatteryPowerRequest,,sint16,O,R,W_SF,W,1
Fixed,1188,1,SetOperation,,enum16,M,RW,,,1
Fixed,1189,1,SetInverterState,,enum16,M,RW,,,1
Fixed,1190,1,AHRtg_SF,,scalefactor,M,R,,,1
Fixed,1191,1,WHRtg_SF,,scalefactor,M,R,,,1
Fixed,1192,1,WChaDisChaMax_SF,,scalefactor,M,R,,,1
Fixed,1193,1,DisChaRte_SF,,scalefactor,O,R,,,1
Fixed,1194,1,SoC_SF,,scalefactor,M,R,,,1
Fixed,1195,1,DoD_SF,,scalefactor,O,R,,,1
Fixed,1196,1,SoH_SF,,scalefactor,O,R,,,1
Fixed,1197,1,V_SF,,scalefactor,M,R,,,1
Fixed,1198,1,CellV_SF,,scalefactor,M,R,,,1
Fixed,1199,1,A_SF,,scalefactor,M,R,,,1
Fixed,1200,1,AMax_SF,,scalefactor,M,R,,,1
Fixed,1201,1,W_SF,,scalefactor,O,R,,,1
Header,1202,1,"ID ""BatteryBaseModel""",802,uint16,M,R,,,1
Header,1203,1,Length,62,uint16,M,R,,,1
Fixed,1204,1,NameplateChargeCapacity,,uint16,M,R,AHRtg_SF,Ah,1
Fixed,1205,1,NameplateEnergyCapacity,,uint16,M,R,WHRtg_SF,Wh,1
Fixed,1206,1,NameplateMaxChargeRate,,uint16,M,R,WChaDisChaMax_SF,W,1
Fixed,1207,1,NameplateMaxDischargeRate,,uint16,M,R,WChaDisChaMax_SF,W,1
Fixed,1208,1,SelfDischargeRate,,uint16,O,R,DisChaRte_SF,%WHRtg,1
Fixed,1209,1,NameplateMaxSoC,,uint16,O,R,SoC_SF,%WHRtg,1
Fixed,1210,1,NameplateMinSoC,,uint16,O,R,SoC_SF,%WHRtg,1
Fixed,1211,1,MaxReservePercent,,uint16,O,RW,SoC_SF,%WHRtg,1
Fixed,1212,1,MinReservePercent,,uint16,O,RW,SoC_SF,%WHRtg,1
Fixed,1213,1,StateofCharge,,uint16,M,R,SoC_SF,%WHRtg,1
Fixed,1214,1,DepthofDischarge,,uint16,O,R,DoD_SF,%,1
Fixed,1215,1,StateofHealth,,uint16,O,R,SoH_SF,%,1
Fixed,1216,2,CycleCount,,uint32,O,R,,,1
Fixed,1218,1,ChargeStatus,,enum16,O,R,,,1
Fixed,1219,1,ControlMode,,enum16,M,R,,,1
Fixed,1220,1,BatteryHeartbeat,,uint16,O,R,,,1
Fixed,1221,1,ControllerHeartbeat,,uint16,O,RW,,,1
Fixed,1222,1,AlarmReset,,uint16,M,RW,,,1
Fixed,1223,1,BatteryType,,enum16,M,R,,,1
Fixed,1224,1,StateoftheBatteryBank,,enum16,M,R,,,1
Fixed,1225,1,VendorBatteryBankState,,enum16,O,R,,,1
Fixed,1226,2,WarrantyDate,,uint32,O,R,,,1
Fixed,1228,2,BatteryEvent1Bitfield,,bitfield32,M,R,,,1
Fixed,1230,2,BatteryEvent2Bitfield,,bitfield32,M,R,,,1
Fixed,1232,2,VendorEventBitfield1,,bitfield32,M,R,,,1
Fixed,1234,2,VendorEventBitfield2,,bitfield32,M,R,,,1
Fixed,1236,1,ExternalBatteryVoltage,,uint16,M,R,V_SF,V,1
Fixed,1237,1,MaxBatteryVoltage,,uint16,O,R,V_SF,V,1
Fixed,1238,1,MinBatteryVoltage,,uint16,O,R,V_SF,V,1
Fixed,1239,1,MaxCellVoltage,,uint16,O,R,CellV_SF,V,1
Fixed,1240,1,MaxCellVoltageString,,uint16,O,R,,,1
Fixed,1241,1,MaxCellVoltageModule,,uint16,O,R,,,1
Fixed,1242,1,MinCellVoltage,,uint16,O,R,CellV_SF,V,1
Fixed,1243,1,MinCellVoltageString,,uint16,O,R,,,1
Fixed,1244,1,MinCellVoltageModule,,uint16,O,R,,,1
Fixed,1245,1,AverageCellVoltage,,uint16,O,R,CellV_SF,V,1
Fixed,1246,1,TotalDCCurrent,,sint16,M,R,A_SF,A,1
Fixed,1247,1,MaxChargeCurrent,,uint16,O,R,AMax_SF,A,1
Fixed,1248,1,MaxDischargeCurrent,,uint16,O,R,AMax_SF,A,1
Fixed,1249,1,TotalPower,,sint16,M,R,W_SF,W,1
Fixed,1250,1,InverterStateRequest,,enum16,O,R,,,1
Fixed,1251,1,BatteryPowerRequest,,sint16,O,R,W_SF,W,1
Fixed,1252,1,SetOperation,,enum16,M,RW,,,1
Fixed,1253,1,SetInverterState,,enum16,M,RW,,,1
Fixed,1254,1,AHRtg_SF,,scalefactor,M,R,,,1
Fixed,1255,1,WHRtg_SF,,scalefactor,M,R,,,1
Fixed,1256,1,WChaDisChaMax_SF,,scalefactor,M,R,,,1
Fixed,1257,1,DisChaRte_SF,,scalefactor,O,R,,,1
Fixed,1258,1,SoC_SF,,scalefactor,M,R,,,1
Fixed,1259,1,DoD_SF,,scalefactor,O,R,,,1
Fixed,1260,1,SoH_SF,,scalefactor,O,R,,,1
Fixed,1261,1,V_SF,,scalefactor,M,R,,,1
Fixed,1262,1,CellV_SF,,scalefactor,M,R,,,1
Fixed,1263,1,A_SF,,scalefactor,M,R,,,1
Fixed,1264,1,AMax_SF,,scalefactor,M,R,,,1
Fixed,1265,1,W_SF,,scalefactor,O,R,,,1
Header,1266,1,"ID ""LithiumIonBatteryBankModel""",803,uint16,M,R,,,1
Header,1267,1,Length,1306,uint16,M,R,,,1
Fixed,1268,1,StringCount,,uint16,M,R,,,1
Fixed,1269,1,ConnectedStringCount,,uint16,M,R,,,1
Fixed,1270,1,MaxModuleTemperature,,sint16,M,R,ModTmp_SF,,1
Fixed,1271,1,MaxModuleTemperatureString,,uint16,O,R,,,1
Fixed,1272,1,MaxModuleTemperatureModule,,uint16,O,R,,,1
Fixed,1273,1,MinModuleTemperature,,sint16,M,R,ModTmp_SF,C,1
Fixed,1274,1,MinModuleTemperatureString,,uint16,O,R,,,1
Fixed,1275,1,MinModuleTemperatureModule,,uint16,O,R,,,1
Fixed,1276,1,AverageModuleTemperature,,sint16,O,R,ModTmp_SF,C,1
Fixed,1277,1,MaxStringVoltage,,uint16,O,R,V_SF,V,1
Fixed,1278,1,MaxStringVoltageString,,uint16,O,R,,,1
Fixed,1279,1,MinStringVoltage,,uint16,O,R,V_SF,V,1
Fixed,1280,1,MinStringVoltageString,,uint16,O,R,,,1
Fixed,1281,1,AverageStringVoltage,,uint16,O,R,V_SF,V,1
Fixed,1282,1,MaxStringCurrent,,sint16,O,R,A_SF,A,1
Fixed,1283,1,MaxStringCurrentString,,uint16,O,R,,,1
Fixed,1284,1,MinStringCurrent,,sint16,O,R,A_SF,A,1
Fixed,1285,1,MinStringCurrentString,,uint16,O,R,,,1
Fixed,1286,1,AverageStringCurrent,,sint16,O,R,A_SF,A,1
Fixed,1287,1,BatteryCellBalancingCount,,uint16,O,R,,,1
Fixed,1288,1,CellV_SF,,scalefactor,M,R,,,1
Fixed,1289,1,ModTmp_SF,,scalefactor,M,R,,,1
Fixed,1290,1,A_SF,,scalefactor,M,R,,,1
Fixed,1291,1,SoH_SF,,scalefactor,O,R,,,1
Fixed,1292,1,SoC_SF,,scalefactor,M,R,,,1
Fixed,1293,1,V_SF,,scalefactor,O,R,,,1
Repeating,1294,1,ModuleCount[1],,uint16,M,R,,,1
Repeating,1295,2,StringStatus[1],,bitfield32,M,R,,,1
Repeating,1297,1,ConnectionFailureReason[1],,enum16,O,R,,,1
Repeating,1298,1,StringStateofCharge[1],,uint16,M,R,SoC_SF,%,1
Repeating,1299,1,StringStateofHealth[1],,uint16,O,R,SoH_SF,%,1
Repeating,1300,1,StringCurrent[1],,sint16,M,R,A_SF,A,1
Repeating,1301,1,MaxCellVoltage[1],,uint16,M,R,CellV_SF,V,1
Repeating,1302,1,MaxCellVoltageModule[1],,uint16,O,R,,,1
Repeating,1303,1,MinCellVoltage[1],,uint16,M,R,CellV_SF,V,1
Repeating,1304,1,MinCellVoltageModule[1],,uint16,O,R,,,1
Repeating,1305,1,AverageCellVoltage[1],,uint16,M,R,CellV_SF,V,1
Repeating,1306,1,StrModTmpMax[1],,sint16,M,R,ModTmp_SF,C,1
Repeating,1307,1,StrModTmpMaxMod[1],,uint16,O,R,,,1
Repeating,1308,1,StrModTmpMin[1],,sint16,M,R,ModTmp_SF,C,1
Repeating,1309,1,StrModTmpMinMod[1],,uint16,O,R,,,1
Repeating,1310,1,StrModTmpAvg[1],,sint16,M,R,ModTmp_SF,C,1
Repeating,1311,1,DisabledReason[1],,enum16,O,R,,,1
Repeating,1312,2,ContactorStatus[1],,bitfield32,O,R,,,1
Repeating,1314,2,StringEvent1[1],,bitfield32,M,R,,,1
Repeating,1316,2,StringEvent2[1],,bitfield32,O,R,,,1
Repeating,1318,2,VendorStringEventBitfield1[1],,bitfield32,O,R,,,1
Repeating,1320,2,VendorStringEventBitfield2[1],,bitfield32,O,R,,,1
Repeating,1322,1,EnableDisableString[1],,enum16,O,RW,,,1
Repeating,1323,1,ConnectDisconnectString[1],,enum16,O,RW,,,1
Repeating,1324,1,Pad[1],,pad,M,R,,,1
Repeating,1325,1,Pad2[1],,pad,M,R,,,1
Repeating,1326,1,ModuleCount[2],,uint16,M,R,,,1
Repeating,1327,2,StringStatus[2],,bitfield32,M,R,,,1
Repeating,1329,1,ConnectionFailureReason[2],,enum16,O,R,,,1
Repeating,1330,1,StringStateofCharge[2],,uint16,M,R,SoC_SF,%,1
Repeating,1331,1,StringStateofHealth[2],,uint16,O,R,SoH_SF,%,1
Repeating,1332,1,StringCurrent[2],,sint16,M,R,A_SF,A,1
Repeating,1333,1,MaxCellVoltage[2],,uint16,M,R,CellV_SF,V,1
Repeating,1334,1,MaxCellVoltageModule[2],,uint16,O,R,,,1
Repeating,1335,1,MinCellVoltage[2],,uint16,M,R,CellV_SF,V,1
Repeating,1336,1,MinCellVoltageModule[2],,uint16,O,R,,,1
Repeating,1337,1,AverageCellVoltage[2],,uint16,M,R,CellV_SF,V,1
Repeating,1338,1,StrModTmpMax[2],,sint16,M,R,ModTmp_SF,C,1
Repeating,1339,1,StrModTmpMaxMod[2],,uint16,O,R,,,1
Repeating,1340,1,StrModTmpMin[2],,sint16,M,R,ModTmp_SF,C,1
Repeating,1341,1,StrModTmpMinMod[2],,uint16,O,R,,,1
Repeating,1342,1,StrModTmpAvg[2],,sint16,M,R,ModTmp_SF,C,1
Repeating,1343,1,DisabledReason[2],,enum16,O,R,,,1
Repeating,1344,2,ContactorStatus[2],,bitfield32,O,R,,,1
Repeating,1346,2,StringEvent1[2],,bitfield32,M,R,,,1
Repeating,1348,2,StringEvent2[2],,bitfield32,O,R,,,1
Repeating,1350,2,VendorStringEventBitfield1[2],,bitfield32,O,R,,,1
Repeating,1352,2,VendorStringEventBitfield2[2],,bitfield32,O,R,,,1
Repeating,1354,1,EnableDisableString[2],,enum16,O,RW,,,1
Repeating,1355,1,ConnectDisconnectString[2],,enum16,O,RW,,,1
Repeating,1356,1,Pad[2],,pad,M,R,,,1
Repeating,1357,1,Pad2[2],,pad,M,R,,,1
Repeating,1358,1,ModuleCount[3],,uint16,M,R,,,1
Repeating,1359,2,StringStatus[3],,bitfield32,M,R,,,1
Repeating,1361,1,ConnectionFailureReason[3],,enum16,O,R,,,1
Repeating,1362,1,StringStateofCharge[3],,uint16,M,R,SoC_SF,%,1
Repeating,1363,1,StringStateofHealth[3],,uint16,O,R,SoH_SF,%,1
Repeating,1364,1,StringCurrent[3],,sint16,M,R,A_SF,A,1
Repeating,1365,1,MaxCellVoltage[3],,uint16,M,R,CellV_SF,V,1
Repeating,1366,1,MaxCellVoltageModule[3],,uint16,O,R,,,1
Repeating,1367,1,MinCellVoltage[3],,uint16,M,R,CellV_SF,V,1
Repeating,1368,1,MinCellVoltageModule[3],,uint16,O,R,,,1
Repeating,1369,1,AverageCellVoltage[3],,uint16,M,R,CellV_SF,V,1
Repeating,1370,1,StrModTmpMax[3],,sint16,M,R,ModTmp_SF,C,1
Repeating,1371,1,StrModTmpMaxMod[3],,uint16,O,R,,,1
Repeating,1372,1,StrModTmpMin[3],,sint16,M,R,ModTmp_SF,C,1
Repeating,1373,1,StrModTmpMinMod[3],,uint16,O,R,,,1
Repeating,1374,1,StrModTmpAvg[3],,sint16,M,R,ModTmp_SF,C,1
Repeating,1375,1,DisabledReason[3],,enum16,O,R,,,1
Repeating,1376,2,ContactorStatus[3],,bitfield32,O,R,,,1
Repeating,1378,2,StringEvent1[3],,bitfield32,M,R,,,1
Repeating,1380,2,StringEvent2[3],,bitfield32,O,R,,,1
Repeating,1382,2,VendorStringEventBitfield1[3],,bitfield32,O,R,,,1
Repeating,1384,2,VendorStringEventBitfield2[3],,bitfield32,O,R,,,1
Repeating,1386,1,EnableDisableString[3],,enum16,O,RW,,,1
Repeating,1387,1,ConnectDisconnectString[3],,enum16,O,RW,,,1
Repeating,1388,1,Pad[3],,pad,M,R,,,1
Repeating,1389,1,Pad2[3],,pad,M,R,,,1
Repeating,1390,1,ModuleCount[4],,uint16,M,R,,,1
Repeating,1391,2,StringStatus[4],,bitfield32,M,R,,,1
Repeating,1393,1,ConnectionFailureReason[4],,enum16,O,R,,,1
Repeating,1394,1,StringStateofCharge[4],,uint16,M,R,SoC_SF,%,1
Repeating,1395,1,StringStateofHealth[4],,uint16,O,R,SoH_SF,%,1
Repeating,1396,1,StringCurrent[4],,sint16,M,R,A_SF,A,1
Repeating,1397,1,MaxCellVoltage[4],,uint16,M,R,CellV_SF,V,1
Repeating,1398,1,MaxCellVoltageModule[4],,uint16,O,R,,,1
Repeating,1399,1,MinCellVoltage[4],,uint16,M,R,CellV_SF,V,1
Repeating,1400,1,MinCellVoltageModule[4],,uint16,O,R,,,1
Repeating,1401,1,AverageCellVoltage[4],,uint16,M,R,CellV_SF,V,1
Repeating,1402,1,StrModTmpMax[4],,sint16,M,R,ModTmp_SF,C,1
Repeating,1403,1,StrModTmpMaxMod[4],,uint16,O,R,,,1
Repeating,1404,1,StrModTmpMin[4],,sint16,M,R,ModTmp_SF,C,1
Repeating,1405,1,StrModTmpMinMod[4],,uint16,O,R,,,1
Repeating,1406,1,StrModTmpAvg[4],,sint16,M,R,ModTmp_SF,C,1
Repeating,1407,1,DisabledReason[4],,enum16,O,R,,,1
Repeating,1408,2,ContactorStatus[4],,bitfield32,O,R,,,1
Repeating,1410,2,StringEvent1[4],,bitfield32,M,R,,,1
Repeating,1412,2,StringEvent2[4],,bitfield32,O,R,,,1
Repeating,1414,2,VendorStringEventBitfield1[4],,bitfield32,O,R,,,1
Repeating,1416,2,VendorStringEventBitfield2[4],,bitfield32,O,R,,,1
Repeating,1418,1,EnableDisableString[4],,enum16,O,RW,,,1
Repeating,1419,1,ConnectDisconnectString[4],,enum16,O,RW,,,1
Repeating,1420,1,Pad[4],,pad,M,R,,,1
Repeating,1421,1,Pad2[4],,pad,M,R,,,1
Repeating,1422,1,ModuleCount[5],,uint16,M,R,,,1
Repeating,1423,2,StringStatus[5],,bitfield32,M,R,,,1
Repeating,1425,1,ConnectionFailureReason[5],,enum16,O,R,,,1
Repeating,1426,1,StringStateofCharge[5],,uint16,M,R,SoC_SF,%,1
Repeating,1427,1,StringStateofHealth[5],,uint16,O,R,SoH_SF,%,1
Repeating,1428,1,StringCurrent[5],,sint16,M,R,A_SF,A,1
Repeating,1429,1,MaxCellVoltage[5],,uint16,M,R,CellV_SF,V,1
Repeating,1430,1,MaxCellVoltageModule[5],,uint16,O,R,,,1
Repeating,1431,1,MinCellVoltage[5],,uint16,M,R,CellV_SF,V,1
Repeating,1432,1,MinCellVoltageModule[5],,uint16,O,R,,,1
Repeating,1433,1,AverageCellVoltage[5],,uint16,M,R,CellV_SF,V,1
Repeating,1434,1,StrModTmpMax[5],,sint16,M,R,ModTmp_SF,C,1
Repeating,1435,1,StrModTmpMaxMod[5],,uint16,O,R,,,1
Repeating,1436,1,StrModTmpMin[5],,sint16,M,R,ModTmp_SF,C,1
Repeating,1437,1,StrModTmpMinMod[5],,uint16,O,R,,,1
Repeating,1438,1,StrModTmpAvg[5],,sint16,M,R,ModTmp_SF,C,1
Repeating,1439,1,DisabledReason[5],,enum16,O,R,,,1
Repeating,1440,2,ContactorStatus[5],,bitfield32,O,R,,,1
Repeating,1442,2,StringEvent1[5],,bitfield32,M,R,,,1
Repeating,1444,2,StringEvent2[5],,bitfield32,O,R,,,1
Repeating,1446,2,VendorStringEventBitfield1[5],,bitfield32,O,R,,,1
Repeating,1448,2,VendorStringEventBitfield2[5],,bitfield32,O,R,,,1
Repeating,1450,1,EnableDisableString[5],,enum16,O,RW,,,1
Repeating,1451,1,ConnectDisconnectString[5],,enum16,O,RW,,,1
Repeating,1452,1,Pad[5],,pad,M,R,,,1
Repeating,1453,1,Pad2[5],,pad,M,R,,,1
Repeating,1454,1,ModuleCount[6],,uint16,M,R,,,1
Repeating,1455,2,StringStatus[6],,bitfield32,M,R,,,1
Repeating,1457,1,ConnectionFailureReason[6],,enum16,O,R,,,1
Repeating,1458,1,StringStateofCharge[6],,uint16,M,R,SoC_SF,%,1
Repeating,1459,1,StringStateofHealth[6],,uint16,O,R,SoH_SF,%,1
Repeating,1460,1,StringCurrent[6],,sint16,M,R,A_SF,A,1
Repeating,1461,1,MaxCellVoltage[6],,uint16,M,R,CellV_SF,V,1
Repeating,1462,1,MaxCellVoltageModule[6],,uint16,O,R,,,1
Repeating,1463,1,MinCellVoltage[6],,uint16,M,R,CellV_SF,V,1
Repeating,1464,1,MinCellVoltageModule[6],,uint16,O,R,,,1
Repeating,1465,1,AverageCellVoltage[6],,uint16,M,R,CellV_SF,V,1
Repeating,1466,1,StrModTmpMax[6],,sint16,M,R,ModTmp_SF,C,1
Repeating,1467,1,StrModTmpMaxMod[6],,uint16,O,R,,,1
Repeating,1468,1,StrModTmpMin[6],,sint16,M,R,ModTmp_SF,C,1
Repeating,1469,1,StrModTmpMinMod[6],,uint16,O,R,,,1
Repeating,1470,1,StrModTmpAvg[6],,sint16,M,R,ModTmp_SF,C,1
Repeating,1471,1,DisabledReason[6],,enum16,O,R,,,1
Repeating,1472,2,ContactorStatus[6],,bitfield32,O,R,,,1
Repeating,1474,2,StringEvent1[6],,bitfield32,M,R,,,1
Repeating,1476,2,StringEvent2[6],,bitfield32,O,R,,,1
Repeating,1478,2,VendorStringEventBitfield1[6],,bitfield32,O,R,,,1
Repeating,1480,2,VendorStringEventBitfield2[6],,bitfield32,O,R,,,1
Repeating,1482,1,EnableDisableString[6],,enum16,O,RW,,,1
Repeating,1483,1,ConnectDisconnectString[6],,enum16,O,RW,,,1
Repeating,1484,1,Pad[6],,pad,M,R,,,1
Repeating,1485,1,Pad2[6],,pad,M,R,,,1
Repeating,1486,1,ModuleCount[7],,uint16,M,R,,,1
Repeating,1487,2,StringStatus[7],,bitfield32,M,R,,,1
Repeating,1489,1,ConnectionFailureReason[7],,enum16,O,R,,,1
Repeating,1490,1,StringStateofCharge[7],,uint16,M,R,SoC_SF,%,1
Repeating,1491,1,StringStateofHealth[7],,uint16,O,R,SoH_SF,%,1
Repeating,1492,1,StringCurrent[7],,sint16,M,R,A_SF,A,1
Repeating,1493,1,MaxCellVoltage[7],,uint16,M,R,CellV_SF,V,1
Repeating,1494,1,MaxCellVoltageModule[7],,uint16,O,R,,,1
Repeating,1495,1,MinCellVoltage[7],,uint16,M,R,CellV_SF,V,1
Repeating,1496,1,MinCellVoltageModule[7],,uint16,O,R,,,1
Repeating,1497,1,AverageCellVoltage[7],,uint16,M,R,CellV_SF,V,1
Repeating,1498,1,StrModTmpMax[7],,sint16,M,R,ModTmp_SF,C,1
Repeating,1499,1,StrModTmpMaxMod[7],,uint16,O,R,,,1
Repeating,1500,1,StrModTmpMin[7],,sint16,M,R,ModTmp_SF,C,1
Repeating,1501,1,StrModTmpMinMod[7],,uint16,O,R,,,1
Repeating,1502,1,StrModTmpAvg[7],,sint16,M,R,ModTmp_SF,C,1
Repeating,1503,1,DisabledReason[7],,enum16,O,R,,,1
Repeating,1504,2,ContactorStatus[7],,bitfield32,O,R,,,1
Repeating,1506,2,StringEvent1[7],,bitfield32,M,R,,,1
Repeating,1508,2,StringEvent2[7],,bitfield32,O,R,,,1
Repeating,1510,2,VendorStringEventBitfield1[7],,bitfield32,O,R,,,1
Repeating,1512,2,VendorStringEventBitfield2[7],,bitfield32,O,R,,,1
Repeating,1514,1,EnableDisableString[7],,enum16,O,RW,,,1
Repeating,1515,1,ConnectDisconnectString[7],,enum16,O,RW,,,1
Repeating,1516,1,Pad[7],,pad,M,R,,,1
Repeating,1517,1,Pad2[7],,pad,M,R,,,1
Repeating,1518,1,ModuleCount[8],,uint16,M,R,,,1
Repeating,1519,2,StringStatus[8],,bitfield32,M,R,,,1
Repeating,1521,1,ConnectionFailureReason[8],,enum16,O,R,,,1
Repeating,1522,1,StringStateofCharge[8],,uint16,M,R,SoC_SF,%,1
Repeating,1523,1,StringStateofHealth[8],,uint16,O,R,SoH_SF,%,1
Repeating,1524,1,StringCurrent[8],,sint16,M,R,A_SF,A,1
Repeating,1525,1,MaxCellVoltage[8],,uint16,M,R,CellV_SF,V,1
Repeating,1526,1,MaxCellVoltageModule[8],,uint16,O,R,,,1
Repeating,1527,1,MinCellVoltage[8],,uint16,M,R,CellV_SF,V,1
Repeating,1528,1,MinCellVoltageModule[8],,uint16,O,R,,,1
Repeating,1529,1,AverageCellVoltage[8],,uint16,M,R,CellV_SF,V,1
Repeating,1530,1,StrModTmpMax[8],,sint16,M,R,ModTmp_SF,C,1
Repeating,1531,1,StrModTmpMaxMod[8],,uint16,O,R,,,1
Repeating,1532,1,StrModTmpMin[8],,sint16,M,R,ModTmp_SF,C,1
Repeating,1533,1,StrModTmpMinMod[8],,uint16,O,R,,,1
Repeating,1534,1,StrModTmpAvg[8],,sint16,M,R,ModTmp_SF,C,1
Repeating,1535,1,DisabledReason[8],,enum16,O,R,,,1
Repeating,1536,2,ContactorStatus[8],,bitfield32,O,R,,,1
Repeating,1538,2,StringEvent1[8],,bitfield32,M,R,,,1
Repeating,1540,2,StringEvent2[8],,bitfield32,O,R,,,1
Repeating,1542,2,VendorStringEventBitfield1[8],,bitfield32,O,R,,,1
Repeating,1544,2,VendorStringEventBitfield2[8],,bitfield32,O,R,,,1
Repeating,1546,1,EnableDisableString[8],,enum16,O,RW,,,1
Repeating,1547,1,ConnectDisconnectString[8],,enum16,O,RW,,,1
Repeating,1548,1,Pad[8],,pad,M,R,,,1
Repeating,1549,1,Pad2[8],,pad,M,R,,,1
Repeating,1550,1,ModuleCount[9],,uint16,M,R,,,1
Repeating,1551,2,StringStatus[9],,bitfield32,M,R,,,1
Repeating,1553,1,ConnectionFailureReason[9],,enum16,O,R,,,1
Repeating,1554,1,StringStateofCharge[9],,uint16,M,R,SoC_SF,%,1
Repeating,1555,1,StringStateofHealth[9],,uint16,O,R,SoH_SF,%,1
Repeating,1556,1,StringCurrent[9],,sint16,M,R,A_SF,A,1
Repeating,1557,1,MaxCellVoltage[9],,uint16,M,R,CellV_SF,V,1
Repeating,1558,1,MaxCellVoltageModule[9],,uint16,O,R,,,1
Repeating,1559,1,MinCellVoltage[9],,uint16,M,R,CellV_SF,V,1
Repeating,1560,1,MinCellVoltageModule[9],,uint16,O,R,,,1
Repeating,1561,1,AverageCellVoltage[9],,uint16,M,R,CellV_SF,V,1
Repeating,1562,1,StrModTmpMax[9],,sint16,M,R,ModTmp_SF,C,1
Repeating,1563,1,StrModTmpMaxMod[9],,uint16,O,R,,,1
Repeating,1564,1,StrModTmpMin[9],,sint16,M,R,ModTmp_SF,C,1
Repeating,1565,1,StrModTmpMinMod[9],,uint16,O,R,,,1
Repeating,1566,1,StrModTmpAvg[9],,sint16,M,R,ModTmp_SF,C,1
Repeating,1567,1,DisabledReason[9],,enum16,O,R,,,1
Repeating,1568,2,ContactorStatus[9],,bitfield32,O,R,,,1
Repeating,1570,2,StringEvent1[9],,bitfield32,M,R,,,1
Repeating,1572,2,StringEvent2[9],,bitfield32,O,R,,,1
Repeating,1574,2,VendorStringEventBitfield1[9],,bitfield32,O,R,,,1
Repeating,1576,2,VendorStringEventBitfield2[9],,bitfield32,O,R,,,1
Repeating,1578,1,EnableDisableString[9],,enum16,O,RW,,,1
Repeating,1579,1,ConnectDisconnectString[9],,enum16,O,RW,,,1
Repeating,1580,1,Pad[9],,pad,M,R,,,1
Repeating,1581,1,Pad2[9],,pad,M,R,,,1
Repeating,1582,1,ModuleCount[10],,uint16,M,R,,,1
Repeating,1583,2,StringStatus[10],,bitfield32,M,R,,,1
Repeating,1585,1,ConnectionFailureReason[10],,enum16,O,R,,,1
Repeating,1586,1,StringStateofCharge[10],,uint16,M,R,SoC_SF,%,1
Repeating,1587,1,StringStateofHealth[10],,uint16,O,R,SoH_SF,%,1
Repeating,1588,1,StringCurrent[10],,sint16,M,R,A_SF,A,1
Repeating,1589,1,MaxCellVoltage[10],,uint16,M,R,CellV_SF,V,1
Repeating,1590,1,MaxCellVoltageModule[10],,uint16,O,R,,,1
Repeating,1591,1,MinCellVoltage[10],,uint16,M,R,CellV_SF,V,1
Repeating,1592,1,MinCellVoltageModule[10],,uint16,O,R,,,1
Repeating,1593,1,AverageCellVoltage[10],,uint16,M,R,CellV_SF,V,1
Repeating,1594,1,StrModTmpMax[10],,sint16,M,R,ModTmp_SF,C,1
Repeating,1595,1,StrModTmpMaxMod[10],,uint16,O,R,,,1
Repeating,1596,1,StrModTmpMin[10],,sint16,M,R,ModTmp_SF,C,1
Repeating,1597,1,StrModTmpMinMod[10],,uint16,O,R,,,1
Repeating,1598,1,StrModTmpAvg[10],,sint16,M,R,ModTmp_SF,C,1
Repeating,1599,1,DisabledReason[10],,enum16,O,R,,,1
Repeating,1600,2,ContactorStatus[10],,bitfield32,O,R,,,1
Repeating,1602,2,StringEvent1[10],,bitfield32,M,R,,,1
Repeating,1604,2,StringEvent2[10],,bitfield32,O,R,,,1
Repeating,1606,2,VendorStringEventBitfield1[10],,bitfield32,O,R,,,1
Repeating,1608,2,VendorStringEventBitfield2[10],,bitfield32,O,R,,,1
Repeating,1610,1,EnableDisableString[10],,enum16,O,RW,,,1
Repeating,1611,1,ConnectDisconnectString[10],,enum16,O,RW,,,1
Repeating,1612,1,Pad[10],,pad,M,R,,,1
Repeating,1613,1,Pad2[10],,pad,M,R,,,1
Repeating,1614,1,ModuleCount[11],,uint16,M,R,,,1
Repeating,1615,2,StringStatus[11],,bitfield32,M,R,,,1
Repeating,1617,1,ConnectionFailureReason[11],,enum16,O,R,,,1
Repeating,1618,1,StringStateofCharge[11],,uint16,M,R,SoC_SF,%,1
Repeating,1619,1,StringStateofHealth[11],,uint16,O,R,SoH_SF,%,1
Repeating,1620,1,StringCurrent[11],,sint16,M,R,A_SF,A,1
Repeating,1621,1,MaxCellVoltage[11],,uint16,M,R,CellV_SF,V,1
Repeating,1622,1,MaxCellVoltageModule[11],,uint16,O,R,,,1
Repeating,1623,1,MinCellVoltage[11],,uint16,M,R,CellV_SF,V,1
Repeating,1624,1,MinCellVoltageModule[11],,uint16,O,R,,,1
Repeating,1625,1,AverageCellVoltage[11],,uint16,M,R,CellV_SF,V,1
Repeating,1626,1,StrModTmpMax[11],,sint16,M,R,ModTmp_SF,C,1
Repeating,1627,1,StrModTmpMaxMod[11],,uint16,O,R,,,1
Repeating,1628,1,StrModTmpMin[11],,sint16,M,R,ModTmp_SF,C,1
Repeating,1629,1,StrModTmpMinMod[11],,uint16,O,R,,,1
Repeating,1630,1,StrModTmpAvg[11],,sint16,M,R,ModTmp_SF,C,1
Repeating,1631,1,DisabledReason[11],,enum16,O,R,,,1
Repeating,1632,2,ContactorStatus[11],,bitfield32,O,R,,,1
Repeating,1634,2,StringEvent1[11],,bitfield32,M,R,,,1
Repeating,1636,2,StringEvent2[11],,bitfield32,O,R,,,1
Repeating,1638,2,VendorStringEventBitfield1[11],,bitfield32,O,R,,,1
Repeating,1640,2,VendorStringEventBitfield2[11],,bitfield32,O,R,,,1
Repeating,1642,1,EnableDisableString[11],,enum16,O,RW,,,1
Repeating,1643,1,ConnectDisconnectString[11],,enum16,O,RW,,,1
Repeating,1644,1,Pad[11],,pad,M,R,,,1
Repeating,1645,1,Pad2[11],,pad,M,R,,,1
Repeating,1646,1,ModuleCount[12],,uint16,M,R,,,1
Repeating,1647,2,StringStatus[12],,bitfield32,M,R,,,1
Repeating,1649,1,ConnectionFailureReason[12],,enum16,O,R,,,1
Repeating,1650,1,StringStateofCharge[12],,uint16,M,R,SoC_SF,%,1
Repeating,1651,1,StringStateofHealth[12],,uint16,O,R,SoH_SF,%,1
Repeating,1652,1,StringCurrent[12],,sint16,M,R,A_SF,A,1
Repeating,1653,1,MaxCellVoltage[12],,uint16,M,R,CellV_SF,V,1
Repeating,1654,1,MaxCellVoltageModule[12],,uint16,O,R,,,1
Repeating,1655,1,MinCellVoltage[12],,uint16,M,R,CellV_SF,V,1
Repeating,1656,1,MinCellVoltageModule[12],,uint16,O,R,,,1
Repeating,1657,1,AverageCellVoltage[12],,uint16,M,R,CellV_SF,V,1
Repeating,1658,1,StrModTmpMax[12],,sint16,M,R,ModTmp_SF,C,1
Repeating,1659,1,StrModTmpMaxMod[12],,uint16,O,R,,,1
Repeating,1660,1,StrModTmpMin[12],,sint16,M,R,ModTmp_SF,C,1
Repeating,1661,1,StrModTmpMinMod[12],,uint16,O,R,,,1
Repeating,1662,1,StrModTmpAvg[12],,sint16,M,R,ModTmp_SF,C,1
Repeating,1663,1,DisabledReason[12],,enum16,O,R,,,1
Repeating,1664,2,ContactorStatus[12],,bitfield32,O,R,,,1
Repeating,1666,2,StringEvent1[12],,bitfield32,M,R,,,1
Repeating,1668,2,StringEvent2[12],,bitfield32,O,R,,,1
Repeating,1670,2,VendorStringEventBitfield1[12],,bitfield32,O,R,,,1
Repeating,1672,2,VendorStringEventBitfield2[12],,bitfield32,O,R,,,1
Repeating,1674,1,EnableDisableString[12],,enum16,O,RW,,,1
Repeating,1675,1,ConnectDisconnectString[12],,enum16,O,RW,,,1
Repeating,1676,1,Pad[12],,pad,M,R,,,1
Repeating,1677,1,Pad2[12],,pad,M,R,,,1
Repeating,1678,1,ModuleCount[13],,uint16,M,R,,,1
Repeating,1679,2,StringStatus[13],,bitfield32,M,R,,,1
Repeating,1681,1,ConnectionFailureReason[13],,enum16,O,R,,,1
Repeating,1682,1,StringStateofCharge[13],,uint16,M,R,SoC_SF,%,1
Repeating,1683,1,StringStateofHealth[13],,uint16,O,R,SoH_SF,%,1
Repeating,1684,1,StringCurrent[13],,sint16,M,R,A_SF,A,1
Repeating,1685,1,MaxCellVoltage[13],,uint16,M,R,CellV_SF,V,1
Repeating,1686,1,MaxCellVoltageModule[13],,uint16,O,R,,,1
Repeating,1687,1,MinCellVoltage[13],,uint16,M,R,CellV_SF,V,1
Repeating,1688,1,MinCellVoltageModule[13],,uint16,O,R,,,1
Repeating,1689,1,AverageCellVoltage[13],,uint16,M,R,CellV_SF,V,1
Repeating,1690,1,StrModTmpMax[13],,sint16,M,R,ModTmp_SF,C,1
Repeating,1691,1,StrModTmpMaxMod[13],,uint16,O,R,,,1
Repeating,1692,1,StrModTmpMin[13],,sint16,M,R,ModTmp_SF,C,1
Repeating,1693,1,StrModTmpMinMod[13],,uint16,O,R,,,1
Repeating,1694,1,StrModTmpAvg[13],,sint16,M,R,ModTmp_SF,C,1
Repeating,1695,1,DisabledReason[13],,enum16,O,R,,,1
Repeating,1696,2,ContactorStatus[13],,bitfield32,O,R,,,1
Repeating,1698,2,StringEvent1[13],,bitfield32,M,R,,,1
Repeating,1700,2,StringEvent2[13],,bitfield32,O,R,,,1
Repeating,1702,2,VendorStringEventBitfield1[13],,bitfield32,O,R,,,1
Repeating,1704,2,VendorStringEventBitfield2[13],,bitfield32,O,R,,,1
Repeating,1706,1,EnableDisableString[13],,enum16,O,RW,,,1
Repeating,1707,1,ConnectDisconnectString[13],,enum16,O,RW,,,1
Repeating,1708,1,Pad[13],,pad,M,R,,,1
Repeating,1709,1,Pad2[13],,pad,M,R,,,1
Repeating,1710,1,ModuleCount[14],,uint16,M,R,,,1
Repeating,1711,2,StringStatus[14],,bitfield32,M,R,,,1
Repeating,1713,1,ConnectionFailureReason[14],,enum16,O,R,,,1
Repeating,1714,1,StringStateofCharge[14],,uint16,M,R,SoC_SF,%,1
Repeating,1715,1,StringStateofHealth[14],,uint16,O,R,SoH_SF,%,1
Repeating,1716,1,StringCurrent[14],,sint16,M,R,A_SF,A,1
Repeating,1717,1,MaxCellVoltage[14],,uint16,M,R,CellV_SF,V,1
Repeating,1718,1,MaxCellVoltageModule[14],,uint16,O,R,,,1
Repeating,1719,1,MinCellVoltage[14],,uint16,M,R,CellV_SF,V,1
Repeating,1720,1,MinCellVoltageModule[14],,uint16,O,R,,,1
Repeating,1721,1,AverageCellVoltage[14],,uint16,M,R,CellV_SF,V,1
Repeating,1722,1,StrModTmpMax[14],,sint16,M,R,ModTmp_SF,C,1
Repeating,1723,1,StrModTmpMaxMod[14],,uint16,O,R,,,1
Repeating,1724,1,StrModTmpMin[14],,sint16,M,R,ModTmp_SF,C,1
Repeating,1725,1,StrModTmpMinMod[14],,uint16,O,R,,,1
Repeating,1726,1,StrModTmpAvg[14],,sint16,M,R,ModTmp_SF,C,1
Repeating,1727,1,DisabledReason[14],,enum16,O,R,,,1
Repeating,1728,2,ContactorStatus[14],,bitfield32,O,R,,,1
Repeating,1730,2,StringEvent1[14],,bitfield32,M,R,,,1
Repeating,1732,2,StringEvent2[14],,bitfield32,O,R,,,1
Repeating,1734,2,VendorStringEventBitfield1[14],,bitfield32,O,R,,,1
Repeating,1736,2,VendorStringEventBitfield2[14],,bitfield32,O,R,,,1
Repeating,1738,1,EnableDisableString[14],,enum16,O,RW,,,1
Repeating,1739,1,ConnectDisconnectString[14],,enum16,O,RW,,,1
Repeating,1740,1,Pad[14],,pad,M,R,,,1
Repeating,1741,1,Pad2[14],,pad,M,R,,,1
Repeating,1742,1,ModuleCount[15],,uint16,M,R,,,1
Repeating,1743,2,StringStatus[15],,bitfield32,M,R,,,1
Repeating,1745,1,ConnectionFailureReason[15],,enum16,O,R,,,1
Repeating,1746,1,StringStateofCharge[15],,uint16,M,R,SoC_SF,%,1
Repeating,1747,1,StringStateofHealth[15],,uint16,O,R,SoH_SF,%,1
Repeating,1748,1,StringCurrent[15],,sint16,M,R,A_SF,A,1
Repeating,1749,1,MaxCellVoltage[15],,uint16,M,R,CellV_SF,V,1
Repeating,1750,1,MaxCellVoltageModule[15],,uint16,O,R,,,1
Repeating,1751,1,MinCellVoltage[15],,uint16,M,R,CellV_SF,V,1
Repeating,1752,1,MinCellVoltageModule[15],,uint16,O,R,,,1
Repeating,1753,1,AverageCellVoltage[15],,uint16,M,R,CellV_SF,V,1
Repeating,1754,1,StrModTmpMax[15],,sint16,M,R,ModTmp_SF,C,1
Repeating,1755,1,StrModTmpMaxMod[15],,uint16,O,R,,,1
Repeating,1756,1,StrModTmpMin[15],,sint16,M,R,ModTmp_SF,C,1
Repeating,1757,1,StrModTmpMinMod[15],,uint16,O,R,,,1
Repeating,1758,1,StrModTmpAvg[15],,sint16,M,R,ModTmp_SF,C,1
Repeating,1759,1,DisabledReason[15],,enum16,O,R,,,1
Repeating,1760,2,ContactorStatus[15],,bitfield32,O,R,,,1
Repeating,1762,2,StringEvent1[15],,bitfield32,M,R,,,1
Repeating,1764,2,StringEvent2[15],,bitfield32,O,R,,,1
Repeating,1766,2,VendorStringEventBitfield1[15],,bitfield32,O,R,,,1
Repeating,1768,2,VendorStringEventBitfield2[15],,bitfield32,O,R,,,1
Repeating,1770,1,EnableDisableString[15],,enum16,O,RW,,,1
Repeating,1771,1,ConnectDisconnectString[15],,enum16,O,RW,,,1
Repeating,1772,1,Pad[15],,pad,M,R,,,1
Repeating,1773,1,Pad2[15],,pad,M,R,,,1
Repeating,1774,1,ModuleCount[16],,uint16,M,R,,,1
Repeating,1775,2,StringStatus[16],,bitfield32,M,R,,,1
Repeating,1777,1,ConnectionFailureReason[16],,enum16,O,R,,,1
Repeating,1778,1,StringStateofCharge[16],,uint16,M,R,SoC_SF,%,1
Repeating,1779,1,StringStateofHealth[16],,uint16,O,R,SoH_SF,%,1
Repeating,1780,1,StringCurrent[16],,sint16,M,R,A_SF,A,1
Repeating,1781,1,MaxCellVoltage[16],,uint16,M,R,CellV_SF,V,1
Repeating,1782,1,MaxCellVoltageModule[16],,uint16,O,R,,,1
Repeating,1783,1,MinCellVoltage[16],,uint16,M,R,CellV_SF,V,1
Repeating,1784,1,MinCellVoltageModule[16],,uint16,O,R,,,1
Repeating,1785,1,AverageCellVoltage[16],,uint16,M,R,CellV_SF,V,1
Repeating,1786,1,StrModTmpMax[16],,sint16,M,R,ModTmp_SF,C,1
Repeating,1787,1,StrModTmpMaxMod[16],,uint16,O,R,,,1
Repeating,1788,1,StrModTmpMin[16],,sint16,M,R,ModTmp_SF,C,1
Repeating,1789,1,StrModTmpMinMod[16],,uint16,O,R,,,1
Repeating,1790,1,StrModTmpAvg[16],,sint16,M,R,ModTmp_SF,C,1
Repeating,1791,1,DisabledReason[16],,enum16,O,R,,,1
Repeating,1792,2,ContactorStatus[16],,bitfield32,O,R,,,1
Repeating,1794,2,StringEvent1[16],,bitfield32,M,R,,,1
Repeating,1796,2,StringEvent2[16],,bitfield32,O,R,,,1
Repeating,1798,2,VendorStringEventBitfield1[16],,bitfield32,O,R,,,1
Repeating,1800,2,VendorStringEventBitfield2[16],,bitfield32,O,R,,,1
Repeating,1802,1,EnableDisableString[16],,enum16,O,RW,,,1
Repeating,1803,1,ConnectDisconnectString[16],,enum16,O,RW,,,1
Repeating,1804,1,Pad[16],,pad,M,R,,,1
Repeating,1805,1,Pad2[16],,pad,M,R,,,1
Repeating,1806,1,ModuleCount[17],,uint16,M,R,,,1
Repeating,1807,2,StringStatus[17],,bitfield32,M,R,,,1
Repeating,1809,1,ConnectionFailureReason[17],,enum16,O,R,,,1
Repeating,1810,1,StringStateofCharge[17],,uint16,M,R,SoC_SF,%,1
Repeating,1811,1,StringStateofHealth[17],,uint16,O,R,SoH_SF,%,1
Repeating,1812,1,StringCurrent[17],,sint16,M,R,A_SF,A,1
Repeating,1813,1,MaxCellVoltage[17],,uint16,M,R,CellV_SF,V,1
Repeating,1814,1,MaxCellVoltageModule[17],,uint16,O,R,,,1
Repeating,1815,1,MinCellVoltage[17],,uint16,M,R,CellV_SF,V,1
Repeating,1816,1,MinCellVoltageModule[17],,uint16,O,R,,,1
Repeating,1817,1,AverageCellVoltage[17],,uint16,M,R,CellV_SF,V,1
Repeating,1818,1,StrModTmpMax[17],,sint16,M,R,ModTmp_SF,C,1
Repeating,1819,1,StrModTmpMaxMod[17],,uint16,O,R,,,1
Repeating,1820,1,StrModTmpMin[17],,sint16,M,R,ModTmp_SF,C,1
Repeating,1821,1,StrModTmpMinMod[17],,uint16,O,R,,,1
Repeating,1822,1,StrModTmpAvg[17],,sint16,M,R,ModTmp_SF,C,1
Repeating,1823,1,DisabledReason[17],,enum16,O,R,,,1
Repeating,1824,2,ContactorStatus[17],,bitfield32,O,R,,,1
Repeating,1826,2,StringEvent1[17],,bitfield32,M,R,,,1
Repeating,1828,2,StringEvent2[17],,bitfield32,O,R,,,1
Repeating,1830,2,VendorStringEventBitfield1[17],,bitfield32,O,R,,,1
Repeating,1832,2,VendorStringEventBitfield2[17],,bitfield32,O,R,,,1
Repeating,1834,1,EnableDisableString[17],,enum16,O,RW,,,1
Repeating,1835,1,ConnectDisconnectString[17],,enum16,O,RW,,,1
Repeating,1836,1,Pad[17],,pad,M,R,,,1
Repeating,1837,1,Pad2[17],,pad,M,R,,,1
Repeating,1838,1,ModuleCount[18],,uint16,M,R,,,1
Repeating,1839,2,StringStatus[18],,bitfield32,M,R,,,1
Repeating,1841,1,ConnectionFailureReason[18],,enum16,O,R,,,1
Repeating,1842,1,StringStateofCharge[18],,uint16,M,R,SoC_SF,%,1
Repeating,1843,1,StringStateofHealth[18],,uint16,O,R,SoH_SF,%,1
Repeating,1844,1,StringCurrent[18],,sint16,M,R,A_SF,A,1
Repeating,1845,1,MaxCellVoltage[18],,uint16,M,R,CellV_SF,V,1
Repeating,1846,1,MaxCellVoltageModule[18],,uint16,O,R,,,1
Repeating,1847,1,MinCellVoltage[18],,uint16,M,R,CellV_SF,V,1
Repeating,1848,1,MinCellVoltageModule[18],,uint16,O,R,,,1
Repeating,1849,1,AverageCellVoltage[18],,uint16,M,R,CellV_SF,V,1
Repeating,1850,1,StrModTmpMax[18],,sint16,M,R,ModTmp_SF,C,1
Repeating,1851,1,StrModTmpMaxMod[18],,uint16,O,R,,,1
Repeating,1852,1,StrModTmpMin[18],,sint16,M,R,ModTmp_SF,C,1
Repeating,1853,1,StrModTmpMinMod[18],,uint16,O,R,,,1
Repeating,1854,1,StrModTmpAvg[18],,sint16,M,R,ModTmp_SF,C,1
Repeating,1855,1,DisabledReason[18],,enum16,O,R,,,1
Repeating,1856,2,ContactorStatus[18],,bitfield32,O,R,,,1
Repeating,1858,2,StringEvent1[18],,bitfield32,M,R,,,1
Repeating,1860,2,StringEvent2[18],,bitfield32,O,R,,,1
Repeating,1862,2,VendorStringEventBitfield1[18],,bitfield32,O,R,,,1
Repeating,1864,2,VendorStringEventBitfield2[18],,bitfield32,O,R,,,1
Repeating,1866,1,EnableDisableString[18],,enum16,O,RW,,,1
Repeating,1867,1,ConnectDisconnectString[18],,enum16,O,RW,,,1
Repeating,1868,1,Pad[18],,pad,M,R,,,1
Repeating,1869,1,Pad2[18],,pad,M,R,,,1
Repeating,1870,1,ModuleCount[19],,uint16,M,R,,,1
Repeating,1871,2,StringStatus[19],,bitfield32,M,R,,,1
Repeating,1873,1,ConnectionFailureReason[19],,enum16,O,R,,,1
Repeating,1874,1,StringStateofCharge[19],,uint16,M,R,SoC_SF,%,1
Repeating,1875,1,StringStateofHealth[19],,uint16,O,R,SoH_SF,%,1
Repeating,1876,1,StringCurrent[19],,sint16,M,R,A_SF,A,1
Repeating,1877,1,MaxCellVoltage[19],,uint16,M,R,CellV_SF,V,1
Repeating,1878,1,MaxCellVoltageModule[19],,uint16,O,R,,,1
Repeating,1879,1,MinCellVoltage[19],,uint16,M,R,CellV_SF,V,1
Repeating,1880,1,MinCellVoltageModule[19],,uint16,O,R,,,1
Repeating,1881,1,AverageCellVoltage[19],,uint16,M,R,CellV_SF,V,1
Repeating,1882,1,StrModTmpMax[19],,sint16,M,R,ModTmp_SF,C,1
Repeating,1883,1,StrModTmpMaxMod[19],,uint16,O,R,,,1
Repeating,1884,1,StrModTmpMin[19],,sint16,M,R,ModTmp_SF,C,1
Repeating,1885,1,StrModTmpMinMod[19],,uint16,O,R,,,1
Repeating,1886,1,StrModTmpAvg[19],,sint16,M,R,ModTmp_SF,C,1
Repeating,1887,1,DisabledReason[19],,enum16,O,R,,,1
Repeating,1888,2,ContactorStatus[19],,bitfield32,O,R,,,1
Repeating,1890,2,StringEvent1[19],,bitfield32,M,R,,,1
Repeating,1892,2,StringEvent2[19],,bitfield32,O,R,,,1
Repeating,1894,2,VendorStringEventBitfield1[19],,bitfield32,O,R,,,1
Repeating,1896,2,VendorStringEventBitfield2[19],,bitfield32,O,R,,,1
Repeating,1898,1,EnableDisableString[19],,enum16,O,RW,,,1
Repeating,1899,1,ConnectDisconnectString[19],,enum16,O,RW,,,1
Repeating,1900,1,Pad[19],,pad,M,R,,,1
Repeating,1901,1,Pad2[19],,pad,M,R,,,1
Repeating,1902,1,ModuleCount[20],,uint16,M,R,,,1
Repeating,1903,2,StringStatus[20],,bitfield32,M,R,,,1
Repeating,1905,1,ConnectionFailureReason[20],,enum16,O,R,,,1
Repeating,1906,1,StringStateofCharge[20],,uint16,M,R,SoC_SF,%,1
Repeating,1907,1,StringStateofHealth[20],,uint16,O,R,SoH_SF,%,1
Repeating,1908,1,StringCurrent[20],,sint16,M,R,A_SF,A,1
Repeating,1909,1,MaxCellVoltage[20],,uint16,M,R,CellV_SF,V,1
Repeating,1910,1,MaxCellVoltageModule[20],,uint16,O,R,,,1
Repeating,1911,1,MinCellVoltage[20],,uint16,M,R,CellV_SF,V,1
Repeating,1912,1,MinCellVoltageModule[20],,uint16,O,R,,,1
Repeating,1913,1,AverageCellVoltage[20],,uint16,M,R,CellV_SF,V,1
Repeating,1914,1,StrModTmpMax[20],,sint16,M,R,ModTmp_SF,C,1
Repeating,1915,1,StrModTmpMaxMod[20],,uint16,O,R,,,1
Repeating,1916,1,StrModTmpMin[20],,sint16,M,R,ModTmp_SF,C,1
Repeating,1917,1,StrModTmpMinMod[20],,uint16,O,R,,,1
Repeating,1918,1,StrModTmpAvg[20],,sint16,M,R,ModTmp_SF,C,1
Repeating,1919,1,DisabledReason[20],,enum16,O,R,,,1
Repeating,1920,2,ContactorStatus[20],,bitfield32,O,R,,,1
Repeating,1922,2,StringEvent1[20],,bitfield32,M,R,,,1
Repeating,1924,2,StringEvent2[20],,bitfield32,O,R,,,1
Repeating,1926,2,VendorStringEventBitfield1[20],,bitfield32,O,R,,,1
Repeating,1928,2,VendorStringEventBitfield2[20],,bitfield32,O,R,,,1
Repeating,1930,1,EnableDisableString[20],,enum16,O,RW,,,1
Repeating,1931,1,ConnectDisconnectString[20],,enum16,O,RW,,,1
Repeating,1932,1,Pad[20],,pad,M,R,,,1
Repeating,1933,1,Pad2[20],,pad,M,R,,,1
Repeating,1934,1,ModuleCount[21],,uint16,M,R,,,1
Repeating,1935,2,StringStatus[21],,bitfield32,M,R,,,1
Repeating,1937,1,ConnectionFailureReason[21],,enum16,O,R,,,1
Repeating,1938,1,StringStateofCharge[21],,uint16,M,R,SoC_SF,%,1
Repeating,1939,1,StringStateofHealth[21],,uint16,O,R,SoH_SF,%,1
Repeating,1940,1,StringCurrent[21],,sint16,M,R,A_SF,A,1
Repeating,1941,1,MaxCellVoltage[21],,uint16,M,R,CellV_SF,V,1
Repeating,1942,1,MaxCellVoltageModule[21],,uint16,O,R,,,1
Repeating,1943,1,MinCellVoltage[21],,uint16,M,R,CellV_SF,V,1
Repeating,1944,1,MinCellVoltageModule[21],,uint16,O,R,,,1
Repeating,1945,1,AverageCellVoltage[21],,uint16,M,R,CellV_SF,V,1
Repeating,1946,1,StrModTmpMax[21],,sint16,M,R,ModTmp_SF,C,1
Repeating,1947,1,StrModTmpMaxMod[21],,uint16,O,R,,,1
Repeating,1948,1,StrModTmpMin[21],,sint16,M,R,ModTmp_SF,C,1
Repeating,1949,1,StrModTmpMinMod[21],,uint16,O,R,,,1
Repeating,1950,1,StrModTmpAvg[21],,sint16,M,R,ModTmp_SF,C,1
Repeating,1951,1,DisabledReason[21],,enum16,O,R,,,1
Repeating,1952,2,ContactorStatus[21],,bitfield32,O,R,,,1
Repeating,1954,2,StringEvent1[21],,bitfield32,M,R,,,1
Repeating,1956,2,StringEvent2[21],,bitfield32,O,R,,,1
Repeating,1958,2,VendorStringEventBitfield1[21],,bitfield32,O,R,,,1
Repeating,1960,2,VendorStringEventBitfield2[21],,bitfield32,O,R,,,1
Repeating,1962,1,EnableDisableString[21],,enum16,O,RW,,,1
Repeating,1963,1,ConnectDisconnectString[21],,enum16,O,RW,,,1
Repeating,1964,1,Pad[21],,pad,M,R,,,1
Repeating,1965,1,Pad2[21],,pad,M,R,,,1
Repeating,1966,1,ModuleCount[22],,uint16,M,R,,,1
Repeating,1967,2,StringStatus[22],,bitfield32,M,R,,,1
Repeating,1969,1,ConnectionFailureReason[22],,enum16,O,R,,,1
Repeating,1970,1,StringStateofCharge[22],,uint16,M,R,SoC_SF,%,1
Repeating,1971,1,StringStateofHealth[22],,uint16,O,R,SoH_SF,%,1
Repeating,1972,1,StringCurrent[22],,sint16,M,R,A_SF,A,1
Repeating,1973,1,MaxCellVoltage[22],,uint16,M,R,CellV_SF,V,1
Repeating,1974,1,MaxCellVoltageModule[22],,uint16,O,R,,,1
Repeating,1975,1,MinCellVoltage[22],,uint16,M,R,CellV_SF,V,1
Repeating,1976,1,MinCellVoltageModule[22],,uint16,O,R,,,1
Repeating,1977,1,AverageCellVoltage[22],,uint16,M,R,CellV_SF,V,1
Repeating,1978,1,StrModTmpMax[22],,sint16,M,R,ModTmp_SF,C,1
Repeating,1979,1,StrModTmpMaxMod[22],,uint16,O,R,,,1
Repeating,1980,1,StrModTmpMin[22],,sint16,M,R,ModTmp_SF,C,1
Repeating,1981,1,StrModTmpMinMod[22],,uint16,O,R,,,1
Repeating,1982,1,StrModTmpAvg[22],,sint16,M,R,ModTmp_SF,C,1
Repeating,1983,1,DisabledReason[22],,enum16,O,R,,,1
Repeating,1984,2,ContactorStatus[22],,bitfield32,O,R,,,1
Repeating,1986,2,StringEvent1[22],,bitfield32,M,R,,,1
Repeating,1988,2,StringEvent2[22],,bitfield32,O,R,,,1
Repeating,1990,2,VendorStringEventBitfield1[22],,bitfield32,O,R,,,1
Repeating,1992,2,VendorStringEventBitfield2[22],,bitfield32,O,R,,,1
Repeating,1994,1,EnableDisableString[22],,enum16,O,RW,,,1
Repeating,1995,1,ConnectDisconnectString[22],,enum16,O,RW,,,1
Repeating,1996,1,Pad[22],,pad,M,R,,,1
Repeating,1997,1,Pad2[22],,pad,M,R,,,1
Repeating,1998,1,ModuleCount[23],,uint16,M,R,,,1
Repeating,1999,2,StringStatus[23],,bitfield32,M,R,,,1
Repeating,2001,1,ConnectionFailureReason[23],,enum16,O,R,,,1
Repeating,2002,1,StringStateofCharge[23],,uint16,M,R,SoC_SF,%,1
Repeating,2003,1,StringStateofHealth[23],,uint16,O,R,SoH_SF,%,1
Repeating,2004,1,StringCurrent[23],,sint16,M,R,A_SF,A,1
Repeating,2005,1,MaxCellVoltage[23],,uint16,M,R,CellV_SF,V,1
Repeating,2006,1,MaxCellVoltageModule[23],,uint16,O,R,,,1
Repeating,2007,1,MinCellVoltage[23],,uint16,M,R,CellV_SF,V,1
Repeating,2008,1,MinCellVoltageModule[23],,uint16,O,R,,,1
Repeating,2009,1,AverageCellVoltage[23],,uint16,M,R,CellV_SF,V,1
Repeating,2010,1,StrModTmpMax[23],,sint16,M,R,ModTmp_SF,C,1
Repeating,2011,1,StrModTmpMaxMod[23],,uint16,O,R,,,1
Repeating,2012,1,StrModTmpMin[23],,sint16,M,R,ModTmp_SF,C,1
Repeating,2013,1,StrModTmpMinMod[23],,uint16,O,R,,,1
Repeating,2014,1,StrModTmpAvg[23],,sint16,M,R,ModTmp_SF,C,1
Repeating,2015,1,DisabledReason[23],,enum16,O,R,,,1
Repeating,2016,2,ContactorStatus[23],,bitfield32,O,R,,,1
Repeating,2018,2,StringEvent1[23],,bitfield32,M,R,,,1
Repeating,2020,2,StringEvent2[23],,bitfield32,O,R,,,1
Repeating,2022,2,VendorStringEventBitfield1[23],,bitfield32,O,R,,,1
Repeating,2024,2,VendorStringEventBitfield2[23],,bitfield32,O,R,,,1
Repeating,2026,1,EnableDisableString[23],,enum16,O,RW,,,1
Repeating,2027,1,ConnectDisconnectString[23],,enum16,O,RW,,,1
Repeating,2028,1,Pad[23],,pad,M,R,,,1
Repeating,2029,1,Pad2[23],,pad,M,R,,,1
Repeating,2030,1,ModuleCount[24],,uint16,M,R,,,1
Repeating,2031,2,StringStatus[24],,bitfield32,M,R,,,1
Repeating,2033,1,ConnectionFailureReason[24],,enum16,O,R,,,1
Repeating,2034,1,StringStateofCharge[24],,uint16,M,R,SoC_SF,%,1
Repeating,2035,1,StringStateofHealth[24],,uint16,O,R,SoH_SF,%,1
Repeating,2036,1,StringCurrent[24],,sint16,M,R,A_SF,A,1
Repeating,2037,1,MaxCellVoltage[24],,uint16,M,R,CellV_SF,V,1
Repeating,2038,1,MaxCellVoltageModule[24],,uint16,O,R,,,1
Repeating,2039,1,MinCellVoltage[24],,uint16,M,R,CellV_SF,V,1
Repeating,2040,1,MinCellVoltageModule[24],,uint16,O,R,,,1
Repeating,2041,1,AverageCellVoltage[24],,uint16,M,R,CellV_SF,V,1
Repeating,2042,1,StrModTmpMax[24],,sint16,M,R,ModTmp_SF,C,1
Repeating,2043,1,StrModTmpMaxMod[24],,uint16,O,R,,,1
Repeating,2044,1,StrModTmpMin[24],,sint16,M,R,ModTmp_SF,C,1
Repeating,2045,1,StrModTmpMinMod[24],,uint16,O,R,,,1
Repeating,2046,1,StrModTmpAvg[24],,sint16,M,R,ModTmp_SF,C,1
Repeating,2047,1,DisabledReason[24],,enum16,O,R,,,1
Repeating,2048,2,ContactorStatus[24],,bitfield32,O,R,,,1
Repeating,2050,2,StringEvent1[24],,bitfield32,M,R,,,1
Repeating,2052,2,StringEvent2[24],,bitfield32,O,R,,,1
Repeating,2054,2,VendorStringEventBitfield1[24],,bitfield32,O,R,,,1
Repeating,2056,2,VendorStringEventBitfield2[24],,bitfield32,O,R,,,1
Repeating,2058,1,EnableDisableString[24],,enum16,O,RW,,,1
Repeating,2059,1,ConnectDisconnectString[24],,enum16,O,RW,,,1
Repeating,2060,1,Pad[24],,pad,M,R,,,1
Repeating,2061,1,Pad2[24],,pad,M,R,,,1
Repeating,2062,1,ModuleCount[25],,uint16,M,R,,,1
Repeating,2063,2,StringStatus[25],,bitfield32,M,R,,,1
Repeating,2065,1,ConnectionFailureReason[25],,enum16,O,R,,,1
Repeating,2066,1,StringStateofCharge[25],,uint16,M,R,SoC_SF,%,1
Repeating,2067,1,StringStateofHealth[25],,uint16,O,R,SoH_SF,%,1
Repeating,2068,1,StringCurrent[25],,sint16,M,R,A_SF,A,1
Repeating,2069,1,MaxCellVoltage[25],,uint16,M,R,CellV_SF,V,1
Repeating,2070,1,MaxCellVoltageModule[25],,uint16,O,R,,,1
Repeating,2071,1,MinCellVoltage[25],,uint16,M,R,CellV_SF,V,1
Repeating,2072,1,MinCellVoltageModule[25],,uint16,O,R,,,1
Repeating,2073,1,AverageCellVoltage[25],,uint16,M,R,CellV_SF,V,1
Repeating,2074,1,StrModTmpMax[25],,sint16,M,R,ModTmp_SF,C,1
Repeating,2075,1,StrModTmpMaxMod[25],,uint16,O,R,,,1
Repeating,2076,1,StrModTmpMin[25],,sint16,M,R,ModTmp_SF,C,1
Repeating,2077,1,StrModTmpMinMod[25],,uint16,O,R,,,1
Repeating,2078,1,StrModTmpAvg[25],,sint16,M,R,ModTmp_SF,C,1
Repeating,2079,1,DisabledReason[25],,enum16,O,R,,,1
Repeating,2080,2,ContactorStatus[25],,bitfield32,O,R,,,1
Repeating,2082,2,StringEvent1[25],,bitfield32,M,R,,,1
Repeating,2084,2,StringEvent2[25],,bitfield32,O,R,,,1
Repeating,2086,2,VendorStringEventBitfield1[25],,bitfield32,O,R,,,1
Repeating,2088,2,VendorStringEventBitfield2[25],,bitfield32,O,R,,,1
Repeating,2090,1,EnableDisableString[25],,enum16,O,RW,,,1
Repeating,2091,1,ConnectDisconnectString[25],,enum16,O,RW,,,1
Repeating,2092,1,Pad[25],,pad,M,R,,,1
Repeating,2093,1,Pad2[25],,pad,M,R,,,1
Repeating,2094,1,ModuleCount[26],,uint16,M,R,,,1
Repeating,2095,2,StringStatus[26],,bitfield32,M,R,,,1
Repeating,2097,1,ConnectionFailureReason[26],,enum16,O,R,,,1
Repeating,2098,1,StringStateofCharge[26],,uint16,M,R,SoC_SF,%,1
Repeating,2099,1,StringStateofHealth[26],,uint16,O,R,SoH_SF,%,1
Repeating,2100,1,StringCurrent[26],,sint16,M,R,A_SF,A,1
Repeating,2101,1,MaxCellVoltage[26],,uint16,M,R,CellV_SF,V,1
Repeating,2102,1,MaxCellVoltageModule[26],,uint16,O,R,,,1
Repeating,2103,1,MinCellVoltage[26],,uint16,M,R,CellV_SF,V,1
Repeating,2104,1,MinCellVoltageModule[26],,uint16,O,R,,,1
Repeating,2105,1,AverageCellVoltage[26],,uint16,M,R,CellV_SF,V,1
Repeating,2106,1,StrModTmpMax[26],,sint16,M,R,ModTmp_SF,C,1
Repeating,2107,1,StrModTmpMaxMod[26],,uint16,O,R,,,1
Repeating,2108,1,StrModTmpMin[26],,sint16,M,R,ModTmp_SF,C,1
Repeating,2109,1,StrModTmpMinMod[26],,uint16,O,R,,,1
Repeating,2110,1,StrModTmpAvg[26],,sint16,M,R,ModTmp_SF,C,1
Repeating,2111,1,DisabledReason[26],,enum16,O,R,,,1
Repeating,2112,2,ContactorStatus[26],,bitfield32,O,R,,,1
Repeating,2114,2,StringEvent1[26],,bitfield32,M,R,,,1
Repeating,2116,2,StringEvent2[26],,bitfield32,O,R,,,1
Repeating,2118,2,VendorStringEventBitfield1[26],,bitfield32,O,R,,,1
Repeating,2120,2,VendorStringEventBitfield2[26],,bitfield32,O,R,,,1
Repeating,2122,1,EnableDisableString[26],,enum16,O,RW,,,1
Repeating,2123,1,ConnectDisconnectString[26],,enum16,O,RW,,,1
Repeating,2124,1,Pad[26],,pad,M,R,,,1
Repeating,2125,1,Pad2[26],,pad,M,R,,,1
Repeating,2126,1,ModuleCount[27],,uint16,M,R,,,1
Repeating,2127,2,StringStatus[27],,bitfield32,M,R,,,1
Repeating,2129,1,ConnectionFailureReason[27],,enum16,O,R,,,1
Repeating,2130,1,StringStateofCharge[27],,uint16,M,R,SoC_SF,%,1
Repeating,2131,1,StringStateofHealth[27],,uint16,O,R,SoH_SF,%,1
Repeating,2132,1,StringCurrent[27],,sint16,M,R,A_SF,A,1
Repeating,2133,1,MaxCellVoltage[27],,uint16,M,R,CellV_SF,V,1
Repeating,2134,1,MaxCellVoltageModule[27],,uint16,O,R,,,1
Repeating,2135,1,MinCellVoltage[27],,uint16,M,R,CellV_SF,V,1
Repeating,2136,1,MinCellVoltageModule[27],,uint16,O,R,,,1
Repeating,2137,1,AverageCellVoltage[27],,uint16,M,R,CellV_SF,V,1
Repeating,2138,1,StrModTmpMax[27],,sint16,M,R,ModTmp_SF,C,1
Repeating,2139,1,StrModTmpMaxMod[27],,uint16,O,R,,,1
Repeating,2140,1,StrModTmpMin[27],,sint16,M,R,ModTmp_SF,C,1
Repeating,2141,1,StrModTmpMinMod[27],,uint16,O,R,,,1
Repeating,2142,1,StrModTmpAvg[27],,sint16,M,R,ModTmp_SF,C,1
Repeating,2143,1,DisabledReason[27],,enum16,O,R,,,1
Repeating,2144,2,ContactorStatus[27],,bitfield32,O,R,,,1
Repeating,2146,2,StringEvent1[27],,bitfield32,M,R,,,1
Repeating,2148,2,StringEvent2[27],,bitfield32,O,R,,,1
Repeating,2150,2,VendorStringEventBitfield1[27],,bitfield32,O,R,,,1
Repeating,2152,2,VendorStringEventBitfield2[27],,bitfield32,O,R,,,1
Repeating,2154,1,EnableDisableString[27],,enum16,O,RW,,,1
Repeating,2155,1,ConnectDisconnectString[27],,enum16,O,RW,,,1
Repeating,2156,1,Pad[27],,pad,M,R,,,1
Repeating,2157,1,Pad2[27],,pad,M,R,,,1
Repeating,2158,1,ModuleCount[28],,uint16,M,R,,,1
Repeating,2159,2,StringStatus[28],,bitfield32,M,R,,,1
Repeating,2161,1,ConnectionFailureReason[28],,enum16,O,R,,,1
Repeating,2162,1,StringStateofCharge[28],,uint16,M,R,SoC_SF,%,1
Repeating,2163,1,StringStateofHealth[28],,uint16,O,R,SoH_SF,%,1
Repeating,2164,1,StringCurrent[28],,sint16,M,R,A_SF,A,1
Repeating,2165,1,MaxCellVoltage[28],,uint16,M,R,CellV_SF,V,1
Repeating,2166,1,MaxCellVoltageModule[28],,uint16,O,R,,,1
Repeating,2167,1,MinCellVoltage[28],,uint16,M,R,CellV_SF,V,1
Repeating,2168,1,MinCellVoltageModule[28],,uint16,O,R,,,1
Repeating,2169,1,AverageCellVoltage[28],,uint16,M,R,CellV_SF,V,1
Repeating,2170,1,StrModTmpMax[28],,sint16,M,R,ModTmp_SF,C,1
Repeating,2171,1,StrModTmpMaxMod[28],,uint16,O,R,,,1
Repeating,2172,1,StrModTmpMin[28],,sint16,M,R,ModTmp_SF,C,1
Repeating,2173,1,StrModTmpMinMod[28],,uint16,O,R,,,1
Repeating,2174,1,StrModTmpAvg[28],,sint16,M,R,ModTmp_SF,C,1
Repeating,2175,1,DisabledReason[28],,enum16,O,R,,,1
Repeating,2176,2,ContactorStatus[28],,bitfield32,O,R,,,1
Repeating,2178,2,StringEvent1[28],,bitfield32,M,R,,,1
Repeating,2180,2,StringEvent2[28],,bitfield32,O,R,,,1
Repeating,2182,2,VendorStringEventBitfield1[28],,bitfield32,O,R,,,1
Repeating,2184,2,VendorStringEventBitfield2[28],,bitfield32,O,R,,,1
Repeating,2186,1,EnableDisableString[28],,enum16,O,RW,,,1
Repeating,2187,1,ConnectDisconnectString[28],,enum16,O,RW,,,1
Repeating,2188,1,Pad[28],,pad,M,R,,,1
Repeating,2189,1,Pad2[28],,pad,M,R,,,1
Repeating,2190,1,ModuleCount[29],,uint16,M,R,,,1
Repeating,2191,2,StringStatus[29],,bitfield32,M,R,,,1
Repeating,2193,1,ConnectionFailureReason[29],,enum16,O,R,,,1
Repeating,2194,1,StringStateofCharge[29],,uint16,M,R,SoC_SF,%,1
Repeating,2195,1,StringStateofHealth[29],,uint16,O,R,SoH_SF,%,1
Repeating,2196,1,StringCurrent[29],,sint16,M,R,A_SF,A,1
Repeating,2197,1,MaxCellVoltage[29],,uint16,M,R,CellV_SF,V,1
Repeating,2198,1,MaxCellVoltageModule[29],,uint16,O,R,,,1
Repeating,2199,1,MinCellVoltage[29],,uint16,M,R,CellV_SF,V,1
Repeating,2200,1,MinCellVoltageModule[29],,uint16,O,R,,,1
Repeating,2201,1,AverageCellVoltage[29],,uint16,M,R,CellV_SF,V,1
Repeating,2202,1,StrModTmpMax[29],,sint16,M,R,ModTmp_SF,C,1
Repeating,2203,1,StrModTmpMaxMod[29],,uint16,O,R,,,1
Repeating,2204,1,StrModTmpMin[29],,sint16,M,R,ModTmp_SF,C,1
Repeating,2205,1,StrModTmpMinMod[29],,uint16,O,R,,,1
Repeating,2206,1,StrModTmpAvg[29],,sint16,M,R,ModTmp_SF,C,1
Repeating,2207,1,DisabledReason[29],,enum16,O,R,,,1
Repeating,2208,2,ContactorStatus[29],,bitfield32,O,R,,,1
Repeating,2210,2,StringEvent1[29],,bitfield32,M,R,,,1
Repeating,2212,2,StringEvent2[29],,bitfield32,O,R,,,1
Repeating,2214,2,VendorStringEventBitfield1[29],,bitfield32,O,R,,,1
Repeating,2216,2,VendorStringEventBitfield2[29],,bitfield32,O,R,,,1
Repeating,2218,1,EnableDisableString[29],,enum16,O,RW,,,1
Repeating,2219,1,ConnectDisconnectString[29],,enum16,O,RW,,,1
Repeating,2220,1,Pad[29],,pad,M,R,,,1
Repeating,2221,1,Pad2[29],,pad,M,R,,,1
Repeating,2222,1,ModuleCount[30],,uint16,M,R,,,1
Repeating,2223,2,StringStatus[30],,bitfield32,M,R,,,1
Repeating,2225,1,ConnectionFailureReason[30],,enum16,O,R,,,1
Repeating,2226,1,StringStateofCharge[30],,uint16,M,R,SoC_SF,%,1
Repeating,2227,1,StringStateofHealth[30],,uint16,O,R,SoH_SF,%,1
Repeating,2228,1,StringCurrent[30],,sint16,M,R,A_SF,A,1
Repeating,2229,1,MaxCellVoltage[30],,uint16,M,R,CellV_SF,V,1
Repeating,2230,1,MaxCellVoltageModule[30],,uint16,O,R,,,1
Repeating,2231,1,MinCellVoltage[30],,uint16,M,R,CellV_SF,V,1
Repeating,2232,1,MinCellVoltageModule[30],,uint16,O,R,,,1
Repeating,2233,1,AverageCellVoltage[30],,uint16,M,R,CellV_SF,V,1
Repeating,2234,1,StrModTmpMax[30],,sint16,M,R,ModTmp_SF,C,1
Repeating,2235,1,StrModTmpMaxMod[30],,uint16,O,R,,,1
Repeating,2236,1,StrModTmpMin[30],,sint16,M,R,ModTmp_SF,C,1
Repeating,2237,1,StrModTmpMinMod[30],,uint16,O,R,,,1
Repeating,2238,1,StrModTmpAvg[30],,sint16,M,R,ModTmp_SF,C,1
Repeating,2239,1,DisabledReason[30],,enum16,O,R,,,1
Repeating,2240,2,ContactorStatus[30],,bitfield32,O,R,,,1
Repeating,2242,2,StringEvent1[30],,bitfield32,M,R,,,1
Repeating,2244,2,StringEvent2[30],,bitfield32,O,R,,,1
Repeating,2246,2,VendorStringEventBitfield1[30],,bitfield32,O,R,,,1
Repeating,2248,2,VendorStringEventBitfield2[30],,bitfield32,O,R,,,1
Repeating,2250,1,EnableDisableString[30],,enum16,O,RW,,,1
Repeating,2251,1,ConnectDisconnectString[30],,enum16,O,RW,,,1
Repeating,2252,1,Pad[30],,pad,M,R,,,1
Repeating,2253,1,Pad2[30],,pad,M,R,,,1
Repeating,2254,1,ModuleCount[31],,uint16,M,R,,,1
Repeating,2255,2,StringStatus[31],,bitfield32,M,R,,,1
Repeating,2257,1,ConnectionFailureReason[31],,enum16,O,R,,,1
Repeating,2258,1,StringStateofCharge[31],,uint16,M,R,SoC_SF,%,1
Repeating,2259,1,StringStateofHealth[31],,uint16,O,R,SoH_SF,%,1
Repeating,2260,1,StringCurrent[31],,sint16,M,R,A_SF,A,1
Repeating,2261,1,MaxCellVoltage[31],,uint16,M,R,CellV_SF,V,1
Repeating,2262,1,MaxCellVoltageModule[31],,uint16,O,R,,,1
Repeating,2263,1,MinCellVoltage[31],,uint16,M,R,CellV_SF,V,1
Repeating,2264,1,MinCellVoltageModule[31],,uint16,O,R,,,1
Repeating,2265,1,AverageCellVoltage[31],,uint16,M,R,CellV_SF,V,1
Repeating,2266,1,StrModTmpMax[31],,sint16,M,R,ModTmp_SF,C,1
Repeating,2267,1,StrModTmpMaxMod[31],,uint16,O,R,,,1
Repeating,2268,1,StrModTmpMin[31],,sint16,M,R,ModTmp_SF,C,1
Repeating,2269,1,StrModTmpMinMod[31],,uint16,O,R,,,1
Repeating,2270,1,StrModTmpAvg[31],,sint16,M,R,ModTmp_SF,C,1
Repeating,2271,1,DisabledReason[31],,enum16,O,R,,,1
Repeating,2272,2,ContactorStatus[31],,bitfield32,O,R,,,1
Repeating,2274,2,StringEvent1[31],,bitfield32,M,R,,,1
Repeating,2276,2,StringEvent2[31],,bitfield32,O,R,,,1
Repeating,2278,2,VendorStringEventBitfield1[31],,bitfield32,O,R,,,1
Repeating,2280,2,VendorStringEventBitfield2[31],,bitfield32,O,R,,,1
Repeating,2282,1,EnableDisableString[31],,enum16,O,RW,,,1
Repeating,2283,1,ConnectDisconnectString[31],,enum16,O,RW,,,1
Repeating,2284,1,Pad[31],,pad,M,R,,,1
Repeating,2285,1,Pad2[31],,pad,M,R,,,1
Repeating,2286,1,ModuleCount[32],,uint16,M,R,,,1
Repeating,2287,2,StringStatus[32],,bitfield32,M,R,,,1
Repeating,2289,1,ConnectionFailureReason[32],,enum16,O,R,,,1
Repeating,2290,1,StringStateofCharge[32],,uint16,M,R,SoC_SF,%,1
Repeating,2291,1,StringStateofHealth[32],,uint16,O,R,SoH_SF,%,1
Repeating,2292,1,StringCurrent[32],,sint16,M,R,A_SF,A,1
Repeating,2293,1,MaxCellVoltage[32],,uint16,M,R,CellV_SF,V,1
Repeating,2294,1,MaxCellVoltageModule[32],,uint16,O,R,,,1
Repeating,2295,1,MinCellVoltage[32],,uint16,M,R,CellV_SF,V,1
Repeating,2296,1,MinCellVoltageModule[32],,uint16,O,R,,,1
Repeating,2297,1,AverageCellVoltage[32],,uint16,M,R,CellV_SF,V,1
Repeating,2298,1,StrModTmpMax[32],,sint16,M,R,ModTmp_SF,C,1
Repeating,2299,1,StrModTmpMaxMod[32],,uint16,O,R,,,1
Repeating,2300,1,StrModTmpMin[32],,sint16,M,R,ModTmp_SF,C,1
Repeating,2301,1,StrModTmpMinMod[32],,uint16,O,R,,,1
Repeating,2302,1,StrModTmpAvg[32],,sint16,M,R,ModTmp_SF,C,1
Repeating,2303,1,DisabledReason[32],,enum16,O,R,,,1
Repeating,2304,2,ContactorStatus[32],,bitfield32,O,R,,,1
Repeating,2306,2,StringEvent1[32],,bitfield32,M,R,,,1
Repeating,2308,2,StringEvent2[32],,bitfield32,O,R,,,1
Repeating,2310,2,VendorStringEventBitfield1[32],,bitfield32,O,R,,,1
Repeating,2312,2,VendorStringEventBitfield2[32],,bitfield32,O,R,,,1
Repeating,2314,1,EnableDisableString[32],,enum16,O,RW,,,1
Repeating,2315,1,ConnectDisconnectString[32],,enum16,O,RW,,,1
Repeating,2316,1,Pad[32],,pad,M,R,,,1
Repeating,2317,1,Pad2[32],,pad,M,R,,,1
Repeating,2318,1,ModuleCount[33],,uint16,M,R,,,1
Repeating,2319,2,StringStatus[33],,bitfield32,M,R,,,1
Repeating,2321,1,ConnectionFailureReason[33],,enum16,O,R,,,1
Repeating,2322,1,StringStateofCharge[33],,uint16,M,R,SoC_SF,%,1
Repeating,2323,1,StringStateofHealth[33],,uint16,O,R,SoH_SF,%,1
Repeating,2324,1,StringCurrent[33],,sint16,M,R,A_SF,A,1
Repeating,2325,1,MaxCellVoltage[33],,uint16,M,R,CellV_SF,V,1
Repeating,2326,1,MaxCellVoltageModule[33],,uint16,O,R,,,1
Repeating,2327,1,MinCellVoltage[33],,uint16,M,R,CellV_SF,V,1
Repeating,2328,1,MinCellVoltageModule[33],,uint16,O,R,,,1
Repeating,2329,1,AverageCellVoltage[33],,uint16,M,R,CellV_SF,V,1
Repeating,2330,1,StrModTmpMax[33],,sint16,M,R,ModTmp_SF,C,1
Repeating,2331,1,StrModTmpMaxMod[33],,uint16,O,R,,,1
Repeating,2332,1,StrModTmpMin[33],,sint16,M,R,ModTmp_SF,C,1
Repeating,2333,1,StrModTmpMinMod[33],,uint16,O,R,,,1
Repeating,2334,1,StrModTmpAvg[33],,sint16,M,R,ModTmp_SF,C,1
Repeating,2335,1,DisabledReason[33],,enum16,O,R,,,1
Repeating,2336,2,ContactorStatus[33],,bitfield32,O,R,,,1
Repeating,2338,2,StringEvent1[33],,bitfield32,M,R,,,1
Repeating,2340,2,StringEvent2[33],,bitfield32,O,R,,,1
Repeating,2342,2,VendorStringEventBitfield1[33],,bitfield32,O,R,,,1
Repeating,2344,2,VendorStringEventBitfield2[33],,bitfield32,O,R,,,1
Repeating,2346,1,EnableDisableString[33],,enum16,O,RW,,,1
Repeating,2347,1,ConnectDisconnectString[33],,enum16,O,RW,,,1
Repeating,2348,1,Pad[33],,pad,M,R,,,1
Repeating,2349,1,Pad2[33],,pad,M,R,,,1
Repeating,2350,1,ModuleCount[34],,uint16,M,R,,,1
Repeating,2351,2,StringStatus[34],,bitfield32,M,R,,,1
Repeating,2353,1,ConnectionFailureReason[34],,enum16,O,R,,,1
Repeating,2354,1,StringStateofCharge[34],,uint16,M,R,SoC_SF,%,1
Repeating,2355,1,StringStateofHealth[34],,uint16,O,R,SoH_SF,%,1
Repeating,2356,1,StringCurrent[34],,sint16,M,R,A_SF,A,1
Repeating,2357,1,MaxCellVoltage[34],,uint16,M,R,CellV_SF,V,1
Repeating,2358,1,MaxCellVoltageModule[34],,uint16,O,R,,,1
Repeating,2359,1,MinCellVoltage[34],,uint16,M,R,CellV_SF,V,1
Repeating,2360,1,MinCellVoltageModule[34],,uint16,O,R,,,1
Repeating,2361,1,AverageCellVoltage[34],,uint16,M,R,CellV_SF,V,1
Repeating,2362,1,StrModTmpMax[34],,sint16,M,R,ModTmp_SF,C,1
Repeating,2363,1,StrModTmpMaxMod[34],,uint16,O,R,,,1
Repeating,2364,1,StrModTmpMin[34],,sint16,M,R,ModTmp_SF,C,1
Repeating,2365,1,StrModTmpMinMod[34],,uint16,O,R,,,1
Repeating,2366,1,StrModTmpAvg[34],,sint16,M,R,ModTmp_SF,C,1
Repeating,2367,1,DisabledReason[34],,enum16,O,R,,,1
Repeating,2368,2,ContactorStatus[34],,bitfield32,O,R,,,1
Repeating,2370,2,StringEvent1[34],,bitfield32,M,R,,,1
Repeating,2372,2,StringEvent2[34],,bitfield32,O,R,,,1
Repeating,2374,2,VendorStringEventBitfield1[34],,bitfield32,O,R,,,1
Repeating,2376,2,VendorStringEventBitfield2[34],,bitfield32,O,R,,,1
Repeating,2378,1,EnableDisableString[34],,enum16,O,RW,,,1
Repeating,2379,1,ConnectDisconnectString[34],,enum16,O,RW,,,1
Repeating,2380,1,Pad[34],,pad,M,R,,,1
Repeating,2381,1,Pad2[34],,pad,M,R,,,1
Repeating,2382,1,ModuleCount[35],,uint16,M,R,,,1
Repeating,2383,2,StringStatus[35],,bitfield32,M,R,,,1
Repeating,2385,1,ConnectionFailureReason[35],,enum16,O,R,,,1
Repeating,2386,1,StringStateofCharge[35],,uint16,M,R,SoC_SF,%,1
Repeating,2387,1,StringStateofHealth[35],,uint16,O,R,SoH_SF,%,1
Repeating,2388,1,StringCurrent[35],,sint16,M,R,A_SF,A,1
Repeating,2389,1,MaxCellVoltage[35],,uint16,M,R,CellV_SF,V,1
Repeating,2390,1,MaxCellVoltageModule[35],,uint16,O,R,,,1
Repeating,2391,1,MinCellVoltage[35],,uint16,M,R,CellV_SF,V,1
Repeating,2392,1,MinCellVoltageModule[35],,uint16,O,R,,,1
Repeating,2393,1,AverageCellVoltage[35],,uint16,M,R,CellV_SF,V,1
Repeating,2394,1,StrModTmpMax[35],,sint16,M,R,ModTmp_SF,C,1
Repeating,2395,1,StrModTmpMaxMod[35],,uint16,O,R,,,1
Repeating,2396,1,StrModTmpMin[35],,sint16,M,R,ModTmp_SF,C,1
Repeating,2397,1,StrModTmpMinMod[35],,uint16,O,R,,,1
Repeating,2398,1,StrModTmpAvg[35],,sint16,M,R,ModTmp_SF,C,1
Repeating,2399,1,DisabledReason[35],,enum16,O,R,,,1
Repeating,2400,2,ContactorStatus[35],,bitfield32,O,R,,,1
Repeating,2402,2,StringEvent1[35],,bitfield32,M,R,,,1
Repeating,2404,2,StringEvent2[35],,bitfield32,O,R,,,1
Repeating,2406,2,VendorStringEventBitfield1[35],,bitfield32,O,R,,,1
Repeating,2408,2,VendorStringEventBitfield2[35],,bitfield32,O,R,,,1
Repeating,2410,1,EnableDisableString[35],,enum16,O,RW,,,1
Repeating,2411,1,ConnectDisconnectString[35],,enum16,O,RW,,,1
Repeating,2412,1,Pad[35],,pad,M,R,,,1
Repeating,2413,1,Pad2[35],,pad,M,R,,,1
Repeating,2414,1,ModuleCount[36],,uint16,M,R,,,1
Repeating,2415,2,StringStatus[36],,bitfield32,M,R,,,1
Repeating,2417,1,ConnectionFailureReason[36],,enum16,O,R,,,1
Repeating,2418,1,StringStateofCharge[36],,uint16,M,R,SoC_SF,%,1
Repeating,2419,1,StringStateofHealth[36],,uint16,O,R,SoH_SF,%,1
Repeating,2420,1,StringCurrent[36],,sint16,M,R,A_SF,A,1
Repeating,2421,1,MaxCellVoltage[36],,uint16,M,R,CellV_SF,V,1
Repeating,2422,1,MaxCellVoltageModule[36],,uint16,O,R,,,1
Repeating,2423,1,MinCellVoltage[36],,uint16,M,R,CellV_SF,V,1
Repeating,2424,1,MinCellVoltageModule[36],,uint16,O,R,,,1
Repeating,2425,1,AverageCellVoltage[36],,uint16,M,R,CellV_SF,V,1
Repeating,2426,1,StrModTmpMax[36],,sint16,M,R,ModTmp_SF,C,1
Repeating,2427,1,StrModTmpMaxMod[36],,uint16,O,R,,,1
Repeating,2428,1,StrModTmpMin[36],,sint16,M,R,ModTmp_SF,C,1
Repeating,2429,1,StrModTmpMinMod[36],,uint16,O,R,,,1
Repeating,2430,1,StrModTmpAvg[36],,sint16,M,R,ModTmp_SF,C,1
Repeating,2431,1,DisabledReason[36],,enum16,O,R,,,1
Repeating,2432,2,ContactorStatus[36],,bitfield32,O,R,,,1
Repeating,2434,2,StringEvent1[36],,bitfield32,M,R,,,1
Repeating,2436,2,StringEvent2[36],,bitfield32,O,R,,,1
Repeating,2438,2,VendorStringEventBitfield1[36],,bitfield32,O,R,,,1
Repeating,2440,2,VendorStringEventBitfield2[36],,bitfield32,O,R,,,1
Repeating,2442,1,EnableDisableString[36],,enum16,O,RW,,,1
Repeating,2443,1,ConnectDisconnectString[36],,enum16,O,RW,,,1
Repeating,2444,1,Pad[36],,pad,M,R,,,1
Repeating,2445,1,Pad2[36],,pad,M,R,,,1
Repeating,2446,1,ModuleCount[37],,uint16,M,R,,,1
Repeating,2447,2,StringStatus[37],,bitfield32,M,R,,,1
Repeating,2449,1,ConnectionFailureReason[37],,enum16,O,R,,,1
Repeating,2450,1,StringStateofCharge[37],,uint16,M,R,SoC_SF,%,1
Repeating,2451,1,StringStateofHealth[37],,uint16,O,R,SoH_SF,%,1
Repeating,2452,1,StringCurrent[37],,sint16,M,R,A_SF,A,1
Repeating,2453,1,MaxCellVoltage[37],,uint16,M,R,CellV_SF,V,1
Repeating,2454,1,MaxCellVoltageModule[37],,uint16,O,R,,,1
Repeating,2455,1,MinCellVoltage[37],,uint16,M,R,CellV_SF,V,1
Repeating,2456,1,MinCellVoltageModule[37],,uint16,O,R,,,1
Repeating,2457,1,AverageCellVoltage[37],,uint16,M,R,CellV_SF,V,1
Repeating,2458,1,StrModTmpMax[37],,sint16,M,R,ModTmp_SF,C,1
Repeating,2459,1,StrModTmpMaxMod[37],,uint16,O,R,,,1
Repeating,2460,1,StrModTmpMin[37],,sint16,M,R,ModTmp_SF,C,1
Repeating,2461,1,StrModTmpMinMod[37],,uint16,O,R,,,1
Repeating,2462,1,StrModTmpAvg[37],,sint16,M,R,ModTmp_SF,C,1
Repeating,2463,1,DisabledReason[37],,enum16,O,R,,,1
Repeating,2464,2,ContactorStatus[37],,bitfield32,O,R,,,1
Repeating,2466,2,StringEvent1[37],,bitfield32,M,R,,,1
Repeating,2468,2,StringEvent2[37],,bitfield32,O,R,,,1
Repeating,2470,2,VendorStringEventBitfield1[37],,bitfield32,O,R,,,1
Repeating,2472,2,VendorStringEventBitfield2[37],,bitfield32,O,R,,,1
Repeating,2474,1,EnableDisableString[37],,enum16,O,RW,,,1
Repeating,2475,1,ConnectDisconnectString[37],,enum16,O,RW,,,1
Repeating,2476,1,Pad[37],,pad,M,R,,,1
Repeating,2477,1,Pad2[37],,pad,M,R,,,1
Repeating,2478,1,ModuleCount[38],,uint16,M,R,,,1
Repeating,2479,2,StringStatus[38],,bitfield32,M,R,,,1
Repeating,2481,1,ConnectionFailureReason[38],,enum16,O,R,,,1
Repeating,2482,1,StringStateofCharge[38],,uint16,M,R,SoC_SF,%,1
Repeating,2483,1,StringStateofHealth[38],,uint16,O,R,SoH_SF,%,1
Repeating,2484,1,StringCurrent[38],,sint16,M,R,A_SF,A,1
Repeating,2485,1,MaxCellVoltage[38],,uint16,M,R,CellV_SF,V,1
Repeating,2486,1,MaxCellVoltageModule[38],,uint16,O,R,,,1
Repeating,2487,1,MinCellVoltage[38],,uint16,M,R,CellV_SF,V,1
Repeating,2488,1,MinCellVoltageModule[38],,uint16,O,R,,,1
Repeating,2489,1,AverageCellVoltage[38],,uint16,M,R,CellV_SF,V,1
Repeating,2490,1,StrModTmpMax[38],,sint16,M,R,ModTmp_SF,C,1
Repeating,2491,1,StrModTmpMaxMod[38],,uint16,O,R,,,1
Repeating,2492,1,StrModTmpMin[38],,sint16,M,R,ModTmp_SF,C,1
Repeating,2493,1,StrModTmpMinMod[38],,uint16,O,R,,,1
Repeating,2494,1,StrModTmpAvg[38],,sint16,M,R,ModTmp_SF,C,1
Repeating,2495,1,DisabledReason[38],,enum16,O,R,,,1
Repeating,2496,2,ContactorStatus[38],,bitfield32,O,R,,,1
Repeating,2498,2,StringEvent1[38],,bitfield32,M,R,,,1
Repeating,2500,2,StringEvent2[38],,bitfield32,O,R,,,1
Repeating,2502,2,VendorStringEventBitfield1[38],,bitfield32,O,R,,,1
Repeating,2504,2,VendorStringEventBitfield2[38],,bitfield32,O,R,,,1
Repeating,2506,1,EnableDisableString[38],,enum16,O,RW,,,1
Repeating,2507,1,ConnectDisconnectString[38],,enum16,O,RW,,,1
Repeating,2508,1,Pad[38],,pad,M,R,,,1
Repeating,2509,1,Pad2[38],,pad,M,R,,,1
Repeating,2510,1,ModuleCount[39],,uint16,M,R,,,1
Repeating,2511,2,StringStatus[39],,bitfield32,M,R,,,1
Repeating,2513,1,ConnectionFailureReason[39],,enum16,O,R,,,1
Repeating,2514,1,StringStateofCharge[39],,uint16,M,R,SoC_SF,%,1
Repeating,2515,1,StringStateofHealth[39],,uint16,O,R,SoH_SF,%,1
Repeating,2516,1,StringCurrent[39],,sint16,M,R,A_SF,A,1
Repeating,2517,1,MaxCellVoltage[39],,uint16,M,R,CellV_SF,V,1
Repeating,2518,1,MaxCellVoltageModule[39],,uint16,O,R,,,1
Repeating,2519,1,MinCellVoltage[39],,uint16,M,R,CellV_SF,V,1
Repeating,2520,1,MinCellVoltageModule[39],,uint16,O,R,,,1
Repeating,2521,1,AverageCellVoltage[39],,uint16,M,R,CellV_SF,V,1
Repeating,2522,1,StrModTmpMax[39],,sint16,M,R,ModTmp_SF,C,1
Repeating,2523,1,StrModTmpMaxMod[39],,uint16,O,R,,,1
Repeating,2524,1,StrModTmpMin[39],,sint16,M,R,ModTmp_SF,C,1
Repeating,2525,1,StrModTmpMinMod[39],,uint16,O,R,,,1
Repeating,2526,1,StrModTmpAvg[39],,sint16,M,R,ModTmp_SF,C,1
Repeating,2527,1,DisabledReason[39],,enum16,O,R,,,1
Repeating,2528,2,ContactorStatus[39],,bitfield32,O,R,,,1
Repeating,2530,2,StringEvent1[39],,bitfield32,M,R,,,1
Repeating,2532,2,StringEvent2[39],,bitfield32,O,R,,,1
Repeating,2534,2,VendorStringEventBitfield1[39],,bitfield32,O,R,,,1
Repeating,2536,2,VendorStringEventBitfield2[39],,bitfield32,O,R,,,1
Repeating,2538,1,EnableDisableString[39],,enum16,O,RW,,,1
Repeating,2539,1,ConnectDisconnectString[39],,enum16,O,RW,,,1
Repeating,2540,1,Pad[39],,pad,M,R,,,1
Repeating,2541,1,Pad2[39],,pad,M,R,,,1
Repeating,2542,1,ModuleCount[40],,uint16,M,R,,,1
Repeating,2543,2,StringStatus[40],,bitfield32,M,R,,,1
Repeating,2545,1,ConnectionFailureReason[40],,enum16,O,R,,,1
Repeating,2546,1,StringStateofCharge[40],,uint16,M,R,SoC_SF,%,1
Repeating,2547,1,StringStateofHealth[40],,uint16,O,R,SoH_SF,%,1
Repeating,2548,1,StringCurrent[40],,sint16,M,R,A_SF,A,1
Repeating,2549,1,MaxCellVoltage[40],,uint16,M,R,CellV_SF,V,1
Repeating,2550,1,MaxCellVoltageModule[40],,uint16,O,R,,,1
Repeating,2551,1,MinCellVoltage[40],,uint16,M,R,CellV_SF,V,1
Repeating,2552,1,MinCellVoltageModule[40],,uint16,O,R,,,1
Repeating,2553,1,AverageCellVoltage[40],,uint16,M,R,CellV_SF,V,1
Repeating,2554,1,StrModTmpMax[40],,sint16,M,R,ModTmp_SF,C,1
Repeating,2555,1,StrModTmpMaxMod[40],,uint16,O,R,,,1
Repeating,2556,1,StrModTmpMin[40],,sint16,M,R,ModTmp_SF,C,1
Repeating,2557,1,StrModTmpMinMod[40],,uint16,O,R,,,1
Repeating,2558,1,StrModTmpAvg[40],,sint16,M,R,ModTmp_SF,C,1
Repeating,2559,1,DisabledReason[40],,enum16,O,R,,,1
Repeating,2560,2,ContactorStatus[40],,bitfield32,O,R,,,1
Repeating,2562,2,StringEvent1[40],,bitfield32,M,R,,,1
Repeating,2564,2,StringEvent2[40],,bitfield32,O,R,,,1
Repeating,2566,2,VendorStringEventBitfield1[40],,bitfield32,O,R,,,1
Repeating,2568,2,VendorStringEventBitfield2[40],,bitfield32,O,R,,,1
Repeating,2570,1,EnableDisableString[40],,enum16,O,RW,,,1
Repeating,2571,1,ConnectDisconnectString[40],,enum16,O,RW,,,1
Repeating,2572,1,Pad[40],,pad,M,R,,,1
Repeating,2573,1,Pad2[40],,pad,M,R,,,1
Header,2574,1,"ID ""LithiumIonBatteryBankModel""",803,uint16,M,R,,,1
Header,2575,1,Length,1306,uint16,M,R,,,1
Fixed,2576,1,StringCount,,uint16,M,R,,,1
Fixed,2577,1,ConnectedStringCount,,uint16,M,R,,,1
Fixed,2578,1,MaxModuleTemperature,,sint16,M,R,ModTmp_SF,,1
Fixed,2579,1,MaxModuleTemperatureString,,uint16,O,R,,,1
Fixed,2580,1,MaxModuleTemperatureModule,,uint16,O,R,,,1
Fixed,2581,1,MinModuleTemperature,,sint16,M,R,ModTmp_SF,C,1
Fixed,2582,1,MinModuleTemperatureString,,uint16,O,R,,,1
Fixed,2583,1,MinModuleTemperatureModule,,uint16,O,R,,,1
Fixed,2584,1,AverageModuleTemperature,,sint16,O,R,ModTmp_SF,C,1
Fixed,2585,1,MaxStringVoltage,,uint16,O,R,V_SF,V,1
Fixed,2586,1,MaxStringVoltageString,,uint16,O,R,,,1
Fixed,2587,1,MinStringVoltage,,uint16,O,R,V_SF,V,1
Fixed,2588,1,MinStringVoltageString,,uint16,O,R,,,1
Fixed,2589,1,AverageStringVoltage,,uint16,O,R,V_SF,V,1
Fixed,2590,1,MaxStringCurrent,,sint16,O,R,A_SF,A,1
Fixed,2591,1,MaxStringCurrentString,,uint16,O,R,,,1
Fixed,2592,1,MinStringCurrent,,sint16,O,R,A_SF,A,1
Fixed,2593,1,MinStringCurrentString,,uint16,O,R,,,1
Fixed,2594,1,AverageStringCurrent,,sint16,O,R,A_SF,A,1
Fixed,2595,1,BatteryCellBalancingCount,,uint16,O,R,,,1
Fixed,2596,1,CellV_SF,,scalefactor,M,R,,,1
Fixed,2597,1,ModTmp_SF,,scalefactor,M,R,,,1
Fixed,2598,1,A_SF,,scalefactor,M,R,,,1
Fixed,2599,1,SoH_SF,,scalefactor,O,R,,,1
Fixed,2600,1,SoC_SF,,scalefactor,M,R,,,1
Fixed,2601,1,V_SF,,scalefactor,O,R,,,1
Repeating,2602,1,ModuleCount[1],,uint16,M,R,,,1
Repeating,2603,2,StringStatus[1],,bitfield32,M,R,,,1
Repeating,2605,1,ConnectionFailureReason[1],,enum16,O,R,,,1
Repeating,2606,1,StringStateofCharge[1],,uint16,M,R,SoC_SF,%,1
Repeating,2607,1,StringStateofHealth[1],,uint16,O,R,SoH_SF,%,1
Repeating,2608,1,StringCurrent[1],,sint16,M,R,A_SF,A,1
Repeating,2609,1,MaxCellVoltage[1],,uint16,M,R,CellV_SF,V,1
Repeating,2610,1,MaxCellVoltageModule[1],,uint16,O,R,,,1
Repeating,2611,1,MinCellVoltage[1],,uint16,M,R,CellV_SF,V,1
Repeating,2612,1,MinCellVoltageModule[1],,uint16,O,R,,,1
Repeating,2613,1,AverageCellVoltage[1],,uint16,M,R,CellV_SF,V,1
Repeating,2614,1,StrModTmpMax[1],,sint16,M,R,ModTmp_SF,C,1
Repeating,2615,1,StrModTmpMaxMod[1],,uint16,O,R,,,1
Repeating,2616,1,StrModTmpMin[1],,sint16,M,R,ModTmp_SF,C,1
Repeating,2617,1,StrModTmpMinMod[1],,uint16,O,R,,,1
Repeating,2618,1,StrModTmpAvg[1],,sint16,M,R,ModTmp_SF,C,1
Repeating,2619,1,DisabledReason[1],,enum16,O,R,,,1
Repeating,2620,2,ContactorStatus[1],,bitfield32,O,R,,,1
Repeating,2622,2,StringEvent1[1],,bitfield32,M,R,,,1
Repeating,2624,2,StringEvent2[1],,bitfield32,O,R,,,1
Repeating,2626,2,VendorStringEventBitfield1[1],,bitfield32,O,R,,,1
Repeating,2628,2,VendorStringEventBitfield2[1],,bitfield32,O,R,,,1
Repeating,2630,1,EnableDisableString[1],,enum16,O,RW,,,1
Repeating,2631,1,ConnectDisconnectString[1],,enum16,O,RW,,,1
Repeating,2632,1,Pad[1],,pad,M,R,,,1
Repeating,2633,1,Pad2[1],,pad,M,R,,,1
Repeating,2634,1,ModuleCount[2],,uint16,M,R,,,1
Repeating,2635,2,StringStatus[2],,bitfield32,M,R,,,1
Repeating,2637,1,ConnectionFailureReason[2],,enum16,O,R,,,1
Repeating,2638,1,StringStateofCharge[2],,uint16,M,R,SoC_SF,%,1
Repeating,2639,1,StringStateofHealth[2],,uint16,O,R,SoH_SF,%,1
Repeating,2640,1,StringCurrent[2],,sint16,M,R,A_SF,A,1
Repeating,2641,1,MaxCellVoltage[2],,uint16,M,R,CellV_SF,V,1
Repeating,2642,1,MaxCellVoltageModule[2],,uint16,O,R,,,1
Repeating,2643,1,MinCellVoltage[2],,uint16,M,R,CellV_SF,V,1
Repeating,2644,1,MinCellVoltageModule[2],,uint16,O,R,,,1
Repeating,2645,1,AverageCellVoltage[2],,uint16,M,R,CellV_SF,V,1
Repeating,2646,1,StrModTmpMax[2],,sint16,M,R,ModTmp_SF,C,1
Repeating,2647,1,StrModTmpMaxMod[2],,uint16,O,R,,,1
Repeating,2648,1,StrModTmpMin[2],,sint16,M,R,ModTmp_SF,C,1
Repeating,2649,1,StrModTmpMinMod[2],,uint16,O,R,,,1
Repeating,2650,1,StrModTmpAvg[2],,sint16,M,R,ModTmp_SF,C,1
Repeating,2651,1,DisabledReason[2],,enum16,O,R,,,1
Repeating,2652,2,ContactorStatus[2],,bitfield32,O,R,,,1
Repeating,2654,2,StringEvent1[2],,bitfield32,M,R,,,1
Repeating,2656,2,StringEvent2[2],,bitfield32,O,R,,,1
Repeating,2658,2,VendorStringEventBitfield1[2],,bitfield32,O,R,,,1
Repeating,2660,2,VendorStringEventBitfield2[2],,bitfield32,O,R,,,1
Repeating,2662,1,EnableDisableString[2],,enum16,O,RW,,,1
Repeating,2663,1,ConnectDisconnectString[2],,enum16,O,RW,,,1
Repeating,2664,1,Pad[2],,pad,M,R,,,1
Repeating,2665,1,Pad2[2],,pad,M,R,,,1
Repeating,2666,1,ModuleCount[3],,uint16,M,R,,,1
Repeating,2667,2,StringStatus[3],,bitfield32,M,R,,,1
Repeating,2669,1,ConnectionFailureReason[3],,enum16,O,R,,,1
Repeating,2670,1,StringStateofCharge[3],,uint16,M,R,SoC_SF,%,1
Repeating,2671,1,StringStateofHealth[3],,uint16,O,R,SoH_SF,%,1
Repeating,2672,1,StringCurrent[3],,sint16,M,R,A_SF,A,1
Repeating,2673,1,MaxCellVoltage[3],,uint16,M,R,CellV_SF,V,1
Repeating,2674,1,MaxCellVoltageModule[3],,uint16,O,R,,,1
Repeating,2675,1,MinCellVoltage[3],,uint16,M,R,CellV_SF,V,1
Repeating,2676,1,MinCellVoltageModule[3],,uint16,O,R,,,1
Repeating,2677,1,AverageCellVoltage[3],,uint16,M,R,CellV_SF,V,1
Repeating,2678,1,StrModTmpMax[3],,sint16,M,R,ModTmp_SF,C,1
Repeating,2679,1,StrModTmpMaxMod[3],,uint16,O,R,,,1
Repeating,2680,1,StrModTmpMin[3],,sint16,M,R,ModTmp_SF,C,1
Repeating,2681,1,StrModTmpMinMod[3],,uint16,O,R,,,1
Repeating,2682,1,StrModTmpAvg[3],,sint16,M,R,ModTmp_SF,C,1
Repeating,2683,1,DisabledReason[3],,enum16,O,R,,,1
Repeating,2684,2,ContactorStatus[3],,bitfield32,O,R,,,1
Repeating,2686,2,StringEvent1[3],,bitfield32,M,R,,,1
Repeating,2688,2,StringEvent2[3],,bitfield32,O,R,,,1
Repeating,2690,2,VendorStringEventBitfield1[3],,bitfield32,O,R,,,1
Repeating,2692,2,VendorStringEventBitfield2[3],,bitfield32,O,R,,,1
Repeating,2694,1,EnableDisableString[3],,enum16,O,RW,,,1
Repeating,2695,1,ConnectDisconnectString[3],,enum16,O,RW,,,1
Repeating,2696,1,Pad[3],,pad,M,R,,,1
Repeating,2697,1,Pad2[3],,pad,M,R,,,1
Repeating,2698,1,ModuleCount[4],,uint16,M,R,,,1
Repeating,2699,2,StringStatus[4],,bitfield32,M,R,,,1
Repeating,2701,1,ConnectionFailureReason[4],,enum16,O,R,,,1
Repeating,2702,1,StringStateofCharge[4],,uint16,M,R,SoC_SF,%,1
Repeating,2703,1,StringStateofHealth[4],,uint16,O,R,SoH_SF,%,1
Repeating,2704,1,StringCurrent[4],,sint16,M,R,A_SF,A,1
Repeating,2705,1,MaxCellVoltage[4],,uint16,M,R,CellV_SF,V,1
Repeating,2706,1,MaxCellVoltageModule[4],,uint16,O,R,,,1
Repeating,2707,1,MinCellVoltage[4],,uint16,M,R,CellV_SF,V,1
Repeating,2708,1,MinCellVoltageModule[4],,uint16,O,R,,,1
Repeating,2709,1,AverageCellVoltage[4],,uint16,M,R,CellV_SF,V,1
Repeating,2710,1,StrModTmpMax[4],,sint16,M,R,ModTmp_SF,C,1
Repeating,2711,1,StrModTmpMaxMod[4],,uint16,O,R,,,1
Repeating,2712,1,StrModTmpMin[4],,sint16,M,R,ModTmp_SF,C,1
Repeating,2713,1,StrModTmpMinMod[4],,uint16,O,R,,,1
Repeating,2714,1,StrModTmpAvg[4],,sint16,M,R,ModTmp_SF,C,1
Repeating,2715,1,DisabledReason[4],,enum16,O,R,,,1
Repeating,2716,2,ContactorStatus[4],,bitfield32,O,R,,,1
Repeating,2718,2,StringEvent1[4],,bitfield32,M,R,,,1
Repeating,2720,2,StringEvent2[4],,bitfield32,O,R,,,1
Repeating,2722,2,VendorStringEventBitfield1[4],,bitfield32,O,R,,,1
Repeating,2724,2,VendorStringEventBitfield2[4],,bitfield32,O,R,,,1
Repeating,2726,1,EnableDisableString[4],,enum16,O,RW,,,1
Repeating,2727,1,ConnectDisconnectString[4],,enum16,O,RW,,,1
Repeating,2728,1,Pad[4],,pad,M,R,,,1
Repeating,2729,1,Pad2[4],,pad,M,R,,,1
Repeating,2730,1,ModuleCount[5],,uint16,M,R,,,1
Repeating,2731,2,StringStatus[5],,bitfield32,M,R,,,1
Repeating,2733,1,ConnectionFailureReason[5],,enum16,O,R,,,1
Repeating,2734,1,StringStateofCharge[5],,uint16,M,R,SoC_SF,%,1
Repeating,2735,1,StringStateofHealth[5],,uint16,O,R,SoH_SF,%,1
Repeating,2736,1,StringCurrent[5],,sint16,M,R,A_SF,A,1
Repeating,2737,1,MaxCellVoltage[5],,uint16,M,R,CellV_SF,V,1
Repeating,2738,1,MaxCellVoltageModule[5],,uint16,O,R,,,1
Repeating,2739,1,MinCellVoltage[5],,uint16,M,R,CellV_SF,V,1
Repeating,2740,1,MinCellVoltageModule[5],,uint16,O,R,,,1
Repeating,2741,1,AverageCellVoltage[5],,uint16,M,R,CellV_SF,V,1
Repeating,2742,1,StrModTmpMax[5],,sint16,M,R,ModTmp_SF,C,1
Repeating,2743,1,StrModTmpMaxMod[5],,uint16,O,R,,,1
Repeating,2744,1,StrModTmpMin[5],,sint16,M,R,ModTmp_SF,C,1
Repeating,2745,1,StrModTmpMinMod[5],,uint16,O,R,,,1
Repeating,2746,1,StrModTmpAvg[5],,sint16,M,R,ModTmp_SF,C,1
Repeating,2747,1,DisabledReason[5],,enum16,O,R,,,1
Repeating,2748,2,ContactorStatus[5],,bitfield32,O,R,,,1
Repeating,2750,2,StringEvent1[5],,bitfield32,M,R,,,1
Repeating,2752,2,StringEvent2[5],,bitfield32,O,R,,,1
Repeating,2754,2,VendorStringEventBitfield1[5],,bitfield32,O,R,,,1
Repeating,2756,2,VendorStringEventBitfield2[5],,bitfield32,O,R,,,1
Repeating,2758,1,EnableDisableString[5],,enum16,O,RW,,,1
Repeating,2759,1,ConnectDisconnectString[5],,enum16,O,RW,,,1
Repeating,2760,1,Pad[5],,pad,M,R,,,1
Repeating,2761,1,Pad2[5],,pad,M,R,,,1
Repeating,2762,1,ModuleCount[6],,uint16,M,R,,,1
Repeating,2763,2,StringStatus[6],,bitfield32,M,R,,,1
Repeating,2765,1,ConnectionFailureReason[6],,enum16,O,R,,,1
Repeating,2766,1,StringStateofCharge[6],,uint16,M,R,SoC_SF,%,1
Repeating,2767,1,StringStateofHealth[6],,uint16,O,R,SoH_SF,%,1
Repeating,2768,1,StringCurrent[6],,sint16,M,R,A_SF,A,1
Repeating,2769,1,MaxCellVoltage[6],,uint16,M,R,CellV_SF,V,1
Repeating,2770,1,MaxCellVoltageModule[6],,uint16,O,R,,,1
Repeating,2771,1,MinCellVoltage[6],,uint16,M,R,CellV_SF,V,1
Repeating,2772,1,MinCellVoltageModule[6],,uint16,O,R,,,1
Repeating,2773,1,AverageCellVoltage[6],,uint16,M,R,CellV_SF,V,1
Repeating,2774,1,StrModTmpMax[6],,sint16,M,R,ModTmp_SF,C,1
Repeating,2775,1,StrModTmpMaxMod[6],,uint16,O,R,,,1
Repeating,2776,1,StrModTmpMin[6],,sint16,M,R,ModTmp_SF,C,1
Repeating,2777,1,StrModTmpMinMod[6],,uint16,O,R,,,1
Repeating,2778,1,StrModTmpAvg[6],,sint16,M,R,ModTmp_SF,C,1
Repeating,2779,1,DisabledReason[6],,enum16,O,R,,,1
Repeating,2780,2,ContactorStatus[6],,bitfield32,O,R,,,1
Repeating,2782,2,StringEvent1[6],,bitfield32,M,R,,,1
Repeating,2784,2,StringEvent2[6],,bitfield32,O,R,,,1
Repeating,2786,2,VendorStringEventBitfield1[6],,bitfield32,O,R,,,1
Repeating,2788,2,VendorStringEventBitfield2[6],,bitfield32,O,R,,,1
Repeating,2790,1,EnableDisableString[6],,enum16,O,RW,,,1
Repeating,2791,1,ConnectDisconnectString[6],,enum16,O,RW,,,1
Repeating,2792,1,Pad[6],,pad,M,R,,,1
Repeating,2793,1,Pad2[6],,pad,M,R,,,1
Repeating,2794,1,ModuleCount[7],,uint16,M,R,,,1
Repeating,2795,2,StringStatus[7],,bitfield32,M,R,,,1
Repeating,2797,1,ConnectionFailureReason[7],,enum16,O,R,,,1
Repeating,2798,1,StringStateofCharge[7],,uint16,M,R,SoC_SF,%,1
Repeating,2799,1,StringStateofHealth[7],,uint16,O,R,SoH_SF,%,1
Repeating,2800,1,StringCurrent[7],,sint16,M,R,A_SF,A,1
Repeating,2801,1,MaxCellVoltage[7],,uint16,M,R,CellV_SF,V,1
Repeating,2802,1,MaxCellVoltageModule[7],,uint16,O,R,,,1
Repeating,2803,1,MinCellVoltage[7],,uint16,M,R,CellV_SF,V,1
Repeating,2804,1,MinCellVoltageModule[7],,uint16,O,R,,,1
Repeating,2805,1,AverageCellVoltage[7],,uint16,M,R,CellV_SF,V,1
Repeating,2806,1,StrModTmpMax[7],,sint16,M,R,ModTmp_SF,C,1
Repeating,2807,1,StrModTmpMaxMod[7],,uint16,O,R,,,1
Repeating,2808,1,StrModTmpMin[7],,sint16,M,R,ModTmp_SF,C,1
Repeating,2809,1,StrModTmpMinMod[7],,uint16,O,R,,,1
Repeating,2810,1,StrModTmpAvg[7],,sint16,M,R,ModTmp_SF,C,1
Repeating,2811,1,DisabledReason[7],,enum16,O,R,,,1
Repeating,2812,2,ContactorStatus[7],,bitfield32,O,R,,,1
Repeating,2814,2,StringEvent1[7],,bitfield32,M,R,,,1
Repeating,2816,2,StringEvent2[7],,bitfield32,O,R,,,1
Repeating,2818,2,VendorStringEventBitfield1[7],,bitfield32,O,R,,,1
Repeating,2820,2,VendorStringEventBitfield2[7],,bitfield32,O,R,,,1
Repeating,2822,1,EnableDisableString[7],,enum16,O,RW,,,1
Repeating,2823,1,ConnectDisconnectString[7],,enum16,O,RW,,,1
Repeating,2824,1,Pad[7],,pad,M,R,,,1
Repeating,2825,1,Pad2[7],,pad,M,R,,,1
Repeating,2826,1,ModuleCount[8],,uint16,M,R,,,1
Repeating,2827,2,StringStatus[8],,bitfield32,M,R,,,1
Repeating,2829,1,ConnectionFailureReason[8],,enum16,O,R,,,1
Repeating,2830,1,StringStateofCharge[8],,uint16,M,R,SoC_SF,%,1
Repeating,2831,1,StringStateofHealth[8],,uint16,O,R,SoH_SF,%,1
Repeating,2832,1,StringCurrent[8],,sint16,M,R,A_SF,A,1
Repeating,2833,1,MaxCellVoltage[8],,uint16,M,R,CellV_SF,V,1
Repeating,2834,1,MaxCellVoltageModule[8],,uint16,O,R,,,1
Repeating,2835,1,MinCellVoltage[8],,uint16,M,R,CellV_SF,V,1
Repeating,2836,1,MinCellVoltageModule[8],,uint16,O,R,,,1
Repeating,2837,1,AverageCellVoltage[8],,uint16,M,R,CellV_SF,V,1
Repeating,2838,1,StrModTmpMax[8],,sint16,M,R,ModTmp_SF,C,1
Repeating,2839,1,StrModTmpMaxMod[8],,uint16,O,R,,,1
Repeating,2840,1,StrModTmpMin[8],,sint16,M,R,ModTmp_SF,C,1
Repeating,2841,1,StrModTmpMinMod[8],,uint16,O,R,,,1
Repeating,2842,1,StrModTmpAvg[8],,sint16,M,R,ModTmp_SF,C,1
Repeating,2843,1,DisabledReason[8],,enum16,O,R,,,1
Repeating,2844,2,ContactorStatus[8],,bitfield32,O,R,,,1
Repeating,2846,2,StringEvent1[8],,bitfield32,M,R,,,1
Repeating,2848,2,StringEvent2[8],,bitfield32,O,R,,,1
Repeating,2850,2,VendorStringEventBitfield1[8],,bitfield32,O,R,,,1
Repeating,2852,2,VendorStringEventBitfield2[8],,bitfield32,O,R,,,1
Repeating,2854,1,EnableDisableString[8],,enum16,O,RW,,,1
Repeating,2855,1,ConnectDisconnectString[8],,enum16,O,RW,,,1
Repeating,2856,1,Pad[8],,pad,M,R,,,1
Repeating,2857,1,Pad2[8],,pad,M,R,,,1
Repeating,2858,1,ModuleCount[9],,uint16,M,R,,,1
Repeating,2859,2,StringStatus[9],,bitfield32,M,R,,,1
Repeating,2861,1,ConnectionFailureReason[9],,enum16,O,R,,,1
Repeating,2862,1,StringStateofCharge[9],,uint16,M,R,SoC_SF,%,1
Repeating,2863,1,StringStateofHealth[9],,uint16,O,R,SoH_SF,%,1
Repeating,2864,1,StringCurrent[9],,sint16,M,R,A_SF,A,1
Repeating,2865,1,MaxCellVoltage[9],,uint16,M,R,CellV_SF,V,1
Repeating,2866,1,MaxCellVoltageModule[9],,uint16,O,R,,,1
Repeating,2867,1,MinCellVoltage[9],,uint16,M,R,CellV_SF,V,1
Repeating,2868,1,MinCellVoltageModule[9],,uint16,O,R,,,1
Repeating,2869,1,AverageCellVoltage[9],,uint16,M,R,CellV_SF,V,1
Repeating,2870,1,StrModTmpMax[9],,sint16,M,R,ModTmp_SF,C,1
Repeating,2871,1,StrModTmpMaxMod[9],,uint16,O,R,,,1
Repeating,2872,1,StrModTmpMin[9],,sint16,M,R,ModTmp_SF,C,1
Repeating,2873,1,StrModTmpMinMod[9],,uint16,O,R,,,1
Repeating,2874,1,StrModTmpAvg[9],,sint16,M,R,ModTmp_SF,C,1
Repeating,2875,1,DisabledReason[9],,enum16,O,R,,,1
Repeating,2876,2,ContactorStatus[9],,bitfield32,O,R,,,1
Repeating,2878,2,StringEvent1[9],,bitfield32,M,R,,,1
Repeating,2880,2,StringEvent2[9],,bitfield32,O,R,,,1
Repeating,2882,2,VendorStringEventBitfield1[9],,bitfield32,O,R,,,1
Repeating,2884,2,VendorStringEventBitfield2[9],,bitfield32,O,R,,,1
Repeating,2886,1,EnableDisableString[9],,enum16,O,RW,,,1
Repeating,2887,1,ConnectDisconnectString[9],,enum16,O,RW,,,1
Repeating,2888,1,Pad[9],,pad,M,R,,,1
Repeating,2889,1,Pad2[9],,pad,M,R,,,1
Repeating,2890,1,ModuleCount[10],,uint16,M,R,,,1
Repeating,2891,2,StringStatus[10],,bitfield32,M,R,,,1
Repeating,2893,1,ConnectionFailureReason[10],,enum16,O,R,,,1
Repeating,2894,1,StringStateofCharge[10],,uint16,M,R,SoC_SF,%,1
Repeating,2895,1,StringStateofHealth[10],,uint16,O,R,SoH_SF,%,1
Repeating,2896,1,StringCurrent[10],,sint16,M,R,A_SF,A,1
Repeating,2897,1,MaxCellVoltage[10],,uint16,M,R,CellV_SF,V,1
Repeating,2898,1,MaxCellVoltageModule[10],,uint16,O,R,,,1
Repeating,2899,1,MinCellVoltage[10],,uint16,M,R,CellV_SF,V,1
Repeating,2900,1,MinCellVoltageModule[10],,uint16,O,R,,,1
Repeating,2901,1,AverageCellVoltage[10],,uint16,M,R,CellV_SF,V,1
Repeating,2902,1,StrModTmpMax[10],,sint16,M,R,ModTmp_SF,C,1
Repeating,2903,1,StrModTmpMaxMod[10],,uint16,O,R,,,1
Repeating,2904,1,StrModTmpMin[10],,sint16,M,R,ModTmp_SF,C,1
Repeating,2905,1,StrModTmpMinMod[10],,uint16,O,R,,,1
Repeating,2906,1,StrModTmpAvg[10],,sint16,M,R,ModTmp_SF,C,1
Repeating,2907,1,DisabledReason[10],,enum16,O,R,,,1
Repeating,2908,2,ContactorStatus[10],,bitfield32,O,R,,,1
Repeating,2910,2,StringEvent1[10],,bitfield32,M,R,,,1
Repeating,2912,2,StringEvent2[10],,bitfield32,O,R,,,1
Repeating,2914,2,VendorStringEventBitfield1[10],,bitfield32,O,R,,,1
Repeating,2916,2,VendorStringEventBitfield2[10],,bitfield32,O,R,,,1
Repeating,2918,1,EnableDisableString[10],,enum16,O,RW,,,1
Repeating,2919,1,ConnectDisconnectString[10],,enum16,O,RW,,,1
Repeating,2920,1,Pad[10],,pad,M,R,,,1
Repeating,2921,1,Pad2[10],,pad,M,R,,,1
Repeating,2922,1,ModuleCount[11],,uint16,M,R,,,1
Repeating,2923,2,StringStatus[11],,bitfield32,M,R,,,1
Repeating,2925,1,ConnectionFailureReason[11],,enum16,O,R,,,1
Repeating,2926,1,StringStateofCharge[11],,uint16,M,R,SoC_SF,%,1
Repeating,2927,1,StringStateofHealth[11],,uint16,O,R,SoH_SF,%,1
Repeating,2928,1,StringCurrent[11],,sint16,M,R,A_SF,A,1
Repeating,2929,1,MaxCellVoltage[11],,uint16,M,R,CellV_SF,V,1
Repeating,2930,1,MaxCellVoltageModule[11],,uint16,O,R,,,1
Repeating,2931,1,MinCellVoltage[11],,uint16,M,R,CellV_SF,V,1
Repeating,2932,1,MinCellVoltageModule[11],,uint16,O,R,,,1
Repeating,2933,1,AverageCellVoltage[11],,uint16,M,R,CellV_SF,V,1
Repeating,2934,1,StrModTmpMax[11],,sint16,M,R,ModTmp_SF,C,1
Repeating,2935,1,StrModTmpMaxMod[11],,uint16,O,R,,,1
Repeating,2936,1,StrModTmpMin[11],,sint16,M,R,ModTmp_SF,C,1
Repeating,2937,1,StrModTmpMinMod[11],,uint16,O,R,,,1
Repeating,2938,1,StrModTmpAvg[11],,sint16,M,R,ModTmp_SF,C,1
Repeating,2939,1,DisabledReason[11],,enum16,O,R,,,1
Repeating,2940,2,ContactorStatus[11],,bitfield32,O,R,,,1
Repeating,2942,2,StringEvent1[11],,bitfield32,M,R,,,1
Repeating,2944,2,StringEvent2[11],,bitfield32,O,R,,,1
Repeating,2946,2,VendorStringEventBitfield1[11],,bitfield32,O,R,,,1
Repeating,2948,2,VendorStringEventBitfield2[11],,bitfield32,O,R,,,1
Repeating,2950,1,EnableDisableString[11],,enum16,O,RW,,,1
Repeating,2951,1,ConnectDisconnectString[11],,enum16,O,RW,,,1
Repeating,2952,1,Pad[11],,pad,M,R,,,1
Repeating,2953,1,Pad2[11],,pad,M,R,,,1
Repeating,2954,1,ModuleCount[12],,uint16,M,R,,,1
Repeating,2955,2,StringStatus[12],,bitfield32,M,R,,,1
Repeating,2957,1,ConnectionFailureReason[12],,enum16,O,R,,,1
Repeating,2958,1,StringStateofCharge[12],,uint16,M,R,SoC_SF,%,1
Repeating,2959,1,StringStateofHealth[12],,uint16,O,R,SoH_SF,%,1
Repeating,2960,1,StringCurrent[12],,sint16,M,R,A_SF,A,1
Repeating,2961,1,MaxCellVoltage[12],,uint16,M,R,CellV_SF,V,1
Repeating,2962,1,MaxCellVoltageModule[12],,uint16,O,R,,,1
Repeating,2963,1,MinCellVoltage[12],,uint16,M,R,CellV_SF,V,1
Repeating,2964,1,MinCellVoltageModule[12],,uint16,O,R,,,1
Repeating,2965,1,AverageCellVoltage[12],,uint16,M,R,CellV_SF,V,1
Repeating,2966,1,StrModTmpMax[12],,sint16,M,R,ModTmp_SF,C,1
Repeating,2967,1,StrModTmpMaxMod[12],,uint16,O,R,,,1
Repeating,2968,1,StrModTmpMin[12],,sint16,M,R,ModTmp_SF,C,1
Repeating,2969,1,StrModTmpMinMod[12],,uint16,O,R,,,1
Repeating,2970,1,StrModTmpAvg[12],,sint16,M,R,ModTmp_SF,C,1
Repeating,2971,1,DisabledReason[12],,enum16,O,R,,,1
Repeating,2972,2,ContactorStatus[12],,bitfield32,O,R,,,1
Repeating,2974,2,StringEvent1[12],,bitfield32,M,R,,,1
Repeating,2976,2,StringEvent2[12],,bitfield32,O,R,,,1
Repeating,2978,2,VendorStringEventBitfield1[12],,bitfield32,O,R,,,1
Repeating,2980,2,VendorStringEventBitfield2[12],,bitfield32,O,R,,,1
Repeating,2982,1,EnableDisableString[12],,enum16,O,RW,,,1
Repeating,2983,1,ConnectDisconnectString[12],,enum16,O,RW,,,1
Repeating,2984,1,Pad[12],,pad,M,R,,,1
Repeating,2985,1,Pad2[12],,pad,M,R,,,1
Repeating,2986,1,ModuleCount[13],,uint16,M,R,,,1
Repeating,2987,2,StringStatus[13],,bitfield32,M,R,,,1
Repeating,2989,1,ConnectionFailureReason[13],,enum16,O,R,,,1
Repeating,2990,1,StringStateofCharge[13],,uint16,M,R,SoC_SF,%,1
Repeating,2991,1,StringStateofHealth[13],,uint16,O,R,SoH_SF,%,1
Repeating,2992,1,StringCurrent[13],,sint16,M,R,A_SF,A,1
Repeating,2993,1,MaxCellVoltage[13],,uint16,M,R,CellV_SF,V,1
Repeating,2994,1,MaxCellVoltageModule[13],,uint16,O,R,,,1
Repeating,2995,1,MinCellVoltage[13],,uint16,M,R,CellV_SF,V,1
Repeating,2996,1,MinCellVoltageModule[13],,uint16,O,R,,,1
Repeating,2997,1,AverageCellVoltage[13],,uint16,M,R,CellV_SF,V,1
Repeating,2998,1,StrModTmpMax[13],,sint16,M,R,ModTmp_SF,C,1
Repeating,2999,1,StrModTmpMaxMod[13],,uint16,O,R,,,1
Repeating,3000,1,StrModTmpMin[13],,sint16,M,R,ModTmp_SF,C,1
Repeating,3001,1,StrModTmpMinMod[13],,uint16,O,R,,,1
Repeating,3002,1,StrModTmpAvg[13],,sint16,M,R,ModTmp_SF,C,1
Repeating,3003,1,DisabledReason[13],,enum16,O,R,,,1
Repeating,3004,2,ContactorStatus[13],,bitfield32,O,R,,,1
Repeating,3006,2,StringEvent1[13],,bitfield32,M,R,,,1
Repeating,3008,2,StringEvent2[13],,bitfield32,O,R,,,1
Repeating,3010,2,VendorStringEventBitfield1[13],,bitfield32,O,R,,,1
Repeating,3012,2,VendorStringEventBitfield2[13],,bitfield32,O,R,,,1
Repeating,3014,1,EnableDisableString[13],,enum16,O,RW,,,1
Repeating,3015,1,ConnectDisconnectString[13],,enum16,O,RW,,,1
Repeating,3016,1,Pad[13],,pad,M,R,,,1
Repeating,3017,1,Pad2[13],,pad,M,R,,,1
Repeating,3018,1,ModuleCount[14],,uint16,M,R,,,1
Repeating,3019,2,StringStatus[14],,bitfield32,M,R,,,1
Repeating,3021,1,ConnectionFailureReason[14],,enum16,O,R,,,1
Repeating,3022,1,StringStateofCharge[14],,uint16,M,R,SoC_SF,%,1
Repeating,3023,1,StringStateofHealth[14],,uint16,O,R,SoH_SF,%,1
Repeating,3024,1,StringCurrent[14],,sint16,M,R,A_SF,A,1
Repeating,3025,1,MaxCellVoltage[14],,uint16,M,R,CellV_SF,V,1
Repeating,3026,1,MaxCellVoltageModule[14],,uint16,O,R,,,1
Repeating,3027,1,MinCellVoltage[14],,uint16,M,R,CellV_SF,V,1
Repeating,3028,1,MinCellVoltageModule[14],,uint16,O,R,,,1
Repeating,3029,1,AverageCellVoltage[14],,uint16,M,R,CellV_SF,V,1
Repeating,3030,1,StrModTmpMax[14],,sint16,M,R,ModTmp_SF,C,1
Repeating,3031,1,StrModTmpMaxMod[14],,uint16,O,R,,,1
Repeating,3032,1,StrModTmpMin[14],,sint16,M,R,ModTmp_SF,C,1
Repeating,3033,1,StrModTmpMinMod[14],,uint16,O,R,,,1
Repeating,3034,1,StrModTmpAvg[14],,sint16,M,R,ModTmp_SF,C,1
Repeating,3035,1,DisabledReason[14],,enum16,O,R,,,1
Repeating,3036,2,ContactorStatus[14],,bitfield32,O,R,,,1
Repeating,3038,2,StringEvent1[14],,bitfield32,M,R,,,1
Repeating,3040,2,StringEvent2[14],,bitfield32,O,R,,,1
Repeating,3042,2,VendorStringEventBitfield1[14],,bitfield32,O,R,,,1
Repeating,3044,2,VendorStringEventBitfield2[14],,bitfield32,O,R,,,1
Repeating,3046,1,EnableDisableString[14],,enum16,O,RW,,,1
Repeating,3047,1,ConnectDisconnectString[14],,enum16,O,RW,,,1
Repeating,3048,1,Pad[14],,pad,M,R,,,1
Repeating,3049,1,Pad2[14],,pad,M,R,,,1
Repeating,3050,1,ModuleCount[15],,uint16,M,R,,,1
Repeating,3051,2,StringStatus[15],,bitfield32,M,R,,,1
Repeating,3053,1,ConnectionFailureReason[15],,enum16,O,R,,,1
Repeating,3054,1,StringStateofCharge[15],,uint16,M,R,SoC_SF,%,1
Repeating,3055,1,StringStateofHealth[15],,uint16,O,R,SoH_SF,%,1
Repeating,3056,1,StringCurrent[15],,sint16,M,R,A_SF,A,1
Repeating,3057,1,MaxCellVoltage[15],,uint16,M,R,CellV_SF,V,1
Repeating,3058,1,MaxCellVoltageModule[15],,uint16,O,R,,,1
Repeating,3059,1,MinCellVoltage[15],,uint16,M,R,CellV_SF,V,1
Repeating,3060,1,MinCellVoltageModule[15],,uint16,O,R,,,1
Repeating,3061,1,AverageCellVoltage[15],,uint16,M,R,CellV_SF,V,1
Repeating,3062,1,StrModTmpMax[15],,sint16,M,R,ModTmp_SF,C,1
Repeating,3063,1,StrModTmpMaxMod[15],,uint16,O,R,,,1
Repeating,3064,1,StrModTmpMin[15],,sint16,M,R,ModTmp_SF,C,1
Repeating,3065,1,StrModTmpMinMod[15],,uint16,O,R,,,1
Repeating,3066,1,StrModTmpAvg[15],,sint16,M,R,ModTmp_SF,C,1
Repeating,3067,1,DisabledReason[15],,enum16,O,R,,,1
Repeating,3068,2,ContactorStatus[15],,bitfield32,O,R,,,1
Repeating,3070,2,StringEvent1[15],,bitfield32,M,R,,,1
Repeating,3072,2,StringEvent2[15],,bitfield32,O,R,,,1
Repeating,3074,2,VendorStringEventBitfield1[15],,bitfield32,O,R,,,1
Repeating,3076,2,VendorStringEventBitfield2[15],,bitfield32,O,R,,,1
Repeating,3078,1,EnableDisableString[15],,enum16,O,RW,,,1
Repeating,3079,1,ConnectDisconnectString[15],,enum16,O,RW,,,1
Repeating,3080,1,Pad[15],,pad,M,R,,,1
Repeating,3081,1,Pad2[15],,pad,M,R,,,1
Repeating,3082,1,ModuleCount[16],,uint16,M,R,,,1
Repeating,3083,2,StringStatus[16],,bitfield32,M,R,,,1
Repeating,3085,1,ConnectionFailureReason[16],,enum16,O,R,,,1
Repeating,3086,1,StringStateofCharge[16],,uint16,M,R,SoC_SF,%,1
Repeating,3087,1,StringStateofHealth[16],,uint16,O,R,SoH_SF,%,1
Repeating,3088,1,StringCurrent[16],,sint16,M,R,A_SF,A,1
Repeating,3089,1,MaxCellVoltage[16],,uint16,M,R,CellV_SF,V,1
Repeating,3090,1,MaxCellVoltageModule[16],,uint16,O,R,,,1
Repeating,3091,1,MinCellVoltage[16],,uint16,M,R,CellV_SF,V,1
Repeating,3092,1,MinCellVoltageModule[16],,uint16,O,R,,,1
Repeating,3093,1,AverageCellVoltage[16],,uint16,M,R,CellV_SF,V,1
Repeating,3094,1,StrModTmpMax[16],,sint16,M,R,ModTmp_SF,C,1
Repeating,3095,1,StrModTmpMaxMod[16],,uint16,O,R,,,1
Repeating,3096,1,StrModTmpMin[16],,sint16,M,R,ModTmp_SF,C,1
Repeating,3097,1,StrModTmpMinMod[16],,uint16,O,R,,,1
Repeating,3098,1,StrModTmpAvg[16],,sint16,M,R,ModTmp_SF,C,1
Repeating,3099,1,DisabledReason[16],,enum16,O,R,,,1
Repeating,3100,2,ContactorStatus[16],,bitfield32,O,R,,,1
Repeating,3102,2,StringEvent1[16],,bitfield32,M,R,,,1
Repeating,3104,2,StringEvent2[16],,bitfield32,O,R,,,1
Repeating,3106,2,VendorStringEventBitfield1[16],,bitfield32,O,R,,,1
Repeating,3108,2,VendorStringEventBitfield2[16],,bitfield32,O,R,,,1
Repeating,3110,1,EnableDisableString[16],,enum16,O,RW,,,1
Repeating,3111,1,ConnectDisconnectString[16],,enum16,O,RW,,,1
Repeating,3112,1,Pad[16],,pad,M,R,,,1
Repeating,3113,1,Pad2[16],,pad,M,R,,,1
Repeating,3114,1,ModuleCount[17],,uint16,M,R,,,1
Repeating,3115,2,StringStatus[17],,bitfield32,M,R,,,1
Repeating,3117,1,ConnectionFailureReason[17],,enum16,O,R,,,1
Repeating,3118,1,StringStateofCharge[17],,uint16,M,R,SoC_SF,%,1
Repeating,3119,1,StringStateofHealth[17],,uint16,O,R,SoH_SF,%,1
Repeating,3120,1,StringCurrent[17],,sint16,M,R,A_SF,A,1
Repeating,3121,1,MaxCellVoltage[17],,uint16,M,R,CellV_SF,V,1
Repeating,3122,1,MaxCellVoltageModule[17],,uint16,O,R,,,1
Repeating,3123,1,MinCellVoltage[17],,uint16,M,R,CellV_SF,V,1
Repeating,3124,1,MinCellVoltageModule[17],,uint16,O,R,,,1
Repeating,3125,1,AverageCellVoltage[17],,uint16,M,R,CellV_SF,V,1
Repeating,3126,1,StrModTmpMax[17],,sint16,M,R,ModTmp_SF,C,1
Repeating,3127,1,StrModTmpMaxMod[17],,uint16,O,R,,,1
Repeating,3128,1,StrModTmpMin[17],,sint16,M,R,ModTmp_SF,C,1
Repeating,3129,1,StrModTmpMinMod[17],,uint16,O,R,,,1
Repeating,3130,1,StrModTmpAvg[17],,sint16,M,R,ModTmp_SF,C,1
Repeating,3131,1,DisabledReason[17],,enum16,O,R,,,1
Repeating,3132,2,ContactorStatus[17],,bitfield32,O,R,,,1
Repeating,3134,2,StringEvent1[17],,bitfield32,M,R,,,1
Repeating,3136,2,StringEvent2[17],,bitfield32,O,R,,,1
Repeating,3138,2,VendorStringEventBitfield1[17],,bitfield32,O,R,,,1
Repeating,3140,2,VendorStringEventBitfield2[17],,bitfield32,O,R,,,1
Repeating,3142,1,EnableDisableString[17],,enum16,O,RW,,,1
Repeating,3143,1,ConnectDisconnectString[17],,enum16,O,RW,,,1
Repeating,3144,1,Pad[17],,pad,M,R,,,1
Repeating,3145,1,Pad2[17],,pad,M,R,,,1
Repeating,3146,1,ModuleCount[18],,uint16,M,R,,,1
Repeating,3147,2,StringStatus[18],,bitfield32,M,R,,,1
Repeating,3149,1,ConnectionFailureReason[18],,enum16,O,R,,,1
Repeating,3150,1,StringStateofCharge[18],,uint16,M,R,SoC_SF,%,1
Repeating,3151,1,StringStateofHealth[18],,uint16,O,R,SoH_SF,%,1
Repeating,3152,1,StringCurrent[18],,sint16,M,R,A_SF,A,1
Repeating,3153,1,MaxCellVoltage[18],,uint16,M,R,CellV_SF,V,1
Repeating,3154,1,MaxCellVoltageModule[18],,uint16,O,R,,,1
Repeating,3155,1,MinCellVoltage[18],,uint16,M,R,CellV_SF,V,1
Repeating,3156,1,MinCellVoltageModule[18],,uint16,O,R,,,1
Repeating,3157,1,AverageCellVoltage[18],,uint16,M,R,CellV_SF,V,1
Repeating,3158,1,StrModTmpMax[18],,sint16,M,R,ModTmp_SF,C,1
Repeating,3159,1,StrModTmpMaxMod[18],,uint16,O,R,,,1
Repeating,3160,1,StrModTmpMin[18],,sint16,M,R,ModTmp_SF,C,1
Repeating,3161,1,StrModTmpMinMod[18],,uint16,O,R,,,1
Repeating,3162,1,StrModTmpAvg[18],,sint16,M,R,ModTmp_SF,C,1
Repeating,3163,1,DisabledReason[18],,enum16,O,R,,,1
Repeating,3164,2,ContactorStatus[18],,bitfield32,O,R,,,1
Repeating,3166,2,StringEvent1[18],,bitfield32,M,R,,,1
Repeating,3168,2,StringEvent2[18],,bitfield32,O,R,,,1
Repeating,3170,2,VendorStringEventBitfield1[18],,bitfield32,O,R,,,1
Repeating,3172,2,VendorStringEventBitfield2[18],,bitfield32,O,R,,,1
Repeating,3174,1,EnableDisableString[18],,enum16,O,RW,,,1
Repeating,3175,1,ConnectDisconnectString[18],,enum16,O,RW,,,1
Repeating,3176,1,Pad[18],,pad,M,R,,,1
Repeating,3177,1,Pad2[18],,pad,M,R,,,1
Repeating,3178,1,ModuleCount[19],,uint16,M,R,,,1
Repeating,3179,2,StringStatus[19],,bitfield32,M,R,,,1
Repeating,3181,1,ConnectionFailureReason[19],,enum16,O,R,,,1
Repeating,3182,1,StringStateofCharge[19],,uint16,M,R,SoC_SF,%,1
Repeating,3183,1,StringStateofHealth[19],,uint16,O,R,SoH_SF,%,1
Repeating,3184,1,StringCurrent[19],,sint16,M,R,A_SF,A,1
Repeating,3185,1,MaxCellVoltage[19],,uint16,M,R,CellV_SF,V,1
Repeating,3186,1,MaxCellVoltageModule[19],,uint16,O,R,,,1
Repeating,3187,1,MinCellVoltage[19],,uint16,M,R,CellV_SF,V,1
Repeating,3188,1,MinCellVoltageModule[19],,uint16,O,R,,,1
Repeating,3189,1,AverageCellVoltage[19],,uint16,M,R,CellV_SF,V,1
Repeating,3190,1,StrModTmpMax[19],,sint16,M,R,ModTmp_SF,C,1
Repeating,3191,1,StrModTmpMaxMod[19],,uint16,O,R,,,1
Repeating,3192,1,StrModTmpMin[19],,sint16,M,R,ModTmp_SF,C,1
Repeating,3193,1,StrModTmpMinMod[19],,uint16,O,R,,,1
Repeating,3194,1,StrModTmpAvg[19],,sint16,M,R,ModTmp_SF,C,1
Repeating,3195,1,DisabledReason[19],,enum16,O,R,,,1
Repeating,3196,2,ContactorStatus[19],,bitfield32,O,R,,,1
Repeating,3198,2,StringEvent1[19],,bitfield32,M,R,,,1
Repeating,3200,2,StringEvent2[19],,bitfield32,O,R,,,1
Repeating,3202,2,VendorStringEventBitfield1[19],,bitfield32,O,R,,,1
Repeating,3204,2,VendorStringEventBitfield2[19],,bitfield32,O,R,,,1
Repeating,3206,1,EnableDisableString[19],,enum16,O,RW,,,1
Repeating,3207,1,ConnectDisconnectString[19],,enum16,O,RW,,,1
Repeating,3208,1,Pad[19],,pad,M,R,,,1
Repeating,3209,1,Pad2[19],,pad,M,R,,,1
Repeating,3210,1,ModuleCount[20],,uint16,M,R,,,1
Repeating,3211,2,StringStatus[20],,bitfield32,M,R,,,1
Repeating,3213,1,ConnectionFailureReason[20],,enum16,O,R,,,1
Repeating,3214,1,StringStateofCharge[20],,uint16,M,R,SoC_SF,%,1
Repeating,3215,1,StringStateofHealth[20],,uint16,O,R,SoH_SF,%,1
Repeating,3216,1,StringCurrent[20],,sint16,M,R,A_SF,A,1
Repeating,3217,1,MaxCellVoltage[20],,uint16,M,R,CellV_SF,V,1
Repeating,3218,1,MaxCellVoltageModule[20],,uint16,O,R,,,1
Repeating,3219,1,MinCellVoltage[20],,uint16,M,R,CellV_SF,V,1
Repeating,3220,1,MinCellVoltageModule[20],,uint16,O,R,,,1
Repeating,3221,1,AverageCellVoltage[20],,uint16,M,R,CellV_SF,V,1
Repeating,3222,1,StrModTmpMax[20],,sint16,M,R,ModTmp_SF,C,1
Repeating,3223,1,StrModTmpMaxMod[20],,uint16,O,R,,,1
Repeating,3224,1,StrModTmpMin[20],,sint16,M,R,ModTmp_SF,C,1
Repeating,3225,1,StrModTmpMinMod[20],,uint16,O,R,,,1
Repeating,3226,1,StrModTmpAvg[20],,sint16,M,R,ModTmp_SF,C,1
Repeating,3227,1,DisabledReason[20],,enum16,O,R,,,1
Repeating,3228,2,ContactorStatus[20],,bitfield32,O,R,,,1
Repeating,3230,2,StringEvent1[20],,bitfield32,M,R,,,1
Repeating,3232,2,StringEvent2[20],,bitfield32,O,R,,,1
Repeating,3234,2,VendorStringEventBitfield1[20],,bitfield32,O,R,,,1
Repeating,3236,2,VendorStringEventBitfield2[20],,bitfield32,O,R,,,1
Repeating,3238,1,EnableDisableString[20],,enum16,O,RW,,,1
Repeating,3239,1,ConnectDisconnectString[20],,enum16,O,RW,,,1
Repeating,3240,1,Pad[20],,pad,M,R,,,1
Repeating,3241,1,Pad2[20],,pad,M,R,,,1
Repeating,3242,1,ModuleCount[21],,uint16,M,R,,,1
Repeating,3243,2,StringStatus[21],,bitfield32,M,R,,,1
Repeating,3245,1,ConnectionFailureReason[21],,enum16,O,R,,,1
Repeating,3246,1,StringStateofCharge[21],,uint16,M,R,SoC_SF,%,1
Repeating,3247,1,StringStateofHealth[21],,uint16,O,R,SoH_SF,%,1
Repeating,3248,1,StringCurrent[21],,sint16,M,R,A_SF,A,1
Repeating,3249,1,MaxCellVoltage[21],,uint16,M,R,CellV_SF,V,1
Repeating,3250,1,MaxCellVoltageModule[21],,uint16,O,R,,,1
Repeating,3251,1,MinCellVoltage[21],,uint16,M,R,CellV_SF,V,1
Repeating,3252,1,MinCellVoltageModule[21],,uint16,O,R,,,1
Repeating,3253,1,AverageCellVoltage[21],,uint16,M,R,CellV_SF,V,1
Repeating,3254,1,StrModTmpMax[21],,sint16,M,R,ModTmp_SF,C,1
Repeating,3255,1,StrModTmpMaxMod[21],,uint16,O,R,,,1
Repeating,3256,1,StrModTmpMin[21],,sint16,M,R,ModTmp_SF,C,1
Repeating,3257,1,StrModTmpMinMod[21],,uint16,O,R,,,1
Repeating,3258,1,StrModTmpAvg[21],,sint16,M,R,ModTmp_SF,C,1
Repeating,3259,1,DisabledReason[21],,enum16,O,R,,,1
Repeating,3260,2,ContactorStatus[21],,bitfield32,O,R,,,1
Repeating,3262,2,StringEvent1[21],,bitfield32,M,R,,,1
Repeating,3264,2,StringEvent2[21],,bitfield32,O,R,,,1
Repeating,3266,2,VendorStringEventBitfield1[21],,bitfield32,O,R,,,1
Repeating,3268,2,VendorStringEventBitfield2[21],,bitfield32,O,R,,,1
Repeating,3270,1,EnableDisableString[21],,enum16,O,RW,,,1
Repeating,3271,1,ConnectDisconnectString[21],,enum16,O,RW,,,1
Repeating,3272,1,Pad[21],,pad,M,R,,,1
Repeating,3273,1,Pad2[21],,pad,M,R,,,1
Repeating,3274,1,ModuleCount[22],,uint16,M,R,,,1
Repeating,3275,2,StringStatus[22],,bitfield32,M,R,,,1
Repeating,3277,1,ConnectionFailureReason[22],,enum16,O,R,,,1
Repeating,3278,1,StringStateofCharge[22],,uint16,M,R,SoC_SF,%,1
Repeating,3279,1,StringStateofHealth[22],,uint16,O,R,SoH_SF,%,1
Repeating,3280,1,StringCurrent[22],,sint16,M,R,A_SF,A,1
Repeating,3281,1,MaxCellVoltage[22],,uint16,M,R,CellV_SF,V,1
Repeating,3282,1,MaxCellVoltageModule[22],,uint16,O,R,,,1
Repeating,3283,1,MinCellVoltage[22],,uint16,M,R,CellV_SF,V,1
Repeating,3284,1,MinCellVoltageModule[22],,uint16,O,R,,,1
Repeating,3285,1,AverageCellVoltage[22],,uint16,M,R,CellV_SF,V,1
Repeating,3286,1,StrModTmpMax[22],,sint16,M,R,ModTmp_SF,C,1
Repeating,3287,1,StrModTmpMaxMod[22],,uint16,O,R,,,1
Repeating,3288,1,StrModTmpMin[22],,sint16,M,R,ModTmp_SF,C,1
Repeating,3289,1,StrModTmpMinMod[22],,uint16,O,R,,,1
Repeating,3290,1,StrModTmpAvg[22],,sint16,M,R,ModTmp_SF,C,1
Repeating,3291,1,DisabledReason[22],,enum16,O,R,,,1
Repeating,3292,2,ContactorStatus[22],,bitfield32,O,R,,,1
Repeating,3294,2,StringEvent1[22],,bitfield32,M,R,,,1
Repeating,3296,2,StringEvent2[22],,bitfield32,O,R,,,1
Repeating,3298,2,VendorStringEventBitfield1[22],,bitfield32,O,R,,,1
Repeating,3300,2,VendorStringEventBitfield2[22],,bitfield32,O,R,,,1
Repeating,3302,1,EnableDisableString[22],,enum16,O,RW,,,1
Repeating,3303,1,ConnectDisconnectString[22],,enum16,O,RW,,,1
Repeating,3304,1,Pad[22],,pad,M,R,,,1
Repeating,3305,1,Pad2[22],,pad,M,R,,,1
Repeating,3306,1,ModuleCount[23],,uint16,M,R,,,1
Repeating,3307,2,StringStatus[23],,bitfield32,M,R,,,1
Repeating,3309,1,ConnectionFailureReason[23],,enum16,O,R,,,1
Repeating,3310,1,StringStateofCharge[23],,uint16,M,R,SoC_SF,%,1
Repeating,3311,1,StringStateofHealth[23],,uint16,O,R,SoH_SF,%,1
Repeating,3312,1,StringCurrent[23],,sint16,M,R,A_SF,A,1
Repeating,3313,1,MaxCellVoltage[23],,uint16,M,R,CellV_SF,V,1
Repeating,3314,1,MaxCellVoltageModule[23],,uint16,O,R,,,1
Repeating,3315,1,MinCellVoltage[23],,uint16,M,R,CellV_SF,V,1
Repeating,3316,1,MinCellVoltageModule[23],,uint16,O,R,,,1
Repeating,3317,1,AverageCellVoltage[23],,uint16,M,R,CellV_SF,V,1
Repeating,3318,1,StrModTmpMax[23],,sint16,M,R,ModTmp_SF,C,1
Repeating,3319,1,StrModTmpMaxMod[23],,uint16,O,R,,,1
Repeating,3320,1,StrModTmpMin[23],,sint16,M,R,ModTmp_SF,C,1
Repeating,3321,1,StrModTmpMinMod[23],,uint16,O,R,,,1
Repeating,3322,1,StrModTmpAvg[23],,sint16,M,R,ModTmp_SF,C,1
Repeating,3323,1,DisabledReason[23],,enum16,O,R,,,1
Repeating,3324,2,ContactorStatus[23],,bitfield32,O,R,,,1
Repeating,3326,2,StringEvent1[23],,bitfield32,M,R,,,1
Repeating,3328,2,StringEvent2[23],,bitfield32,O,R,,,1
Repeating,3330,2,VendorStringEventBitfield1[23],,bitfield32,O,R,,,1
Repeating,3332,2,VendorStringEventBitfield2[23],,bitfield32,O,R,,,1
Repeating,3334,1,EnableDisableString[23],,enum16,O,RW,,,1
Repeating,3335,1,ConnectDisconnectString[23],,enum16,O,RW,,,1
Repeating,3336,1,Pad[23],,pad,M,R,,,1
Repeating,3337,1,Pad2[23],,pad,M,R,,,1
Repeating,3338,1,ModuleCount[24],,uint16,M,R,,,1
Repeating,3339,2,StringStatus[24],,bitfield32,M,R,,,1
Repeating,3341,1,ConnectionFailureReason[24],,enum16,O,R,,,1
Repeating,3342,1,StringStateofCharge[24],,uint16,M,R,SoC_SF,%,1
Repeating,3343,1,StringStateofHealth[24],,uint16,O,R,SoH_SF,%,1
Repeating,3344,1,StringCurrent[24],,sint16,M,R,A_SF,A,1
Repeating,3345,1,MaxCellVoltage[24],,uint16,M,R,CellV_SF,V,1
Repeating,3346,1,MaxCellVoltageModule[24],,uint16,O,R,,,1
Repeating,3347,1,MinCellVoltage[24],,uint16,M,R,CellV_SF,V,1
Repeating,3348,1,MinCellVoltageModule[24],,uint16,O,R,,,1
Repeating,3349,1,AverageCellVoltage[24],,uint16,M,R,CellV_SF,V,1
Repeating,3350,1,StrModTmpMax[24],,sint16,M,R,ModTmp_SF,C,1
Repeating,3351,1,StrModTmpMaxMod[24],,uint16,O,R,,,1
Repeating,3352,1,StrModTmpMin[24],,sint16,M,R,ModTmp_SF,C,1
Repeating,3353,1,StrModTmpMinMod[24],,uint16,O,R,,,1
Repeating,3354,1,StrModTmpAvg[24],,sint16,M,R,ModTmp_SF,C,1
Repeating,3355,1,DisabledReason[24],,enum16,O,R,,,1
Repeating,3356,2,ContactorStatus[24],,bitfield32,O,R,,,1
Repeating,3358,2,StringEvent1[24],,bitfield32,M,R,,,1
Repeating,3360,2,StringEvent2[24],,bitfield32,O,R,,,1
Repeating,3362,2,VendorStringEventBitfield1[24],,bitfield32,O,R,,,1
Repeating,3364,2,VendorStringEventBitfield2[24],,bitfield32,O,R,,,1
Repeating,3366,1,EnableDisableString[24],,enum16,O,RW,,,1
Repeating,3367,1,ConnectDisconnectString[24],,enum16,O,RW,,,1
Repeating,3368,1,Pad[24],,pad,M,R,,,1
Repeating,3369,1,Pad2[24],,pad,M,R,,,1
Repeating,3370,1,ModuleCount[25],,uint16,M,R,,,1
Repeating,3371,2,StringStatus[25],,bitfield32,M,R,,,1
Repeating,3373,1,ConnectionFailureReason[25],,enum16,O,R,,,1
Repeating,3374,1,StringStateofCharge[25],,uint16,M,R,SoC_SF,%,1
Repeating,3375,1,StringStateofHealth[25],,uint16,O,R,SoH_SF,%,1
Repeating,3376,1,StringCurrent[25],,sint16,M,R,A_SF,A,1
Repeating,3377,1,MaxCellVoltage[25],,uint16,M,R,CellV_SF,V,1
Repeating,3378,1,MaxCellVoltageModule[25],,uint16,O,R,,,1
Repeating,3379,1,MinCellVoltage[25],,uint16,M,R,CellV_SF,V,1
Repeating,3380,1,MinCellVoltageModule[25],,uint16,O,R,,,1
Repeating,3381,1,AverageCellVoltage[25],,uint16,M,R,CellV_SF,V,1
Repeating,3382,1,StrModTmpMax[25],,sint16,M,R,ModTmp_SF,C,1
Repeating,3383,1,StrModTmpMaxMod[25],,uint16,O,R,,,1
Repeating,3384,1,StrModTmpMin[25],,sint16,M,R,ModTmp_SF,C,1
Repeating,3385,1,StrModTmpMinMod[25],,uint16,O,R,,,1
Repeating,3386,1,StrModTmpAvg[25],,sint16,M,R,ModTmp_SF,C,1
Repeating,3387,1,DisabledReason[25],,enum16,O,R,,,1
Repeating,3388,2,ContactorStatus[25],,bitfield32,O,R,,,1
Repeating,3390,2,StringEvent1[25],,bitfield32,M,R,,,1
Repeating,3392,2,StringEvent2[25],,bitfield32,O,R,,,1
Repeating,3394,2,VendorStringEventBitfield1[25],,bitfield32,O,R,,,1
Repeating,3396,2,VendorStringEventBitfield2[25],,bitfield32,O,R,,,1
Repeating,3398,1,EnableDisableString[25],,enum16,O,RW,,,1
Repeating,3399,1,ConnectDisconnectString[25],,enum16,O,RW,,,1
Repeating,3400,1,Pad[25],,pad,M,R,,,1
Repeating,3401,1,Pad2[25],,pad,M,R,,,1
Repeating,3402,1,ModuleCount[26],,uint16,M,R,,,1
Repeating,3403,2,StringStatus[26],,bitfield32,M,R,,,1
Repeating,3405,1,ConnectionFailureReason[26],,enum16,O,R,,,1
Repeating,3406,1,StringStateofCharge[26],,uint16,M,R,SoC_SF,%,1
Repeating,3407,1,StringStateofHealth[26],,uint16,O,R,SoH_SF,%,1
Repeating,3408,1,StringCurrent[26],,sint16,M,R,A_SF,A,1
Repeating,3409,1,MaxCellVoltage[26],,uint16,M,R,CellV_SF,V,1
Repeating,3410,1,MaxCellVoltageModule[26],,uint16,O,R,,,1
Repeating,3411,1,MinCellVoltage[26],,uint16,M,R,CellV_SF,V,1
Repeating,3412,1,MinCellVoltageModule[26],,uint16,O,R,,,1
Repeating,3413,1,AverageCellVoltage[26],,uint16,M,R,CellV_SF,V,1
Repeating,3414,1,StrModTmpMax[26],,sint16,M,R,ModTmp_SF,C,1
Repeating,3415,1,StrModTmpMaxMod[26],,uint16,O,R,,,1
Repeating,3416,1,StrModTmpMin[26],,sint16,M,R,ModTmp_SF,C,1
Repeating,3417,1,StrModTmpMinMod[26],,uint16,O,R,,,1
Repeating,3418,1,StrModTmpAvg[26],,sint16,M,R,ModTmp_SF,C,1
Repeating,3419,1,DisabledReason[26],,enum16,O,R,,,1
Repeating,3420,2,ContactorStatus[26],,bitfield32,O,R,,,1
Repeating,3422,2,StringEvent1[26],,bitfield32,M,R,,,1
Repeating,3424,2,StringEvent2[26],,bitfield32,O,R,,,1
Repeating,3426,2,VendorStringEventBitfield1[26],,bitfield32,O,R,,,1
Repeating,3428,2,VendorStringEventBitfield2[26],,bitfield32,O,R,,,1
Repeating,3430,1,EnableDisableString[26],,enum16,O,RW,,,1
Repeating,3431,1,ConnectDisconnectString[26],,enum16,O,RW,,,1
Repeating,3432,1,Pad[26],,pad,M,R,,,1
Repeating,3433,1,Pad2[26],,pad,M,R,,,1
Repeating,3434,1,ModuleCount[27],,uint16,M,R,,,1
Repeating,3435,2,StringStatus[27],,bitfield32,M,R,,,1
Repeating,3437,1,ConnectionFailureReason[27],,enum16,O,R,,,1
Repeating,3438,1,StringStateofCharge[27],,uint16,M,R,SoC_SF,%,1
Repeating,3439,1,StringStateofHealth[27],,uint16,O,R,SoH_SF,%,1
Repeating,3440,1,StringCurrent[27],,sint16,M,R,A_SF,A,1
Repeating,3441,1,MaxCellVoltage[27],,uint16,M,R,CellV_SF,V,1
Repeating,3442,1,MaxCellVoltageModule[27],,uint16,O,R,,,1
Repeating,3443,1,MinCellVoltage[27],,uint16,M,R,CellV_SF,V,1
Repeating,3444,1,MinCellVoltageModule[27],,uint16,O,R,,,1
Repeating,3445,1,AverageCellVoltage[27],,uint16,M,R,CellV_SF,V,1
Repeating,3446,1,StrModTmpMax[27],,sint16,M,R,ModTmp_SF,C,1
Repeating,3447,1,StrModTmpMaxMod[27],,uint16,O,R,,,1
Repeating,3448,1,StrModTmpMin[27],,sint16,M,R,ModTmp_SF,C,1
Repeating,3449,1,StrModTmpMinMod[27],,uint16,O,R,,,1
Repeating,3450,1,StrModTmpAvg[27],,sint16,M,R,ModTmp_SF,C,1
Repeating,3451,1,DisabledReason[27],,enum16,O,R,,,1
Repeating,3452,2,ContactorStatus[27],,bitfield32,O,R,,,1
Repeating,3454,2,StringEvent1[27],,bitfield32,M,R,,,1
Repeating,3456,2,StringEvent2[27],,bitfield32,O,R,,,1
Repeating,3458,2,VendorStringEventBitfield1[27],,bitfield32,O,R,,,1
Repeating,3460,2,VendorStringEventBitfield2[27],,bitfield32,O,R,,,1
Repeating,3462,1,EnableDisableString[27],,enum16,O,RW,,,1
Repeating,3463,1,ConnectDisconnectString[27],,enum16,O,RW,,,1
Repeating,3464,1,Pad[27],,pad,M,R,,,1
Repeating,3465,1,Pad2[27],,pad,M,R,,,1
Repeating,3466,1,ModuleCount[28],,uint16,M,R,,,1
Repeating,3467,2,StringStatus[28],,bitfield32,M,R,,,1
Repeating,3469,1,ConnectionFailureReason[28],,enum16,O,R,,,1
Repeating,3470,1,StringStateofCharge[28],,uint16,M,R,SoC_SF,%,1
Repeating,3471,1,StringStateofHealth[28],,uint16,O,R,SoH_SF,%,1
Repeating,3472,1,StringCurrent[28],,sint16,M,R,A_SF,A,1
Repeating,3473,1,MaxCellVoltage[28],,uint16,M,R,CellV_SF,V,1
Repeating,3474,1,MaxCellVoltageModule[28],,uint16,O,R,,,1
Repeating,3475,1,MinCellVoltage[28],,uint16,M,R,CellV_SF,V,1
Repeating,3476,1,MinCellVoltageModule[28],,uint16,O,R,,,1
Repeating,3477,1,AverageCellVoltage[28],,uint16,M,R,CellV_SF,V,1
Repeating,3478,1,StrModTmpMax[28],,sint16,M,R,ModTmp_SF,C,1
Repeating,3479,1,StrModTmpMaxMod[28],,uint16,O,R,,,1
Repeating,3480,1,StrModTmpMin[28],,sint16,M,R,ModTmp_SF,C,1
Repeating,3481,1,StrModTmpMinMod[28],,uint16,O,R,,,1
Repeating,3482,1,StrModTmpAvg[28],,sint16,M,R,ModTmp_SF,C,1
Repeating,3483,1,DisabledReason[28],,enum16,O,R,,,1
Repeating,3484,2,ContactorStatus[28],,bitfield32,O,R,,,1
Repeating,3486,2,StringEvent1[28],,bitfield32,M,R,,,1
Repeating,3488,2,StringEvent2[28],,bitfield32,O,R,,,1
Repeating,3490,2,VendorStringEventBitfield1[28],,bitfield32,O,R,,,1
Repeating,3492,2,VendorStringEventBitfield2[28],,bitfield32,O,R,,,1
Repeating,3494,1,EnableDisableString[28],,enum16,O,RW,,,1
Repeating,3495,1,ConnectDisconnectString[28],,enum16,O,RW,,,1
Repeating,3496,1,Pad[28],,pad,M,R,,,1
Repeating,3497,1,Pad2[28],,pad,M,R,,,1
Repeating,3498,1,ModuleCount[29],,uint16,M,R,,,1
Repeating,3499,2,StringStatus[29],,bitfield32,M,R,,,1
Repeating,3501,1,ConnectionFailureReason[29],,enum16,O,R,,,1
Repeating,3502,1,StringStateofCharge[29],,uint16,M,R,SoC_SF,%,1
Repeating,3503,1,StringStateofHealth[29],,uint16,O,R,SoH_SF,%,1
Repeating,3504,1,StringCurrent[29],,sint16,M,R,A_SF,A,1
Repeating,3505,1,MaxCellVoltage[29],,uint16,M,R,CellV_SF,V,1
Repeating,3506,1,MaxCellVoltageModule[29],,uint16,O,R,,,1
Repeating,3507,1,MinCellVoltage[29],,uint16,M,R,CellV_SF,V,1
Repeating,3508,1,MinCellVoltageModule[29],,uint16,O,R,,,1
Repeating,3509,1,AverageCellVoltage[29],,uint16,M,R,CellV_SF,V,1
Repeating,3510,1,StrModTmpMax[29],,sint16,M,R,ModTmp_SF,C,1
Repeating,3511,1,StrModTmpMaxMod[29],,uint16,O,R,,,1
Repeating,3512,1,StrModTmpMin[29],,sint16,M,R,ModTmp_SF,C,1
Repeating,3513,1,StrModTmpMinMod[29],,uint16,O,R,,,1
Repeating,3514,1,StrModTmpAvg[29],,sint16,M,R,ModTmp_SF,C,1
Repeating,3515,1,DisabledReason[29],,enum16,O,R,,,1
Repeating,3516,2,ContactorStatus[29],,bitfield32,O,R,,,1
Repeating,3518,2,StringEvent1[29],,bitfield32,M,R,,,1
Repeating,3520,2,StringEvent2[29],,bitfield32,O,R,,,1
Repeating,3522,2,VendorStringEventBitfield1[29],,bitfield32,O,R,,,1
Repeating,3524,2,VendorStringEventBitfield2[29],,bitfield32,O,R,,,1
Repeating,3526,1,EnableDisableString[29],,enum16,O,RW,,,1
Repeating,3527,1,ConnectDisconnectString[29],,enum16,O,RW,,,1
Repeating,3528,1,Pad[29],,pad,M,R,,,1
Repeating,3529,1,Pad2[29],,pad,M,R,,,1
Repeating,3530,1,ModuleCount[30],,uint16,M,R,,,1
Repeating,3531,2,StringStatus[30],,bitfield32,M,R,,,1
Repeating,3533,1,ConnectionFailureReason[30],,enum16,O,R,,,1
Repeating,3534,1,StringStateofCharge[30],,uint16,M,R,SoC_SF,%,1
Repeating,3535,1,StringStateofHealth[30],,uint16,O,R,SoH_SF,%,1
Repeating,3536,1,StringCurrent[30],,sint16,M,R,A_SF,A,1
Repeating,3537,1,MaxCellVoltage[30],,uint16,M,R,CellV_SF,V,1
Repeating,3538,1,MaxCellVoltageModule[30],,uint16,O,R,,,1
Repeating,3539,1,MinCellVoltage[30],,uint16,M,R,CellV_SF,V,1
Repeating,3540,1,MinCellVoltageModule[30],,uint16,O,R,,,1
Repeating,3541,1,AverageCellVoltage[30],,uint16,M,R,CellV_SF,V,1
Repeating,3542,1,StrModTmpMax[30],,sint16,M,R,ModTmp_SF,C,1
Repeating,3543,1,StrModTmpMaxMod[30],,uint16,O,R,,,1
Repeating,3544,1,StrModTmpMin[30],,sint16,M,R,ModTmp_SF,C,1
Repeating,3545,1,StrModTmpMinMod[30],,uint16,O,R,,,1
Repeating,3546,1,StrModTmpAvg[30],,sint16,M,R,ModTmp_SF,C,1
Repeating,3547,1,DisabledReason[30],,enum16,O,R,,,1
Repeating,3548,2,ContactorStatus[30],,bitfield32,O,R,,,1
Repeating,3550,2,StringEvent1[30],,bitfield32,M,R,,,1
Repeating,3552,2,StringEvent2[30],,bitfield32,O,R,,,1
Repeating,3554,2,VendorStringEventBitfield1[30],,bitfield32,O,R,,,1
Repeating,3556,2,VendorStringEventBitfield2[30],,bitfield32,O,R,,,1
Repeating,3558,1,EnableDisableString[30],,enum16,O,RW,,,1
Repeating,3559,1,ConnectDisconnectString[30],,enum16,O,RW,,,1
Repeating,3560,1,Pad[30],,pad,M,R,,,1
Repeating,3561,1,Pad2[30],,pad,M,R,,,1
Repeating,3562,1,ModuleCount[31],,uint16,M,R,,,1
Repeating,3563,2,StringStatus[31],,bitfield32,M,R,,,1
Repeating,3565,1,ConnectionFailureReason[31],,enum16,O,R,,,1
Repeating,3566,1,StringStateofCharge[31],,uint16,M,R,SoC_SF,%,1
Repeating,3567,1,StringStateofHealth[31],,uint16,O,R,SoH_SF,%,1
Repeating,3568,1,StringCurrent[31],,sint16,M,R,A_SF,A,1
Repeating,3569,1,MaxCellVoltage[31],,uint16,M,R,CellV_SF,V,1
Repeating,3570,1,MaxCellVoltageModule[31],,uint16,O,R,,,1
Repeating,3571,1,MinCellVoltage[31],,uint16,M,R,CellV_SF,V,1
Repeating,3572,1,MinCellVoltageModule[31],,uint16,O,R,,,1
Repeating,3573,1,AverageCellVoltage[31],,uint16,M,R,CellV_SF,V,1
Repeating,3574,1,StrModTmpMax[31],,sint16,M,R,ModTmp_SF,C,1
Repeating,3575,1,StrModTmpMaxMod[31],,uint16,O,R,,,1
Repeating,3576,1,StrModTmpMin[31],,sint16,M,R,ModTmp_SF,C,1
Repeating,3577,1,StrModTmpMinMod[31],,uint16,O,R,,,1
Repeating,3578,1,StrModTmpAvg[31],,sint16,M,R,ModTmp_SF,C,1
Repeating,3579,1,DisabledReason[31],,enum16,O,R,,,1
Repeating,3580,2,ContactorStatus[31],,bitfield32,O,R,,,1
Repeating,3582,2,StringEvent1[31],,bitfield32,M,R,,,1
Repeating,3584,2,StringEvent2[31],,bitfield32,O,R,,,1
Repeating,3586,2,VendorStringEventBitfield1[31],,bitfield32,O,R,,,1
Repeating,3588,2,VendorStringEventBitfield2[31],,bitfield32,O,R,,,1
Repeating,3590,1,EnableDisableString[31],,enum16,O,RW,,,1
Repeating,3591,1,ConnectDisconnectString[31],,enum16,O,RW,,,1
Repeating,3592,1,Pad[31],,pad,M,R,,,1
Repeating,3593,1,Pad2[31],,pad,M,R,,,1
Repeating,3594,1,ModuleCount[32],,uint16,M,R,,,1
Repeating,3595,2,StringStatus[32],,bitfield32,M,R,,,1
Repeating,3597,1,ConnectionFailureReason[32],,enum16,O,R,,,1
Repeating,3598,1,StringStateofCharge[32],,uint16,M,R,SoC_SF,%,1
Repeating,3599,1,StringStateofHealth[32],,uint16,O,R,SoH_SF,%,1
Repeating,3600,1,StringCurrent[32],,sint16,M,R,A_SF,A,1
Repeating,3601,1,MaxCellVoltage[32],,uint16,M,R,CellV_SF,V,1
Repeating,3602,1,MaxCellVoltageModule[32],,uint16,O,R,,,1
Repeating,3603,1,MinCellVoltage[32],,uint16,M,R,CellV_SF,V,1
Repeating,3604,1,MinCellVoltageModule[32],,uint16,O,R,,,1
Repeating,3605,1,AverageCellVoltage[32],,uint16,M,R,CellV_SF,V,1
Repeating,3606,1,StrModTmpMax[32],,sint16,M,R,ModTmp_SF,C,1
Repeating,3607,1,StrModTmpMaxMod[32],,uint16,O,R,,,1
Repeating,3608,1,StrModTmpMin[32],,sint16,M,R,ModTmp_SF,C,1
Repeating,3609,1,StrModTmpMinMod[32],,uint16,O,R,,,1
Repeating,3610,1,StrModTmpAvg[32],,sint16,M,R,ModTmp_SF,C,1
Repeating,3611,1,DisabledReason[32],,enum16,O,R,,,1
Repeating,3612,2,ContactorStatus[32],,bitfield32,O,R,,,1
Repeating,3614,2,StringEvent1[32],,bitfield32,M,R,,,1
Repeating,3616,2,StringEvent2[32],,bitfield32,O,R,,,1
Repeating,3618,2,VendorStringEventBitfield1[32],,bitfield32,O,R,,,1
Repeating,3620,2,VendorStringEventBitfield2[32],,bitfield32,O,R,,,1
Repeating,3622,1,EnableDisableString[32],,enum16,O,RW,,,1
Repeating,3623,1,ConnectDisconnectString[32],,enum16,O,RW,,,1
Repeating,3624,1,Pad[32],,pad,M,R,,,1
Repeating,3625,1,Pad2[32],,pad,M,R,,,1
Repeating,3626,1,ModuleCount[33],,uint16,M,R,,,1
Repeating,3627,2,StringStatus[33],,bitfield32,M,R,,,1
Repeating,3629,1,ConnectionFailureReason[33],,enum16,O,R,,,1
Repeating,3630,1,StringStateofCharge[33],,uint16,M,R,SoC_SF,%,1
Repeating,3631,1,StringStateofHealth[33],,uint16,O,R,SoH_SF,%,1
Repeating,3632,1,StringCurrent[33],,sint16,M,R,A_SF,A,1
Repeating,3633,1,MaxCellVoltage[33],,uint16,M,R,CellV_SF,V,1
Repeating,3634,1,MaxCellVoltageModule[33],,uint16,O,R,,,1
Repeating,3635,1,MinCellVoltage[33],,uint16,M,R,CellV_SF,V,1
Repeating,3636,1,MinCellVoltageModule[33],,uint16,O,R,,,1
Repeating,3637,1,AverageCellVoltage[33],,uint16,M,R,CellV_SF,V,1
Repeating,3638,1,StrModTmpMax[33],,sint16,M,R,ModTmp_SF,C,1
Repeating,3639,1,StrModTmpMaxMod[33],,uint16,O,R,,,1
Repeating,3640,1,StrModTmpMin[33],,sint16,M,R,ModTmp_SF,C,1
Repeating,3641,1,StrModTmpMinMod[33],,uint16,O,R,,,1
Repeating,3642,1,StrModTmpAvg[33],,sint16,M,R,ModTmp_SF,C,1
Repeating,3643,1,DisabledReason[33],,enum16,O,R,,,1
Repeating,3644,2,ContactorStatus[33],,bitfield32,O,R,,,1
Repeating,3646,2,StringEvent1[33],,bitfield32,M,R,,,1
Repeating,3648,2,StringEvent2[33],,bitfield32,O,R,,,1
Repeating,3650,2,VendorStringEventBitfield1[33],,bitfield32,O,R,,,1
Repeating,3652,2,VendorStringEventBitfield2[33],,bitfield32,O,R,,,1
Repeating,3654,1,EnableDisableString[33],,enum16,O,RW,,,1
Repeating,3655,1,ConnectDisconnectString[33],,enum16,O,RW,,,1
Repeating,3656,1,Pad[33],,pad,M,R,,,1
Repeating,3657,1,Pad2[33],,pad,M,R,,,1
Repeating,3658,1,ModuleCount[34],,uint16,M,R,,,1
Repeating,3659,2,StringStatus[34],,bitfield32,M,R,,,1
Repeating,3661,1,ConnectionFailureReason[34],,enum16,O,R,,,1
Repeating,3662,1,StringStateofCharge[34],,uint16,M,R,SoC_SF,%,1
Repeating,3663,1,StringStateofHealth[34],,uint16,O,R,SoH_SF,%,1
Repeating,3664,1,StringCurrent[34],,sint16,M,R,A_SF,A,1
Repeating,3665,1,MaxCellVoltage[34],,uint16,M,R,CellV_SF,V,1
Repeating,3666,1,MaxCellVoltageModule[34],,uint16,O,R,,,1
Repeating,3667,1,MinCellVoltage[34],,uint16,M,R,CellV_SF,V,1
Repeating,3668,1,MinCellVoltageModule[34],,uint16,O,R,,,1
Repeating,3669,1,AverageCellVoltage[34],,uint16,M,R,CellV_SF,V,1
Repeating,3670,1,StrModTmpMax[34],,sint16,M,R,ModTmp_SF,C,1
Repeating,3671,1,StrModTmpMaxMod[34],,uint16,O,R,,,1
Repeating,3672,1,StrModTmpMin[34],,sint16,M,R,ModTmp_SF,C,1
Repeating,3673,1,StrModTmpMinMod[34],,uint16,O,R,,,1
Repeating,3674,1,StrModTmpAvg[34],,sint16,M,R,ModTmp_SF,C,1
Repeating,3675,1,DisabledReason[34],,enum16,O,R,,,1
Repeating,3676,2,ContactorStatus[34],,bitfield32,O,R,,,1
Repeating,3678,2,StringEvent1[34],,bitfield32,M,R,,,1
Repeating,3680,2,StringEvent2[34],,bitfield32,O,R,,,1
Repeating,3682,2,VendorStringEventBitfield1[34],,bitfield32,O,R,,,1
Repeating,3684,2,VendorStringEventBitfield2[34],,bitfield32,O,R,,,1
Repeating,3686,1,EnableDisableString[34],,enum16,O,RW,,,1
Repeating,3687,1,ConnectDisconnectString[34],,enum16,O,RW,,,1
Repeating,3688,1,Pad[34],,pad,M,R,,,1
Repeating,3689,1,Pad2[34],,pad,M,R,,,1
Repeating,3690,1,ModuleCount[35],,uint16,M,R,,,1
Repeating,3691,2,StringStatus[35],,bitfield32,M,R,,,1
Repeating,3693,1,ConnectionFailureReason[35],,enum16,O,R,,,1
Repeating,3694,1,StringStateofCharge[35],,uint16,M,R,SoC_SF,%,1
Repeating,3695,1,StringStateofHealth[35],,uint16,O,R,SoH_SF,%,1
Repeating,3696,1,StringCurrent[35],,sint16,M,R,A_SF,A,1
Repeating,3697,1,MaxCellVoltage[35],,uint16,M,R,CellV_SF,V,1
Repeating,3698,1,MaxCellVoltageModule[35],,uint16,O,R,,,1
Repeating,3699,1,MinCellVoltage[35],,uint16,M,R,CellV_SF,V,1
Repeating,3700,1,MinCellVoltageModule[35],,uint16,O,R,,,1
Repeating,3701,1,AverageCellVoltage[35],,uint16,M,R,CellV_SF,V,1
Repeating,3702,1,StrModTmpMax[35],,sint16,M,R,ModTmp_SF,C,1
Repeating,3703,1,StrModTmpMaxMod[35],,uint16,O,R,,,1
Repeating,3704,1,StrModTmpMin[35],,sint16,M,R,ModTmp_SF,C,1
Repeating,3705,1,StrModTmpMinMod[35],,uint16,O,R,,,1
Repeating,3706,1,StrModTmpAvg[35],,sint16,M,R,ModTmp_SF,C,1
Repeating,3707,1,DisabledReason[35],,enum16,O,R,,,1
Repeating,3708,2,ContactorStatus[35],,bitfield32,O,R,,,1
Repeating,3710,2,StringEvent1[35],,bitfield32,M,R,,,1
Repeating,3712,2,StringEvent2[35],,bitfield32,O,R,,,1
Repeating,3714,2,VendorStringEventBitfield1[35],,bitfield32,O,R,,,1
Repeating,3716,2,VendorStringEventBitfield2[35],,bitfield32,O,R,,,1
Repeating,3718,1,EnableDisableString[35],,enum16,O,RW,,,1
Repeating,3719,1,ConnectDisconnectString[35],,enum16,O,RW,,,1
Repeating,3720,1,Pad[35],,pad,M,R,,,1
Repeating,3721,1,Pad2[35],,pad,M,R,,,1
Repeating,3722,1,ModuleCount[36],,uint16,M,R,,,1
Repeating,3723,2,StringStatus[36],,bitfield32,M,R,,,1
Repeating,3725,1,ConnectionFailureReason[36],,enum16,O,R,,,1
Repeating,3726,1,StringStateofCharge[36],,uint16,M,R,SoC_SF,%,1
Repeating,3727,1,StringStateofHealth[36],,uint16,O,R,SoH_SF,%,1
Repeating,3728,1,StringCurrent[36],,sint16,M,R,A_SF,A,1
Repeating,3729,1,MaxCellVoltage[36],,uint16,M,R,CellV_SF,V,1
Repeating,3730,1,MaxCellVoltageModule[36],,uint16,O,R,,,1
Repeating,3731,1,MinCellVoltage[36],,uint16,M,R,CellV_SF,V,1
Repeating,3732,1,MinCellVoltageModule[36],,uint16,O,R,,,1
Repeating,3733,1,AverageCellVoltage[36],,uint16,M,R,CellV_SF,V,1
Repeating,3734,1,StrModTmpMax[36],,sint16,M,R,ModTmp_SF,C,1
Repeating,3735,1,StrModTmpMaxMod[36],,uint16,O,R,,,1
Repeating,3736,1,StrModTmpMin[36],,sint16,M,R,ModTmp_SF,C,1
Repeating,3737,1,StrModTmpMinMod[36],,uint16,O,R,,,1
Repeating,3738,1,StrModTmpAvg[36],,sint16,M,R,ModTmp_SF,C,1
Repeating,3739,1,DisabledReason[36],,enum16,O,R,,,1
Repeating,3740,2,ContactorStatus[36],,bitfield32,O,R,,,1
Repeating,3742,2,StringEvent1[36],,bitfield32,M,R,,,1
Repeating,3744,2,StringEvent2[36],,bitfield32,O,R,,,1
Repeating,3746,2,VendorStringEventBitfield1[36],,bitfield32,O,R,,,1
Repeating,3748,2,VendorStringEventBitfield2[36],,bitfield32,O,R,,,1
Repeating,3750,1,EnableDisableString[36],,enum16,O,RW,,,1
Repeating,3751,1,ConnectDisconnectString[36],,enum16,O,RW,,,1
Repeating,3752,1,Pad[36],,pad,M,R,,,1
Repeating,3753,1,Pad2[36],,pad,M,R,,,1
Repeating,3754,1,ModuleCount[37],,uint16,M,R,,,1
Repeating,3755,2,StringStatus[37],,bitfield32,M,R,,,1
Repeating,3757,1,ConnectionFailureReason[37],,enum16,O,R,,,1
Repeating,3758,1,StringStateofCharge[37],,uint16,M,R,SoC_SF,%,1
Repeating,3759,1,StringStateofHealth[37],,uint16,O,R,SoH_SF,%,1
Repeating,3760,1,StringCurrent[37],,sint16,M,R,A_SF,A,1
Repeating,3761,1,MaxCellVoltage[37],,uint16,M,R,CellV_SF,V,1
Repeating,3762,1,MaxCellVoltageModule[37],,uint16,O,R,,,1
Repeating,3763,1,MinCellVoltage[37],,uint16,M,R,CellV_SF,V,1
Repeating,3764,1,MinCellVoltageModule[37],,uint16,O,R,,,1
Repeating,3765,1,AverageCellVoltage[37],,uint16,M,R,CellV_SF,V,1
Repeating,3766,1,StrModTmpMax[37],,sint16,M,R,ModTmp_SF,C,1
Repeating,3767,1,StrModTmpMaxMod[37],,uint16,O,R,,,1
Repeating,3768,1,StrModTmpMin[37],,sint16,M,R,ModTmp_SF,C,1
Repeating,3769,1,StrModTmpMinMod[37],,uint16,O,R,,,1
Repeating,3770,1,StrModTmpAvg[37],,sint16,M,R,ModTmp_SF,C,1
Repeating,3771,1,DisabledReason[37],,enum16,O,R,,,1
Repeating,3772,2,ContactorStatus[37],,bitfield32,O,R,,,1
Repeating,3774,2,StringEvent1[37],,bitfield32,M,R,,,1
Repeating,3776,2,StringEvent2[37],,bitfield32,O,R,,,1
Repeating,3778,2,VendorStringEventBitfield1[37],,bitfield32,O,R,,,1
Repeating,3780,2,VendorStringEventBitfield2[37],,bitfield32,O,R,,,1
Repeating,3782,1,EnableDisableString[37],,enum16,O,RW,,,1
Repeating,3783,1,ConnectDisconnectString[37],,enum16,O,RW,,,1
Repeating,3784,1,Pad[37],,pad,M,R,,,1
Repeating,3785,1,Pad2[37],,pad,M,R,,,1
Repeating,3786,1,ModuleCount[38],,uint16,M,R,,,1
Repeating,3787,2,StringStatus[38],,bitfield32,M,R,,,1
Repeating,3789,1,ConnectionFailureReason[38],,enum16,O,R,,,1
Repeating,3790,1,StringStateofCharge[38],,uint16,M,R,SoC_SF,%,1
Repeating,3791,1,StringStateofHealth[38],,uint16,O,R,SoH_SF,%,1
Repeating,3792,1,StringCurrent[38],,sint16,M,R,A_SF,A,1
Repeating,3793,1,MaxCellVoltage[38],,uint16,M,R,CellV_SF,V,1
Repeating,3794,1,MaxCellVoltageModule[38],,uint16,O,R,,,1
Repeating,3795,1,MinCellVoltage[38],,uint16,M,R,CellV_SF,V,1
Repeating,3796,1,MinCellVoltageModule[38],,uint16,O,R,,,1
Repeating,3797,1,AverageCellVoltage[38],,uint16,M,R,CellV_SF,V,1
Repeating,3798,1,StrModTmpMax[38],,sint16,M,R,ModTmp_SF,C,1
Repeating,3799,1,StrModTmpMaxMod[38],,uint16,O,R,,,1
Repeating,3800,1,StrModTmpMin[38],,sint16,M,R,ModTmp_SF,C,1
Repeating,3801,1,StrModTmpMinMod[38],,uint16,O,R,,,1
Repeating,3802,1,StrModTmpAvg[38],,sint16,M,R,ModTmp_SF,C,1
Repeating,3803,1,DisabledReason[38],,enum16,O,R,,,1
Repeating,3804,2,ContactorStatus[38],,bitfield32,O,R,,,1
Repeating,3806,2,StringEvent1[38],,bitfield32,M,R,,,1
Repeating,3808,2,StringEvent2[38],,bitfield32,O,R,,,1
Repeating,3810,2,VendorStringEventBitfield1[38],,bitfield32,O,R,,,1
Repeating,3812,2,VendorStringEventBitfield2[38],,bitfield32,O,R,,,1
Repeating,3814,1,EnableDisableString[38],,enum16,O,RW,,,1
Repeating,3815,1,ConnectDisconnectString[38],,enum16,O,RW,,,1
Repeating,3816,1,Pad[38],,pad,M,R,,,1
Repeating,3817,1,Pad2[38],,pad,M,R,,,1
Repeating,3818,1,ModuleCount[39],,uint16,M,R,,,1
Repeating,3819,2,StringStatus[39],,bitfield32,M,R,,,1
Repeating,3821,1,ConnectionFailureReason[39],,enum16,O,R,,,1
Repeating,3822,1,StringStateofCharge[39],,uint16,M,R,SoC_SF,%,1
Repeating,3823,1,StringStateofHealth[39],,uint16,O,R,SoH_SF,%,1
Repeating,3824,1,StringCurrent[39],,sint16,M,R,A_SF,A,1
Repeating,3825,1,MaxCellVoltage[39],,uint16,M,R,CellV_SF,V,1
Repeating,3826,1,MaxCellVoltageModule[39],,uint16,O,R,,,1
Repeating,3827,1,MinCellVoltage[39],,uint16,M,R,CellV_SF,V,1
Repeating,3828,1,MinCellVoltageModule[39],,uint16,O,R,,,1
Repeating,3829,1,AverageCellVoltage[39],,uint16,M,R,CellV_SF,V,1
Repeating,3830,1,StrModTmpMax[39],,sint16,M,R,ModTmp_SF,C,1
Repeating,3831,1,StrModTmpMaxMod[39],,uint16,O,R,,,1
Repeating,3832,1,StrModTmpMin[39],,sint16,M,R,ModTmp_SF,C,1
Repeating,3833,1,StrModTmpMinMod[39],,uint16,O,R,,,1
Repeating,3834,1,StrModTmpAvg[39],,sint16,M,R,ModTmp_SF,C,1
Repeating,3835,1,DisabledReason[39],,enum16,O,R,,,1
Repeating,3836,2,ContactorStatus[39],,bitfield32,O,R,,,1
Repeating,3838,2,StringEvent1[39],,bitfield32,M,R,,,1
Repeating,3840,2,StringEvent2[39],,bitfield32,O,R,,,1
Repeating,3842,2,VendorStringEventBitfield1[39],,bitfield32,O,R,,,1
Repeating,3844,2,VendorStringEventBitfield2[39],,bitfield32,O,R,,,1
Repeating,3846,1,EnableDisableString[39],,enum16,O,RW,,,1
Repeating,3847,1,ConnectDisconnectString[39],,enum16,O,RW,,,1
Repeating,3848,1,Pad[39],,pad,M,R,,,1
Repeating,3849,1,Pad2[39],,pad,M,R,,,1
Repeating,3850,1,ModuleCount[40],,uint16,M,R,,,1
Repeating,3851,2,StringStatus[40],,bitfield32,M,R,,,1
Repeating,3853,1,ConnectionFailureReason[40],,enum16,O,R,,,1
Repeating,3854,1,StringStateofCharge[40],,uint16,M,R,SoC_SF,%,1
Repeating,3855,1,StringStateofHealth[40],,uint16,O,R,SoH_SF,%,1
Repeating,3856,1,StringCurrent[40],,sint16,M,R,A_SF,A,1
Repeating,3857,1,MaxCellVoltage[40],,uint16,M,R,CellV_SF,V,1
Repeating,3858,1,MaxCellVoltageModule[40],,uint16,O,R,,,1
Repeating,3859,1,MinCellVoltage[40],,uint16,M,R,CellV_SF,V,1
Repeating,3860,1,MinCellVoltageModule[40],,uint16,O,R,,,1
Repeating,3861,1,AverageCellVoltage[40],,uint16,M,R,CellV_SF,V,1
Repeating,3862,1,StrModTmpMax[40],,sint16,M,R,ModTmp_SF,C,1
Repeating,3863,1,StrModTmpMaxMod[40],,uint16,O,R,,,1
Repeating,3864,1,StrModTmpMin[40],,sint16,M,R,ModTmp_SF,C,1
Repeating,3865,1,StrModTmpMinMod[40],,uint16,O,R,,,1
Repeating,3866,1,StrModTmpAvg[40],,sint16,M,R,ModTmp_SF,C,1
Repeating,3867,1,DisabledReason[40],,enum16,O,R,,,1
Repeating,3868,2,ContactorStatus[40],,bitfield32,O,R,,,1
Repeating,3870,2,StringEvent1[40],,bitfield32,M,R,,,1
Repeating,3872,2,StringEvent2[40],,bitfield32,O,R,,,1
Repeating,3874,2,VendorStringEventBitfield1[40],,bitfield32,O,R,,,1
Repeating,3876,2,VendorStringEventBitfield2[40],,bitfield32,O,R,,,1
Repeating,3878,1,EnableDisableString[40],,enum16,O,RW,,,1
Repeating,3879,1,ConnectDisconnectString[40],,enum16,O,RW,,,1
Repeating,3880,1,Pad[40],,pad,M,R,,,1
Repeating,3881,1,Pad2[40],,pad,M,R,,,1
Header,3882,1,"ID ""LithiumIonBatteryBankModel""",803,uint16,M,R,,,1
Header,3883,1,Length,1306,uint16,M,R,,,1
Fixed,3884,1,StringCount,,uint16,M,R,,,1
Fixed,3885,1,ConnectedStringCount,,uint16,M,R,,,1
Fixed,3886,1,MaxModuleTemperature,,sint16,M,R,ModTmp_SF,,1
Fixed,3887,1,MaxModuleTemperatureString,,uint16,O,R,,,1
Fixed,3888,1,MaxModuleTemperatureModule,,uint16,O,R,,,1
Fixed,3889,1,MinModuleTemperature,,sint16,M,R,ModTmp_SF,C,1
Fixed,3890,1,MinModuleTemperatureString,,uint16,O,R,,,1
Fixed,3891,1,MinModuleTemperatureModule,,uint16,O,R,,,1
Fixed,3892,1,AverageModuleTemperature,,sint16,O,R,ModTmp_SF,C,1
Fixed,3893,1,MaxStringVoltage,,uint16,O,R,V_SF,V,1
Fixed,3894,1,MaxStringVoltageString,,uint16,O,R,,,1
Fixed,3895,1,MinStringVoltage,,uint16,O,R,V_SF,V,1
Fixed,3896,1,MinStringVoltageString,,uint16,O,R,,,1
Fixed,3897,1,AverageStringVoltage,,uint16,O,R,V_SF,V,1
Fixed,3898,1,MaxStringCurrent,,sint16,O,R,A_SF,A,1
Fixed,3899,1,MaxStringCurrentString,,uint16,O,R,,,1
Fixed,3900,1,MinStringCurrent,,sint16,O,R,A_SF,A,1
Fixed,3901,1,MinStringCurrentString,,uint16,O,R,,,1
Fixed,3902,1,AverageStringCurrent,,sint16,O,R,A_SF,A,1
Fixed,3903,1,BatteryCellBalancingCount,,uint16,O,R,,,1
Fixed,3904,1,CellV_SF,,scalefactor,M,R,,,1
Fixed,3905,1,ModTmp_SF,,scalefactor,M,R,,,1
Fixed,3906,1,A_SF,,scalefactor,M,R,,,1
Fixed,3907,1,SoH_SF,,scalefactor,O,R,,,1
Fixed,3908,1,SoC_SF,,scalefactor,M,R,,,1
Fixed,3909,1,V_SF,,scalefactor,O,R,,,1
Repeating,3910,1,ModuleCount[1],,uint16,M,R,,,1
Repeating,3911,2,StringStatus[1],,bitfield32,M,R,,,1
Repeating,3913,1,ConnectionFailureReason[1],,enum16,O,R,,,1
Repeating,3914,1,StringStateofCharge[1],,uint16,M,R,SoC_SF,%,1
Repeating,3915,1,StringStateofHealth[1],,uint16,O,R,SoH_SF,%,1
Repeating,3916,1,StringCurrent[1],,sint16,M,R,A_SF,A,1
Repeating,3917,1,MaxCellVoltage[1],,uint16,M,R,CellV_SF,V,1
Repeating,3918,1,MaxCellVoltageModule[1],,uint16,O,R,,,1
Repeating,3919,1,MinCellVoltage[1],,uint16,M,R,CellV_SF,V,1
Repeating,3920,1,MinCellVoltageModule[1],,uint16,O,R,,,1
Repeating,3921,1,AverageCellVoltage[1],,uint16,M,R,CellV_SF,V,1
Repeating,3922,1,StrModTmpMax[1],,sint16,M,R,ModTmp_SF,C,1
Repeating,3923,1,StrModTmpMaxMod[1],,uint16,O,R,,,1
Repeating,3924,1,StrModTmpMin[1],,sint16,M,R,ModTmp_SF,C,1
Repeating,3925,1,StrModTmpMinMod[1],,uint16,O,R,,,1
Repeating,3926,1,StrModTmpAvg[1],,sint16,M,R,ModTmp_SF,C,1
Repeating,3927,1,DisabledReason[1],,enum16,O,R,,,1
Repeating,3928,2,ContactorStatus[1],,bitfield32,O,R,,,1
Repeating,3930,2,StringEvent1[1],,bitfield32,M,R,,,1
Repeating,3932,2,StringEvent2[1],,bitfield32,O,R,,,1
Repeating,3934,2,VendorStringEventBitfield1[1],,bitfield32,O,R,,,1
Repeating,3936,2,VendorStringEventBitfield2[1],,bitfield32,O,R,,,1
Repeating,3938,1,EnableDisableString[1],,enum16,O,RW,,,1
Repeating,3939,1,ConnectDisconnectString[1],,enum16,O,RW,,,1
Repeating,3940,1,Pad[1],,pad,M,R,,,1
Repeating,3941,1,Pad2[1],,pad,M,R,,,1
Repeating,3942,1,ModuleCount[2],,uint16,M,R,,,1
Repeating,3943,2,StringStatus[2],,bitfield32,M,R,,,1
Repeating,3945,1,ConnectionFailureReason[2],,enum16,O,R,,,1
Repeating,3946,1,StringStateofCharge[2],,uint16,M,R,SoC_SF,%,1
Repeating,3947,1,StringStateofHealth[2],,uint16,O,R,SoH_SF,%,1
Repeating,3948,1,StringCurrent[2],,sint16,M,R,A_SF,A,1
Repeating,3949,1,MaxCellVoltage[2],,uint16,M,R,CellV_SF,V,1
Repeating,3950,1,MaxCellVoltageModule[2],,uint16,O,R,,,1
Repeating,3951,1,MinCellVoltage[2],,uint16,M,R,CellV_SF,V,1
Repeating,3952,1,MinCellVoltageModule[2],,uint16,O,R,,,1
Repeating,3953,1,AverageCellVoltage[2],,uint16,M,R,CellV_SF,V,1
Repeating,3954,1,StrModTmpMax[2],,sint16,M,R,ModTmp_SF,C,1
Repeating,3955,1,StrModTmpMaxMod[2],,uint16,O,R,,,1
Repeating,3956,1,StrModTmpMin[2],,sint16,M,R,ModTmp_SF,C,1
Repeating,3957,1,StrModTmpMinMod[2],,uint16,O,R,,,1
Repeating,3958,1,StrModTmpAvg[2],,sint16,M,R,ModTmp_SF,C,1
Repeating,3959,1,DisabledReason[2],,enum16,O,R,,,1
Repeating,3960,2,ContactorStatus[2],,bitfield32,O,R,,,1
Repeating,3962,2,StringEvent1[2],,bitfield32,M,R,,,1
Repeating,3964,2,StringEvent2[2],,bitfield32,O,R,,,1
Repeating,3966,2,VendorStringEventBitfield1[2],,bitfield32,O,R,,,1
Repeating,3968,2,VendorStringEventBitfield2[2],,bitfield32,O,R,,,1
Repeating,3970,1,EnableDisableString[2],,enum16,O,RW,,,1
Repeating,3971,1,ConnectDisconnectString[2],,enum16,O,RW,,,1
Repeating,3972,1,Pad[2],,pad,M,R,,,1
Repeating,3973,1,Pad2[2],,pad,M,R,,,1
Repeating,3974,1,ModuleCount[3],,uint16,M,R,,,1
Repeating,3975,2,StringStatus[3],,bitfield32,M,R,,,1
Repeating,3977,1,ConnectionFailureReason[3],,enum16,O,R,,,1
Repeating,3978,1,StringStateofCharge[3],,uint16,M,R,SoC_SF,%,1
Repeating,3979,1,StringStateofHealth[3],,uint16,O,R,SoH_SF,%,1
Repeating,3980,1,StringCurrent[3],,sint16,M,R,A_SF,A,1
Repeating,3981,1,MaxCellVoltage[3],,uint16,M,R,CellV_SF,V,1
Repeating,3982,1,MaxCellVoltageModule[3],,uint16,O,R,,,1
Repeating,3983,1,MinCellVoltage[3],,uint16,M,R,CellV_SF,V,1
Repeating,3984,1,MinCellVoltageModule[3],,uint16,O,R,,,1
Repeating,3985,1,AverageCellVoltage[3],,uint16,M,R,CellV_SF,V,1
Repeating,3986,1,StrModTmpMax[3],,sint16,M,R,ModTmp_SF,C,1
Repeating,3987,1,StrModTmpMaxMod[3],,uint16,O,R,,,1
Repeating,3988,1,StrModTmpMin[3],,sint16,M,R,ModTmp_SF,C,1
Repeating,3989,1,StrModTmpMinMod[3],,uint16,O,R,,,1
Repeating,3990,1,StrModTmpAvg[3],,sint16,M,R,ModTmp_SF,C,1
Repeating,3991,1,DisabledReason[3],,enum16,O,R,,,1
Repeating,3992,2,ContactorStatus[3],,bitfield32,O,R,,,1
Repeating,3994,2,StringEvent1[3],,bitfield32,M,R,,,1
Repeating,3996,2,StringEvent2[3],,bitfield32,O,R,,,1
Repeating,3998,2,VendorStringEventBitfield1[3],,bitfield32,O,R,,,1
Repeating,4000,2,VendorStringEventBitfield2[3],,bitfield32,O,R,,,1
Repeating,4002,1,EnableDisableString[3],,enum16,O,RW,,,1
Repeating,4003,1,ConnectDisconnectString[3],,enum16,O,RW,,,1
Repeating,4004,1,Pad[3],,pad,M,R,,,1
Repeating,4005,1,Pad2[3],,pad,M,R,,,1
Repeating,4006,1,ModuleCount[4],,uint16,M,R,,,1
Repeating,4007,2,StringStatus[4],,bitfield32,M,R,,,1
Repeating,4009,1,ConnectionFailureReason[4],,enum16,O,R,,,1
Repeating,4010,1,StringStateofCharge[4],,uint16,M,R,SoC_SF,%,1
Repeating,4011,1,StringStateofHealth[4],,uint16,O,R,SoH_SF,%,1
Repeating,4012,1,StringCurrent[4],,sint16,M,R,A_SF,A,1
Repeating,4013,1,MaxCellVoltage[4],,uint16,M,R,CellV_SF,V,1
Repeating,4014,1,MaxCellVoltageModule[4],,uint16,O,R,,,1
Repeating,4015,1,MinCellVoltage[4],,uint16,M,R,CellV_SF,V,1
Repeating,4016,1,MinCellVoltageModule[4],,uint16,O,R,,,1
Repeating,4017,1,AverageCellVoltage[4],,uint16,M,R,CellV_SF,V,1
Repeating,4018,1,StrModTmpMax[4],,sint16,M,R,ModTmp_SF,C,1
Repeating,4019,1,StrModTmpMaxMod[4],,uint16,O,R,,,1
Repeating,4020,1,StrModTmpMin[4],,sint16,M,R,ModTmp_SF,C,1
Repeating,4021,1,StrModTmpMinMod[4],,uint16,O,R,,,1
Repeating,4022,1,StrModTmpAvg[4],,sint16,M,R,ModTmp_SF,C,1
Repeating,4023,1,DisabledReason[4],,enum16,O,R,,,1
Repeating,4024,2,ContactorStatus[4],,bitfield32,O,R,,,1
Repeating,4026,2,StringEvent1[4],,bitfield32,M,R,,,1
Repeating,4028,2,StringEvent2[4],,bitfield32,O,R,,,1
Repeating,4030,2,VendorStringEventBitfield1[4],,bitfield32,O,R,,,1
Repeating,4032,2,VendorStringEventBitfield2[4],,bitfield32,O,R,,,1
Repeating,4034,1,EnableDisableString[4],,enum16,O,RW,,,1
Repeating,4035,1,ConnectDisconnectString[4],,enum16,O,RW,,,1
Repeating,4036,1,Pad[4],,pad,M,R,,,1
Repeating,4037,1,Pad2[4],,pad,M,R,,,1
Repeating,4038,1,ModuleCount[5],,uint16,M,R,,,1
Repeating,4039,2,StringStatus[5],,bitfield32,M,R,,,1
Repeating,4041,1,ConnectionFailureReason[5],,enum16,O,R,,,1
Repeating,4042,1,StringStateofCharge[5],,uint16,M,R,SoC_SF,%,1
Repeating,4043,1,StringStateofHealth[5],,uint16,O,R,SoH_SF,%,1
Repeating,4044,1,StringCurrent[5],,sint16,M,R,A_SF,A,1
Repeating,4045,1,MaxCellVoltage[5],,uint16,M,R,CellV_SF,V,1
Repeating,4046,1,MaxCellVoltageModule[5],,uint16,O,R,,,1
Repeating,4047,1,MinCellVoltage[5],,uint16,M,R,CellV_SF,V,1
Repeating,4048,1,MinCellVoltageModule[5],,uint16,O,R,,,1
Repeating,4049,1,AverageCellVoltage[5],,uint16,M,R,CellV_SF,V,1
Repeating,4050,1,StrModTmpMax[5],,sint16,M,R,ModTmp_SF,C,1
Repeating,4051,1,StrModTmpMaxMod[5],,uint16,O,R,,,1
Repeating,4052,1,StrModTmpMin[5],,sint16,M,R,ModTmp_SF,C,1
Repeating,4053,1,StrModTmpMinMod[5],,uint16,O,R,,,1
Repeating,4054,1,StrModTmpAvg[5],,sint16,M,R,ModTmp_SF,C,1
Repeating,4055,1,DisabledReason[5],,enum16,O,R,,,1
Repeating,4056,2,ContactorStatus[5],,bitfield32,O,R,,,1
Repeating,4058,2,StringEvent1[5],,bitfield32,M,R,,,1
Repeating,4060,2,StringEvent2[5],,bitfield32,O,R,,,1
Repeating,4062,2,VendorStringEventBitfield1[5],,bitfield32,O,R,,,1
Repeating,4064,2,VendorStringEventBitfield2[5],,bitfield32,O,R,,,1
Repeating,4066,1,EnableDisableString[5],,enum16,O,RW,,,1
Repeating,4067,1,ConnectDisconnectString[5],,enum16,O,RW,,,1
Repeating,4068,1,Pad[5],,pad,M,R,,,1
Repeating,4069,1,Pad2[5],,pad,M,R,,,1
Repeating,4070,1,ModuleCount[6],,uint16,M,R,,,1
Repeating,4071,2,StringStatus[6],,bitfield32,M,R,,,1
Repeating,4073,1,ConnectionFailureReason[6],,enum16,O,R,,,1
Repeating,4074,1,StringStateofCharge[6],,uint16,M,R,SoC_SF,%,1
Repeating,4075,1,StringStateofHealth[6],,uint16,O,R,SoH_SF,%,1
Repeating,4076,1,StringCurrent[6],,sint16,M,R,A_SF,A,1
Repeating,4077,1,MaxCellVoltage[6],,uint16,M,R,CellV_SF,V,1
Repeating,4078,1,MaxCellVoltageModule[6],,uint16,O,R,,,1
Repeating,4079,1,MinCellVoltage[6],,uint16,M,R,CellV_SF,V,1
Repeating,4080,1,MinCellVoltageModule[6],,uint16,O,R,,,1
Repeating,4081,1,AverageCellVoltage[6],,uint16,M,R,CellV_SF,V,1
Repeating,4082,1,StrModTmpMax[6],,sint16,M,R,ModTmp_SF,C,1
Repeating,4083,1,StrModTmpMaxMod[6],,uint16,O,R,,,1
Repeating,4084,1,StrModTmpMin[6],,sint16,M,R,ModTmp_SF,C,1
Repeating,4085,1,StrModTmpMinMod[6],,uint16,O,R,,,1
Repeating,4086,1,StrModTmpAvg[6],,sint16,M,R,ModTmp_SF,C,1
Repeating,4087,1,DisabledReason[6],,enum16,O,R,,,1
Repeating,4088,2,ContactorStatus[6],,bitfield32,O,R,,,1
Repeating,4090,2,StringEvent1[6],,bitfield32,M,R,,,1
Repeating,4092,2,StringEvent2[6],,bitfield32,O,R,,,1
Repeating,4094,2,VendorStringEventBitfield1[6],,bitfield32,O,R,,,1
Repeating,4096,2,VendorStringEventBitfield2[6],,bitfield32,O,R,,,1
Repeating,4098,1,EnableDisableString[6],,enum16,O,RW,,,1
Repeating,4099,1,ConnectDisconnectString[6],,enum16,O,RW,,,1
Repeating,4100,1,Pad[6],,pad,M,R,,,1
Repeating,4101,1,Pad2[6],,pad,M,R,,,1
Repeating,4102,1,ModuleCount[7],,uint16,M,R,,,1
Repeating,4103,2,StringStatus[7],,bitfield32,M,R,,,1
Repeating,4105,1,ConnectionFailureReason[7],,enum16,O,R,,,1
Repeating,4106,1,StringStateofCharge[7],,uint16,M,R,SoC_SF,%,1
Repeating,4107,1,StringStateofHealth[7],,uint16,O,R,SoH_SF,%,1
Repeating,4108,1,StringCurrent[7],,sint16,M,R,A_SF,A,1
Repeating,4109,1,MaxCellVoltage[7],,uint16,M,R,CellV_SF,V,1
Repeating,4110,1,MaxCellVoltageModule[7],,uint16,O,R,,,1
Repeating,4111,1,MinCellVoltage[7],,uint16,M,R,CellV_SF,V,1
Repeating,4112,1,MinCellVoltageModule[7],,uint16,O,R,,,1
Repeating,4113,1,AverageCellVoltage[7],,uint16,M,R,CellV_SF,V,1
Repeating,4114,1,StrModTmpMax[7],,sint16,M,R,ModTmp_SF,C,1
Repeating,4115,1,StrModTmpMaxMod[7],,uint16,O,R,,,1
Repeating,4116,1,StrModTmpMin[7],,sint16,M,R,ModTmp_SF,C,1
Repeating,4117,1,StrModTmpMinMod[7],,uint16,O,R,,,1
Repeating,4118,1,StrModTmpAvg[7],,sint16,M,R,ModTmp_SF,C,1
Repeating,4119,1,DisabledReason[7],,enum16,O,R,,,1
Repeating,4120,2,ContactorStatus[7],,bitfield32,O,R,,,1
Repeating,4122,2,StringEvent1[7],,bitfield32,M,R,,,1
Repeating,4124,2,StringEvent2[7],,bitfield32,O,R,,,1
Repeating,4126,2,VendorStringEventBitfield1[7],,bitfield32,O,R,,,1
Repeating,4128,2,VendorStringEventBitfield2[7],,bitfield32,O,R,,,1
Repeating,4130,1,EnableDisableString[7],,enum16,O,RW,,,1
Repeating,4131,1,ConnectDisconnectString[7],,enum16,O,RW,,,1
Repeating,4132,1,Pad[7],,pad,M,R,,,1
Repeating,4133,1,Pad2[7],,pad,M,R,,,1
Repeating,4134,1,ModuleCount[8],,uint16,M,R,,,1
Repeating,4135,2,StringStatus[8],,bitfield32,M,R,,,1
Repeating,4137,1,ConnectionFailureReason[8],,enum16,O,R,,,1
Repeating,4138,1,StringStateofCharge[8],,uint16,M,R,SoC_SF,%,1
Repeating,4139,1,StringStateofHealth[8],,uint16,O,R,SoH_SF,%,1
Repeating,4140,1,StringCurrent[8],,sint16,M,R,A_SF,A,1
Repeating,4141,1,MaxCellVoltage[8],,uint16,M,R,CellV_SF,V,1
Repeating,4142,1,MaxCellVoltageModule[8],,uint16,O,R,,,1
Repeating,4143,1,MinCellVoltage[8],,uint16,M,R,CellV_SF,V,1
Repeating,4144,1,MinCellVoltageModule[8],,uint16,O,R,,,1
Repeating,4145,1,AverageCellVoltage[8],,uint16,M,R,CellV_SF,V,1
Repeating,4146,1,StrModTmpMax[8],,sint16,M,R,ModTmp_SF,C,1
Repeating,4147,1,StrModTmpMaxMod[8],,uint16,O,R,,,1
Repeating,4148,1,StrModTmpMin[8],,sint16,M,R,ModTmp_SF,C,1
Repeating,4149,1,StrModTmpMinMod[8],,uint16,O,R,,,1
Repeating,4150,1,StrModTmpAvg[8],,sint16,M,R,ModTmp_SF,C,1
Repeating,4151,1,DisabledReason[8],,enum16,O,R,,,1
Repeating,4152,2,ContactorStatus[8],,bitfield32,O,R,,,1
Repeating,4154,2,StringEvent1[8],,bitfield32,M,R,,,1
Repeating,4156,2,StringEvent2[8],,bitfield32,O,R,,,1
Repeating,4158,2,VendorStringEventBitfield1[8],,bitfield32,O,R,,,1
Repeating,4160,2,VendorStringEventBitfield2[8],,bitfield32,O,R,,,1
Repeating,4162,1,EnableDisableString[8],,enum16,O,RW,,,1
Repeating,4163,1,ConnectDisconnectString[8],,enum16,O,RW,,,1
Repeating,4164,1,Pad[8],,pad,M,R,,,1
Repeating,4165,1,Pad2[8],,pad,M,R,,,1
Repeating,4166,1,ModuleCount[9],,uint16,M,R,,,1
Repeating,4167,2,StringStatus[9],,bitfield32,M,R,,,1
Repeating,4169,1,ConnectionFailureReason[9],,enum16,O,R,,,1
Repeating,4170,1,StringStateofCharge[9],,uint16,M,R,SoC_SF,%,1
Repeating,4171,1,StringStateofHealth[9],,uint16,O,R,SoH_SF,%,1
Repeating,4172,1,StringCurrent[9],,sint16,M,R,A_SF,A,1
Repeating,4173,1,MaxCellVoltage[9],,uint16,M,R,CellV_SF,V,1
Repeating,4174,1,MaxCellVoltageModule[9],,uint16,O,R,,,1
Repeating,4175,1,MinCellVoltage[9],,uint16,M,R,CellV_SF,V,1
Repeating,4176,1,MinCellVoltageModule[9],,uint16,O,R,,,1
Repeating,4177,1,AverageCellVoltage[9],,uint16,M,R,CellV_SF,V,1
Repeating,4178,1,StrModTmpMax[9],,sint16,M,R,ModTmp_SF,C,1
Repeating,4179,1,StrModTmpMaxMod[9],,uint16,O,R,,,1
Repeating,4180,1,StrModTmpMin[9],,sint16,M,R,ModTmp_SF,C,1
Repeating,4181,1,StrModTmpMinMod[9],,uint16,O,R,,,1
Repeating,4182,1,StrModTmpAvg[9],,sint16,M,R,ModTmp_SF,C,1
Repeating,4183,1,DisabledReason[9],,enum16,O,R,,,1
Repeating,4184,2,ContactorStatus[9],,bitfield32,O,R,,,1
Repeating,4186,2,StringEvent1[9],,bitfield32,M,R,,,1
Repeating,4188,2,StringEvent2[9],,bitfield32,O,R,,,1
Repeating,4190,2,VendorStringEventBitfield1[9],,bitfield32,O,R,,,1
Repeating,4192,2,VendorStringEventBitfield2[9],,bitfield32,O,R,,,1
Repeating,4194,1,EnableDisableString[9],,enum16,O,RW,,,1
Repeating,4195,1,ConnectDisconnectString[9],,enum16,O,RW,,,1
Repeating,4196,1,Pad[9],,pad,M,R,,,1
Repeating,4197,1,Pad2[9],,pad,M,R,,,1
Repeating,4198,1,ModuleCount[10],,uint16,M,R,,,1
Repeating,4199,2,StringStatus[10],,bitfield32,M,R,,,1
Repeating,4201,1,ConnectionFailureReason[10],,enum16,O,R,,,1
Repeating,4202,1,StringStateofCharge[10],,uint16,M,R,SoC_SF,%,1
Repeating,4203,1,StringStateofHealth[10],,uint16,O,R,SoH_SF,%,1
Repeating,4204,1,StringCurrent[10],,sint16,M,R,A_SF,A,1
Repeating,4205,1,MaxCellVoltage[10],,uint16,M,R,CellV_SF,V,1
Repeating,4206,1,MaxCellVoltageModule[10],,uint16,O,R,,,1
Repeating,4207,1,MinCellVoltage[10],,uint16,M,R,CellV_SF,V,1
Repeating,4208,1,MinCellVoltageModule[10],,uint16,O,R,,,1
Repeating,4209,1,AverageCellVoltage[10],,uint16,M,R,CellV_SF,V,1
Repeating,4210,1,StrModTmpMax[10],,sint16,M,R,ModTmp_SF,C,1
Repeating,4211,1,StrModTmpMaxMod[10],,uint16,O,R,,,1
Repeating,4212,1,StrModTmpMin[10],,sint16,M,R,ModTmp_SF,C,1
Repeating,4213,1,StrModTmpMinMod[10],,uint16,O,R,,,1
Repeating,4214,1,StrModTmpAvg[10],,sint16,M,R,ModTmp_SF,C,1
Repeating,4215,1,DisabledReason[10],,enum16,O,R,,,1
Repeating,4216,2,ContactorStatus[10],,bitfield32,O,R,,,1
Repeating,4218,2,StringEvent1[10],,bitfield32,M,R,,,1
Repeating,4220,2,StringEvent2[10],,bitfield32,O,R,,,1
Repeating,4222,2,VendorStringEventBitfield1[10],,bitfield32,O,R,,,1
Repeating,4224,2,VendorStringEventBitfield2[10],,bitfield32,O,R,,,1
Repeating,4226,1,EnableDisableString[10],,enum16,O,RW,,,1
Repeating,4227,1,ConnectDisconnectString[10],,enum16,O,RW,,,1
Repeating,4228,1,Pad[10],,pad,M,R,,,1
Repeating,4229,1,Pad2[10],,pad,M,R,,,1
Repeating,4230,1,ModuleCount[11],,uint16,M,R,,,1
Repeating,4231,2,StringStatus[11],,bitfield32,M,R,,,1
Repeating,4233,1,ConnectionFailureReason[11],,enum16,O,R,,,1
Repeating,4234,1,StringStateofCharge[11],,uint16,M,R,SoC_SF,%,1
Repeating,4235,1,StringStateofHealth[11],,uint16,O,R,SoH_SF,%,1
Repeating,4236,1,StringCurrent[11],,sint16,M,R,A_SF,A,1
Repeating,4237,1,MaxCellVoltage[11],,uint16,M,R,CellV_SF,V,1
Repeating,4238,1,MaxCellVoltageModule[11],,uint16,O,R,,,1
Repeating,4239,1,MinCellVoltage[11],,uint16,M,R,CellV_SF,V,1
Repeating,4240,1,MinCellVoltageModule[11],,uint16,O,R,,,1
Repeating,4241,1,AverageCellVoltage[11],,uint16,M,R,CellV_SF,V,1
Repeating,4242,1,StrModTmpMax[11],,sint16,M,R,ModTmp_SF,C,1
Repeating,4243,1,StrModTmpMaxMod[11],,uint16,O,R,,,1
Repeating,4244,1,StrModTmpMin[11],,sint16,M,R,ModTmp_SF,C,1
Repeating,4245,1,StrModTmpMinMod[11],,uint16,O,R,,,1
Repeating,4246,1,StrModTmpAvg[11],,sint16,M,R,ModTmp_SF,C,1
Repeating,4247,1,DisabledReason[11],,enum16,O,R,,,1
Repeating,4248,2,ContactorStatus[11],,bitfield32,O,R,,,1
Repeating,4250,2,StringEvent1[11],,bitfield32,M,R,,,1
Repeating,4252,2,StringEvent2[11],,bitfield32,O,R,,,1
Repeating,4254,2,VendorStringEventBitfield1[11],,bitfield32,O,R,,,1
Repeating,4256,2,VendorStringEventBitfield2[11],,bitfield32,O,R,,,1
Repeating,4258,1,EnableDisableString[11],,enum16,O,RW,,,1
Repeating,4259,1,ConnectDisconnectString[11],,enum16,O,RW,,,1
Repeating,4260,1,Pad[11],,pad,M,R,,,1
Repeating,4261,1,Pad2[11],,pad,M,R,,,1
Repeating,4262,1,ModuleCount[12],,uint16,M,R,,,1
Repeating,4263,2,StringStatus[12],,bitfield32,M,R,,,1
Repeating,4265,1,ConnectionFailureReason[12],,enum16,O,R,,,1
Repeating,4266,1,StringStateofCharge[12],,uint16,M,R,SoC_SF,%,1
Repeating,4267,1,StringStateofHealth[12],,uint16,O,R,SoH_SF,%,1
Repeating,4268,1,StringCurrent[12],,sint16,M,R,A_SF,A,1
Repeating,4269,1,MaxCellVoltage[12],,uint16,M,R,CellV_SF,V,1
Repeating,4270,1,MaxCellVoltageModule[12],,uint16,O,R,,,1
Repeating,4271,1,MinCellVoltage[12],,uint16,M,R,CellV_SF,V,1
Repeating,4272,1,MinCellVoltageModule[12],,uint16,O,R,,,1
Repeating,4273,1,AverageCellVoltage[12],,uint16,M,R,CellV_SF,V,1
Repeating,4274,1,StrModTmpMax[12],,sint16,M,R,ModTmp_SF,C,1
Repeating,4275,1,StrModTmpMaxMod[12],,uint16,O,R,,,1
Repeating,4276,1,StrModTmpMin[12],,sint16,M,R,ModTmp_SF,C,1
Repeating,4277,1,StrModTmpMinMod[12],,uint16,O,R,,,1
Repeating,4278,1,StrModTmpAvg[12],,sint16,M,R,ModTmp_SF,C,1
Repeating,4279,1,DisabledReason[12],,enum16,O,R,,,1
Repeating,4280,2,ContactorStatus[12],,bitfield32,O,R,,,1
Repeating,4282,2,StringEvent1[12],,bitfield32,M,R,,,1
Repeating,4284,2,StringEvent2[12],,bitfield32,O,R,,,1
Repeating,4286,2,VendorStringEventBitfield1[12],,bitfield32,O,R,,,1
Repeating,4288,2,VendorStringEventBitfield2[12],,bitfield32,O,R,,,1
Repeating,4290,1,EnableDisableString[12],,enum16,O,RW,,,1
Repeating,4291,1,ConnectDisconnectString[12],,enum16,O,RW,,,1
Repeating,4292,1,Pad[12],,pad,M,R,,,1
Repeating,4293,1,Pad2[12],,pad,M,R,,,1
Repeating,4294,1,ModuleCount[13],,uint16,M,R,,,1
Repeating,4295,2,StringStatus[13],,bitfield32,M,R,,,1
Repeating,4297,1,ConnectionFailureReason[13],,enum16,O,R,,,1
Repeating,4298,1,StringStateofCharge[13],,uint16,M,R,SoC_SF,%,1
Repeating,4299,1,StringStateofHealth[13],,uint16,O,R,SoH_SF,%,1
Repeating,4300,1,StringCurrent[13],,sint16,M,R,A_SF,A,1
Repeating,4301,1,MaxCellVoltage[13],,uint16,M,R,CellV_SF,V,1
Repeating,4302,1,MaxCellVoltageModule[13],,uint16,O,R,,,1
Repeating,4303,1,MinCellVoltage[13],,uint16,M,R,CellV_SF,V,1
Repeating,4304,1,MinCellVoltageModule[13],,uint16,O,R,,,1
Repeating,4305,1,AverageCellVoltage[13],,uint16,M,R,CellV_SF,V,1
Repeating,4306,1,StrModTmpMax[13],,sint16,M,R,ModTmp_SF,C,1
Repeating,4307,1,StrModTmpMaxMod[13],,uint16,O,R,,,1
Repeating,4308,1,StrModTmpMin[13],,sint16,M,R,ModTmp_SF,C,1
Repeating,4309,1,StrModTmpMinMod[13],,uint16,O,R,,,1
Repeating,4310,1,StrModTmpAvg[13],,sint16,M,R,ModTmp_SF,C,1
Repeating,4311,1,DisabledReason[13],,enum16,O,R,,,1
Repeating,4312,2,ContactorStatus[13],,bitfield32,O,R,,,1
Repeating,4314,2,StringEvent1[13],,bitfield32,M,R,,,1
Repeating,4316,2,StringEvent2[13],,bitfield32,O,R,,,1
Repeating,4318,2,VendorStringEventBitfield1[13],,bitfield32,O,R,,,1
Repeating,4320,2,VendorStringEventBitfield2[13],,bitfield32,O,R,,,1
Repeating,4322,1,EnableDisableString[13],,enum16,O,RW,,,1
Repeating,4323,1,ConnectDisconnectString[13],,enum16,O,RW,,,1
Repeating,4324,1,Pad[13],,pad,M,R,,,1
Repeating,4325,1,Pad2[13],,pad,M,R,,,1
Repeating,4326,1,ModuleCount[14],,uint16,M,R,,,1
Repeating,4327,2,StringStatus[14],,bitfield32,M,R,,,1
Repeating,4329,1,ConnectionFailureReason[14],,enum16,O,R,,,1
Repeating,4330,1,StringStateofCharge[14],,uint16,M,R,SoC_SF,%,1
Repeating,4331,1,StringStateofHealth[14],,uint16,O,R,SoH_SF,%,1
Repeating,4332,1,StringCurrent[14],,sint16,M,R,A_SF,A,1
Repeating,4333,1,MaxCellVoltage[14],,uint16,M,R,CellV_SF,V,1
Repeating,4334,1,MaxCellVoltageModule[14],,uint16,O,R,,,1
Repeating,4335,1,MinCellVoltage[14],,uint16,M,R,CellV_SF,V,1
Repeating,4336,1,MinCellVoltageModule[14],,uint16,O,R,,,1
Repeating,4337,1,AverageCellVoltage[14],,uint16,M,R,CellV_SF,V,1
Repeating,4338,1,StrModTmpMax[14],,sint16,M,R,ModTmp_SF,C,1
Repeating,4339,1,StrModTmpMaxMod[14],,uint16,O,R,,,1
Repeating,4340,1,StrModTmpMin[14],,sint16,M,R,ModTmp_SF,C,1
Repeating,4341,1,StrModTmpMinMod[14],,uint16,O,R,,,1
Repeating,4342,1,StrModTmpAvg[14],,sint16,M,R,ModTmp_SF,C,1
Repeating,4343,1,DisabledReason[14],,enum16,O,R,,,1
Repeating,4344,2,ContactorStatus[14],,bitfield32,O,R,,,1
Repeating,4346,2,StringEvent1[14],,bitfield32,M,R,,,1
Repeating,4348,2,StringEvent2[14],,bitfield32,O,R,,,1
Repeating,4350,2,VendorStringEventBitfield1[14],,bitfield32,O,R,,,1
Repeating,4352,2,VendorStringEventBitfield2[14],,bitfield32,O,R,,,1
Repeating,4354,1,EnableDisableString[14],,enum16,O,RW,,,1
Repeating,4355,1,ConnectDisconnectString[14],,enum16,O,RW,,,1
Repeating,4356,1,Pad[14],,pad,M,R,,,1
Repeating,4357,1,Pad2[14],,pad,M,R,,,1
Repeating,4358,1,ModuleCount[15],,uint16,M,R,,,1
Repeating,4359,2,StringStatus[15],,bitfield32,M,R,,,1
Repeating,4361,1,ConnectionFailureReason[15],,enum16,O,R,,,1
Repeating,4362,1,StringStateofCharge[15],,uint16,M,R,SoC_SF,%,1
Repeating,4363,1,StringStateofHealth[15],,uint16,O,R,SoH_SF,%,1
Repeating,4364,1,StringCurrent[15],,sint16,M,R,A_SF,A,1
Repeating,4365,1,MaxCellVoltage[15],,uint16,M,R,CellV_SF,V,1
Repeating,4366,1,MaxCellVoltageModule[15],,uint16,O,R,,,1
Repeating,4367,1,MinCellVoltage[15],,uint16,M,R,CellV_SF,V,1
Repeating,4368,1,MinCellVoltageModule[15],,uint16,O,R,,,1
Repeating,4369,1,AverageCellVoltage[15],,uint16,M,R,CellV_SF,V,1
Repeating,4370,1,StrModTmpMax[15],,sint16,M,R,ModTmp_SF,C,1
Repeating,4371,1,StrModTmpMaxMod[15],,uint16,O,R,,,1
Repeating,4372,1,StrModTmpMin[15],,sint16,M,R,ModTmp_SF,C,1
Repeating,4373,1,StrModTmpMinMod[15],,uint16,O,R,,,1
Repeating,4374,1,StrModTmpAvg[15],,sint16,M,R,ModTmp_SF,C,1
Repeating,4375,1,DisabledReason[15],,enum16,O,R,,,1
Repeating,4376,2,ContactorStatus[15],,bitfield32,O,R,,,1
Repeating,4378,2,StringEvent1[15],,bitfield32,M,R,,,1
Repeating,4380,2,StringEvent2[15],,bitfield32,O,R,,,1
Repeating,4382,2,VendorStringEventBitfield1[15],,bitfield32,O,R,,,1
Repeating,4384,2,VendorStringEventBitfield2[15],,bitfield32,O,R,,,1
Repeating,4386,1,EnableDisableString[15],,enum16,O,RW,,,1
Repeating,4387,1,ConnectDisconnectString[15],,enum16,O,RW,,,1
Repeating,4388,1,Pad[15],,pad,M,R,,,1
Repeating,4389,1,Pad2[15],,pad,M,R,,,1
Repeating,4390,1,ModuleCount[16],,uint16,M,R,,,1
Repeating,4391,2,StringStatus[16],,bitfield32,M,R,,,1
Repeating,4393,1,ConnectionFailureReason[16],,enum16,O,R,,,1
Repeating,4394,1,StringStateofCharge[16],,uint16,M,R,SoC_SF,%,1
Repeating,4395,1,StringStateofHealth[16],,uint16,O,R,SoH_SF,%,1
Repeating,4396,1,StringCurrent[16],,sint16,M,R,A_SF,A,1
Repeating,4397,1,MaxCellVoltage[16],,uint16,M,R,CellV_SF,V,1
Repeating,4398,1,MaxCellVoltageModule[16],,uint16,O,R,,,1
Repeating,4399,1,MinCellVoltage[16],,uint16,M,R,CellV_SF,V,1
Repeating,4400,1,MinCellVoltageModule[16],,uint16,O,R,,,1
Repeating,4401,1,AverageCellVoltage[16],,uint16,M,R,CellV_SF,V,1
Repeating,4402,1,StrModTmpMax[16],,sint16,M,R,ModTmp_SF,C,1
Repeating,4403,1,StrModTmpMaxMod[16],,uint16,O,R,,,1
Repeating,4404,1,StrModTmpMin[16],,sint16,M,R,ModTmp_SF,C,1
Repeating,4405,1,StrModTmpMinMod[16],,uint16,O,R,,,1
Repeating,4406,1,StrModTmpAvg[16],,sint16,M,R,ModTmp_SF,C,1
Repeating,4407,1,DisabledReason[16],,enum16,O,R,,,1
Repeating,4408,2,ContactorStatus[16],,bitfield32,O,R,,,1
Repeating,4410,2,StringEvent1[16],,bitfield32,M,R,,,1
Repeating,4412,2,StringEvent2[16],,bitfield32,O,R,,,1
Repeating,4414,2,VendorStringEventBitfield1[16],,bitfield32,O,R,,,1
Repeating,4416,2,VendorStringEventBitfield2[16],,bitfield32,O,R,,,1
Repeating,4418,1,EnableDisableString[16],,enum16,O,RW,,,1
Repeating,4419,1,ConnectDisconnectString[16],,enum16,O,RW,,,1
Repeating,4420,1,Pad[16],,pad,M,R,,,1
Repeating,4421,1,Pad2[16],,pad,M,R,,,1
Repeating,4422,1,ModuleCount[17],,uint16,M,R,,,1
Repeating,4423,2,StringStatus[17],,bitfield32,M,R,,,1
Repeating,4425,1,ConnectionFailureReason[17],,enum16,O,R,,,1
Repeating,4426,1,StringStateofCharge[17],,uint16,M,R,SoC_SF,%,1
Repeating,4427,1,StringStateofHealth[17],,uint16,O,R,SoH_SF,%,1
Repeating,4428,1,StringCurrent[17],,sint16,M,R,A_SF,A,1
Repeating,4429,1,MaxCellVoltage[17],,uint16,M,R,CellV_SF,V,1
Repeating,4430,1,MaxCellVoltageModule[17],,uint16,O,R,,,1
Repeating,4431,1,MinCellVoltage[17],,uint16,M,R,CellV_SF,V,1
Repeating,4432,1,MinCellVoltageModule[17],,uint16,O,R,,,1
Repeating,4433,1,AverageCellVoltage[17],,uint16,M,R,CellV_SF,V,1
Repeating,4434,1,StrModTmpMax[17],,sint16,M,R,ModTmp_SF,C,1
Repeating,4435,1,StrModTmpMaxMod[17],,uint16,O,R,,,1
Repeating,4436,1,StrModTmpMin[17],,sint16,M,R,ModTmp_SF,C,1
Repeating,4437,1,StrModTmpMinMod[17],,uint16,O,R,,,1
Repeating,4438,1,StrModTmpAvg[17],,sint16,M,R,ModTmp_SF,C,1
Repeating,4439,1,DisabledReason[17],,enum16,O,R,,,1
Repeating,4440,2,ContactorStatus[17],,bitfield32,O,R,,,1
Repeating,4442,2,StringEvent1[17],,bitfield32,M,R,,,1
Repeating,4444,2,StringEvent2[17],,bitfield32,O,R,,,1
Repeating,4446,2,VendorStringEventBitfield1[17],,bitfield32,O,R,,,1
Repeating,4448,2,VendorStringEventBitfield2[17],,bitfield32,O,R,,,1
Repeating,4450,1,EnableDisableString[17],,enum16,O,RW,,,1
Repeating,4451,1,ConnectDisconnectString[17],,enum16,O,RW,,,1
Repeating,4452,1,Pad[17],,pad,M,R,,,1
Repeating,4453,1,Pad2[17],,pad,M,R,,,1
Repeating,4454,1,ModuleCount[18],,uint16,M,R,,,1
Repeating,4455,2,StringStatus[18],,bitfield32,M,R,,,1
Repeating,4457,1,ConnectionFailureReason[18],,enum16,O,R,,,1
Repeating,4458,1,StringStateofCharge[18],,uint16,M,R,SoC_SF,%,1
Repeating,4459,1,StringStateofHealth[18],,uint16,O,R,SoH_SF,%,1
Repeating,4460,1,StringCurrent[18],,sint16,M,R,A_SF,A,1
Repeating,4461,1,MaxCellVoltage[18],,uint16,M,R,CellV_SF,V,1
Repeating,4462,1,MaxCellVoltageModule[18],,uint16,O,R,,,1
Repeating,4463,1,MinCellVoltage[18],,uint16,M,R,CellV_SF,V,1
Repeating,4464,1,MinCellVoltageModule[18],,uint16,O,R,,,1
Repeating,4465,1,AverageCellVoltage[18],,uint16,M,R,CellV_SF,V,1
Repeating,4466,1,StrModTmpMax[18],,sint16,M,R,ModTmp_SF,C,1
Repeating,4467,1,StrModTmpMaxMod[18],,uint16,O,R,,,1
Repeating,4468,1,StrModTmpMin[18],,sint16,M,R,ModTmp_SF,C,1
Repeating,4469,1,StrModTmpMinMod[18],,uint16,O,R,,,1
Repeating,4470,1,StrModTmpAvg[18],,sint16,M,R,ModTmp_SF,C,1
Repeating,4471,1,DisabledReason[18],,enum16,O,R,,,1
Repeating,4472,2,ContactorStatus[18],,bitfield32,O,R,,,1
Repeating,4474,2,StringEvent1[18],,bitfield32,M,R,,,1
Repeating,4476,2,StringEvent2[18],,bitfield32,O,R,,,1
Repeating,4478,2,VendorStringEventBitfield1[18],,bitfield32,O,R,,,1
Repeating,4480,2,VendorStringEventBitfield2[18],,bitfield32,O,R,,,1
Repeating,4482,1,EnableDisableString[18],,enum16,O,RW,,,1
Repeating,4483,1,ConnectDisconnectString[18],,enum16,O,RW,,,1
Repeating,4484,1,Pad[18],,pad,M,R,,,1
Repeating,4485,1,Pad2[18],,pad,M,R,,,1
Repeating,4486,1,ModuleCount[19],,uint16,M,R,,,1
Repeating,4487,2,StringStatus[19],,bitfield32,M,R,,,1
Repeating,4489,1,ConnectionFailureReason[19],,enum16,O,R,,,1
Repeating,4490,1,StringStateofCharge[19],,uint16,M,R,SoC_SF,%,1
Repeating,4491,1,StringStateofHealth[19],,uint16,O,R,SoH_SF,%,1
Repeating,4492,1,StringCurrent[19],,sint16,M,R,A_SF,A,1
Repeating,4493,1,MaxCellVoltage[19],,uint16,M,R,CellV_SF,V,1
Repeating,4494,1,MaxCellVoltageModule[19],,uint16,O,R,,,1
Repeating,4495,1,MinCellVoltage[19],,uint16,M,R,CellV_SF,V,1
Repeating,4496,1,MinCellVoltageModule[19],,uint16,O,R,,,1
Repeating,4497,1,AverageCellVoltage[19],,uint16,M,R,CellV_SF,V,1
Repeating,4498,1,StrModTmpMax[19],,sint16,M,R,ModTmp_SF,C,1
Repeating,4499,1,StrModTmpMaxMod[19],,uint16,O,R,,,1
Repeating,4500,1,StrModTmpMin[19],,sint16,M,R,ModTmp_SF,C,1
Repeating,4501,1,StrModTmpMinMod[19],,uint16,O,R,,,1
Repeating,4502,1,StrModTmpAvg[19],,sint16,M,R,ModTmp_SF,C,1
Repeating,4503,1,DisabledReason[19],,enum16,O,R,,,1
Repeating,4504,2,ContactorStatus[19],,bitfield32,O,R,,,1
Repeating,4506,2,StringEvent1[19],,bitfield32,M,R,,,1
Repeating,4508,2,StringEvent2[19],,bitfield32,O,R,,,1
Repeating,4510,2,VendorStringEventBitfield1[19],,bitfield32,O,R,,,1
Repeating,4512,2,VendorStringEventBitfield2[19],,bitfield32,O,R,,,1
Repeating,4514,1,EnableDisableString[19],,enum16,O,RW,,,1
Repeating,4515,1,ConnectDisconnectString[19],,enum16,O,RW,,,1
Repeating,4516,1,Pad[19],,pad,M,R,,,1
Repeating,4517,1,Pad2[19],,pad,M,R,,,1
Repeating,4518,1,ModuleCount[20],,uint16,M,R,,,1
Repeating,4519,2,StringStatus[20],,bitfield32,M,R,,,1
Repeating,4521,1,ConnectionFailureReason[20],,enum16,O,R,,,1
Repeating,4522,1,StringStateofCharge[20],,uint16,M,R,SoC_SF,%,1
Repeating,4523,1,StringStateofHealth[20],,uint16,O,R,SoH_SF,%,1
Repeating,4524,1,StringCurrent[20],,sint16,M,R,A_SF,A,1
Repeating,4525,1,MaxCellVoltage[20],,uint16,M,R,CellV_SF,V,1
Repeating,4526,1,MaxCellVoltageModule[20],,uint16,O,R,,,1
Repeating,4527,1,MinCellVoltage[20],,uint16,M,R,CellV_SF,V,1
Repeating,4528,1,MinCellVoltageModule[20],,uint16,O,R,,,1
Repeating,4529,1,AverageCellVoltage[20],,uint16,M,R,CellV_SF,V,1
Repeating,4530,1,StrModTmpMax[20],,sint16,M,R,ModTmp_SF,C,1
Repeating,4531,1,StrModTmpMaxMod[20],,uint16,O,R,,,1
Repeating,4532,1,StrModTmpMin[20],,sint16,M,R,ModTmp_SF,C,1
Repeating,4533,1,StrModTmpMinMod[20],,uint16,O,R,,,1
Repeating,4534,1,StrModTmpAvg[20],,sint16,M,R,ModTmp_SF,C,1
Repeating,4535,1,DisabledReason[20],,enum16,O,R,,,1
Repeating,4536,2,ContactorStatus[20],,bitfield32,O,R,,,1
Repeating,4538,2,StringEvent1[20],,bitfield32,M,R,,,1
Repeating,4540,2,StringEvent2[20],,bitfield32,O,R,,,1
Repeating,4542,2,VendorStringEventBitfield1[20],,bitfield32,O,R,,,1
Repeating,4544,2,VendorStringEventBitfield2[20],,bitfield32,O,R,,,1
Repeating,4546,1,EnableDisableString[20],,enum16,O,RW,,,1
Repeating,4547,1,ConnectDisconnectString[20],,enum16,O,RW,,,1
Repeating,4548,1,Pad[20],,pad,M,R,,,1
Repeating,4549,1,Pad2[20],,pad,M,R,,,1
Repeating,4550,1,ModuleCount[21],,uint16,M,R,,,1
Repeating,4551,2,StringStatus[21],,bitfield32,M,R,,,1
Repeating,4553,1,ConnectionFailureReason[21],,enum16,O,R,,,1
Repeating,4554,1,StringStateofCharge[21],,uint16,M,R,SoC_SF,%,1
Repeating,4555,1,StringStateofHealth[21],,uint16,O,R,SoH_SF,%,1
Repeating,4556,1,StringCurrent[21],,sint16,M,R,A_SF,A,1
Repeating,4557,1,MaxCellVoltage[21],,uint16,M,R,CellV_SF,V,1
Repeating,4558,1,MaxCellVoltageModule[21],,uint16,O,R,,,1
Repeating,4559,1,MinCellVoltage[21],,uint16,M,R,CellV_SF,V,1
Repeating,4560,1,MinCellVoltageModule[21],,uint16,O,R,,,1
Repeating,4561,1,AverageCellVoltage[21],,uint16,M,R,CellV_SF,V,1
Repeating,4562,1,StrModTmpMax[21],,sint16,M,R,ModTmp_SF,C,1
Repeating,4563,1,StrModTmpMaxMod[21],,uint16,O,R,,,1
Repeating,4564,1,StrModTmpMin[21],,sint16,M,R,ModTmp_SF,C,1
Repeating,4565,1,StrModTmpMinMod[21],,uint16,O,R,,,1
Repeating,4566,1,StrModTmpAvg[21],,sint16,M,R,ModTmp_SF,C,1
Repeating,4567,1,DisabledReason[21],,enum16,O,R,,,1
Repeating,4568,2,ContactorStatus[21],,bitfield32,O,R,,,1
Repeating,4570,2,StringEvent1[21],,bitfield32,M,R,,,1
Repeating,4572,2,StringEvent2[21],,bitfield32,O,R,,,1
Repeating,4574,2,VendorStringEventBitfield1[21],,bitfield32,O,R,,,1
Repeating,4576,2,VendorStringEventBitfield2[21],,bitfield32,O,R,,,1
Repeating,4578,1,EnableDisableString[21],,enum16,O,RW,,,1
Repeating,4579,1,ConnectDisconnectString[21],,enum16,O,RW,,,1
Repeating,4580,1,Pad[21],,pad,M,R,,,1
Repeating,4581,1,Pad2[21],,pad,M,R,,,1
Repeating,4582,1,ModuleCount[22],,uint16,M,R,,,1
Repeating,4583,2,StringStatus[22],,bitfield32,M,R,,,1
Repeating,4585,1,ConnectionFailureReason[22],,enum16,O,R,,,1
Repeating,4586,1,StringStateofCharge[22],,uint16,M,R,SoC_SF,%,1
Repeating,4587,1,StringStateofHealth[22],,uint16,O,R,SoH_SF,%,1
Repeating,4588,1,StringCurrent[22],,sint16,M,R,A_SF,A,1
Repeating,4589,1,MaxCellVoltage[22],,uint16,M,R,CellV_SF,V,1
Repeating,4590,1,MaxCellVoltageModule[22],,uint16,O,R,,,1
Repeating,4591,1,MinCellVoltage[22],,uint16,M,R,CellV_SF,V,1
Repeating,4592,1,MinCellVoltageModule[22],,uint16,O,R,,,1
Repeating,4593,1,AverageCellVoltage[22],,uint16,M,R,CellV_SF,V,1
Repeating,4594,1,StrModTmpMax[22],,sint16,M,R,ModTmp_SF,C,1
Repeating,4595,1,StrModTmpMaxMod[22],,uint16,O,R,,,1
Repeating,4596,1,StrModTmpMin[22],,sint16,M,R,ModTmp_SF,C,1
Repeating,4597,1,StrModTmpMinMod[22],,uint16,O,R,,,1
Repeating,4598,1,StrModTmpAvg[22],,sint16,M,R,ModTmp_SF,C,1
Repeating,4599,1,DisabledReason[22],,enum16,O,R,,,1
Repeating,4600,2,ContactorStatus[22],,bitfield32,O,R,,,1
Repeating,4602,2,StringEvent1[22],,bitfield32,M,R,,,1
Repeating,4604,2,StringEvent2[22],,bitfield32,O,R,,,1
Repeating,4606,2,VendorStringEventBitfield1[22],,bitfield32,O,R,,,1
Repeating,4608,2,VendorStringEventBitfield2[22],,bitfield32,O,R,,,1
Repeating,4610,1,EnableDisableString[22],,enum16,O,RW,,,1
Repeating,4611,1,ConnectDisconnectString[22],,enum16,O,RW,,,1
Repeating,4612,1,Pad[22],,pad,M,R,,,1
Repeating,4613,1,Pad2[22],,pad,M,R,,,1
Repeating,4614,1,ModuleCount[23],,uint16,M,R,,,1
Repeating,4615,2,StringStatus[23],,bitfield32,M,R,,,1
Repeating,4617,1,ConnectionFailureReason[23],,enum16,O,R,,,1
Repeating,4618,1,StringStateofCharge[23],,uint16,M,R,SoC_SF,%,1
Repeating,4619,1,StringStateofHealth[23],,uint16,O,R,SoH_SF,%,1
Repeating,4620,1,StringCurrent[23],,sint16,M,R,A_SF,A,1
Repeating,4621,1,MaxCellVoltage[23],,uint16,M,R,CellV_SF,V,1
Repeating,4622,1,MaxCellVoltageModule[23],,uint16,O,R,,,1
Repeating,4623,1,MinCellVoltage[23],,uint16,M,R,CellV_SF,V,1
Repeating,4624,1,MinCellVoltageModule[23],,uint16,O,R,,,1
Repeating,4625,1,AverageCellVoltage[23],,uint16,M,R,CellV_SF,V,1
Repeating,4626,1,StrModTmpMax[23],,sint16,M,R,ModTmp_SF,C,1
Repeating,4627,1,StrModTmpMaxMod[23],,uint16,O,R,,,1
Repeating,4628,1,StrModTmpMin[23],,sint16,M,R,ModTmp_SF,C,1
Repeating,4629,1,StrModTmpMinMod[23],,uint16,O,R,,,1
Repeating,4630,1,StrModTmpAvg[23],,sint16,M,R,ModTmp_SF,C,1
Repeating,4631,1,DisabledReason[23],,enum16,O,R,,,1
Repeating,4632,2,ContactorStatus[23],,bitfield32,O,R,,,1
Repeating,4634,2,StringEvent1[23],,bitfield32,M,R,,,1
Repeating,4636,2,StringEvent2[23],,bitfield32,O,R,,,1
Repeating,4638,2,VendorStringEventBitfield1[23],,bitfield32,O,R,,,1
Repeating,4640,2,VendorStringEventBitfield2[23],,bitfield32,O,R,,,1
Repeating,4642,1,EnableDisableString[23],,enum16,O,RW,,,1
Repeating,4643,1,ConnectDisconnectString[23],,enum16,O,RW,,,1
Repeating,4644,1,Pad[23],,pad,M,R,,,1
Repeating,4645,1,Pad2[23],,pad,M,R,,,1
Repeating,4646,1,ModuleCount[24],,uint16,M,R,,,1
Repeating,4647,2,StringStatus[24],,bitfield32,M,R,,,1
Repeating,4649,1,ConnectionFailureReason[24],,enum16,O,R,,,1
Repeating,4650,1,StringStateofCharge[24],,uint16,M,R,SoC_SF,%,1
Repeating,4651,1,StringStateofHealth[24],,uint16,O,R,SoH_SF,%,1
Repeating,4652,1,StringCurrent[24],,sint16,M,R,A_SF,A,1
Repeating,4653,1,MaxCellVoltage[24],,uint16,M,R,CellV_SF,V,1
Repeating,4654,1,MaxCellVoltageModule[24],,uint16,O,R,,,1
Repeating,4655,1,MinCellVoltage[24],,uint16,M,R,CellV_SF,V,1
Repeating,4656,1,MinCellVoltageModule[24],,uint16,O,R,,,1
Repeating,4657,1,AverageCellVoltage[24],,uint16,M,R,CellV_SF,V,1
Repeating,4658,1,StrModTmpMax[24],,sint16,M,R,ModTmp_SF,C,1
Repeating,4659,1,StrModTmpMaxMod[24],,uint16,O,R,,,1
Repeating,4660,1,StrModTmpMin[24],,sint16,M,R,ModTmp_SF,C,1
Repeating,4661,1,StrModTmpMinMod[24],,uint16,O,R,,,1
Repeating,4662,1,StrModTmpAvg[24],,sint16,M,R,ModTmp_SF,C,1
Repeating,4663,1,DisabledReason[24],,enum16,O,R,,,1
Repeating,4664,2,ContactorStatus[24],,bitfield32,O,R,,,1
Repeating,4666,2,StringEvent1[24],,bitfield32,M,R,,,1
Repeating,4668,2,StringEvent2[24],,bitfield32,O,R,,,1
Repeating,4670,2,VendorStringEventBitfield1[24],,bitfield32,O,R,,,1
Repeating,4672,2,VendorStringEventBitfield2[24],,bitfield32,O,R,,,1
Repeating,4674,1,EnableDisableString[24],,enum16,O,RW,,,1
Repeating,4675,1,ConnectDisconnectString[24],,enum16,O,RW,,,1
Repeating,4676,1,Pad[24],,pad,M,R,,,1
Repeating,4677,1,Pad2[24],,pad,M,R,,,1
Repeating,4678,1,ModuleCount[25],,uint16,M,R,,,1
Repeating,4679,2,StringStatus[25],,bitfield32,M,R,,,1
Repeating,4681,1,ConnectionFailureReason[25],,enum16,O,R,,,1
Repeating,4682,1,StringStateofCharge[25],,uint16,M,R,SoC_SF,%,1
Repeating,4683,1,StringStateofHealth[25],,uint16,O,R,SoH_SF,%,1
Repeating,4684,1,StringCurrent[25],,sint16,M,R,A_SF,A,1
Repeating,4685,1,MaxCellVoltage[25],,uint16,M,R,CellV_SF,V,1
Repeating,4686,1,MaxCellVoltageModule[25],,uint16,O,R,,,1
Repeating,4687,1,MinCellVoltage[25],,uint16,M,R,CellV_SF,V,1
Repeating,4688,1,MinCellVoltageModule[25],,uint16,O,R,,,1
Repeating,4689,1,AverageCellVoltage[25],,uint16,M,R,CellV_SF,V,1
Repeating,4690,1,StrModTmpMax[25],,sint16,M,R,ModTmp_SF,C,1
Repeating,4691,1,StrModTmpMaxMod[25],,uint16,O,R,,,1
Repeating,4692,1,StrModTmpMin[25],,sint16,M,R,ModTmp_SF,C,1
Repeating,4693,1,StrModTmpMinMod[25],,uint16,O,R,,,1
Repeating,4694,1,StrModTmpAvg[25],,sint16,M,R,ModTmp_SF,C,1
Repeating,4695,1,DisabledReason[25],,enum16,O,R,,,1
Repeating,4696,2,ContactorStatus[25],,bitfield32,O,R,,,1
Repeating,4698,2,StringEvent1[25],,bitfield32,M,R,,,1
Repeating,4700,2,StringEvent2[25],,bitfield32,O,R,,,1
Repeating,4702,2,VendorStringEventBitfield1[25],,bitfield32,O,R,,,1
Repeating,4704,2,VendorStringEventBitfield2[25],,bitfield32,O,R,,,1
Repeating,4706,1,EnableDisableString[25],,enum16,O,RW,,,1
Repeating,4707,1,ConnectDisconnectString[25],,enum16,O,RW,,,1
Repeating,4708,1,Pad[25],,pad,M,R,,,1
Repeating,4709,1,Pad2[25],,pad,M,R,,,1
Repeating,4710,1,ModuleCount[26],,uint16,M,R,,,1
Repeating,4711,2,StringStatus[26],,bitfield32,M,R,,,1
Repeating,4713,1,ConnectionFailureReason[26],,enum16,O,R,,,1
Repeating,4714,1,StringStateofCharge[26],,uint16,M,R,SoC_SF,%,1
Repeating,4715,1,StringStateofHealth[26],,uint16,O,R,SoH_SF,%,1
Repeating,4716,1,StringCurrent[26],,sint16,M,R,A_SF,A,1
Repeating,4717,1,MaxCellVoltage[26],,uint16,M,R,CellV_SF,V,1
Repeating,4718,1,MaxCellVoltageModule[26],,uint16,O,R,,,1
Repeating,4719,1,MinCellVoltage[26],,uint16,M,R,CellV_SF,V,1
Repeating,4720,1,MinCellVoltageModule[26],,uint16,O,R,,,1
Repeating,4721,1,AverageCellVoltage[26],,uint16,M,R,CellV_SF,V,1
Repeating,4722,1,StrModTmpMax[26],,sint16,M,R,ModTmp_SF,C,1
Repeating,4723,1,StrModTmpMaxMod[26],,uint16,O,R,,,1
Repeating,4724,1,StrModTmpMin[26],,sint16,M,R,ModTmp_SF,C,1
Repeating,4725,1,StrModTmpMinMod[26],,uint16,O,R,,,1
Repeating,4726,1,StrModTmpAvg[26],,sint16,M,R,ModTmp_SF,C,1
Repeating,4727,1,DisabledReason[26],,enum16,O,R,,,1
Repeating,4728,2,ContactorStatus[26],,bitfield32,O,R,,,1
Repeating,4730,2,StringEvent1[26],,bitfield32,M,R,,,1
Repeating,4732,2,StringEvent2[26],,bitfield32,O,R,,,1
Repeating,4734,2,VendorStringEventBitfield1[26],,bitfield32,O,R,,,1
Repeating,4736,2,VendorStringEventBitfield2[26],,bitfield32,O,R,,,1
Repeating,4738,1,EnableDisableString[26],,enum16,O,RW,,,1
Repeating,4739,1,ConnectDisconnectString[26],,enum16,O,RW,,,1
Repeating,4740,1,Pad[26],,pad,M,R,,,1
Repeating,4741,1,Pad2[26],,pad,M,R,,,1
Repeating,4742,1,ModuleCount[27],,uint16,M,R,,,1
Repeating,4743,2,StringStatus[27],,bitfield32,M,R,,,1
Repeating,4745,1,ConnectionFailureReason[27],,enum16,O,R,,,1
Repeating,4746,1,StringStateofCharge[27],,uint16,M,R,SoC_SF,%,1
Repeating,4747,1,StringStateofHealth[27],,uint16,O,R,SoH_SF,%,1
Repeating,4748,1,StringCurrent[27],,sint16,M,R,A_SF,A,1
Repeating,4749,1,MaxCellVoltage[27],,uint16,M,R,CellV_SF,V,1
Repeating,4750,1,MaxCellVoltageModule[27],,uint16,O,R,,,1
Repeating,4751,1,MinCellVoltage[27],,uint16,M,R,CellV_SF,V,1
Repeating,4752,1,MinCellVoltageModule[27],,uint16,O,R,,,1
Repeating,4753,1,AverageCellVoltage[27],,uint16,M,R,CellV_SF,V,1
Repeating,4754,1,StrModTmpMax[27],,sint16,M,R,ModTmp_SF,C,1
Repeating,4755,1,StrModTmpMaxMod[27],,uint16,O,R,,,1
Repeating,4756,1,StrModTmpMin[27],,sint16,M,R,ModTmp_SF,C,1
Repeating,4757,1,StrModTmpMinMod[27],,uint16,O,R,,,1
Repeating,4758,1,StrModTmpAvg[27],,sint16,M,R,ModTmp_SF,C,1
Repeating,4759,1,DisabledReason[27],,enum16,O,R,,,1
Repeating,4760,2,ContactorStatus[27],,bitfield32,O,R,,,1
Repeating,4762,2,StringEvent1[27],,bitfield32,M,R,,,1
Repeating,4764,2,StringEvent2[27],,bitfield32,O,R,,,1
Repeating,4766,2,VendorStringEventBitfield1[27],,bitfield32,O,R,,,1
Repeating,4768,2,VendorStringEventBitfield2[27],,bitfield32,O,R,,,1
Repeating,4770,1,EnableDisableString[27],,enum16,O,RW,,,1
Repeating,4771,1,ConnectDisconnectString[27],,enum16,O,RW,,,1
Repeating,4772,1,Pad[27],,pad,M,R,,,1
Repeating,4773,1,Pad2[27],,pad,M,R,,,1
Repeating,4774,1,ModuleCount[28],,uint16,M,R,,,1
Repeating,4775,2,StringStatus[28],,bitfield32,M,R,,,1
Repeating,4777,1,ConnectionFailureReason[28],,enum16,O,R,,,1
Repeating,4778,1,StringStateofCharge[28],,uint16,M,R,SoC_SF,%,1
Repeating,4779,1,StringStateofHealth[28],,uint16,O,R,SoH_SF,%,1
Repeating,4780,1,StringCurrent[28],,sint16,M,R,A_SF,A,1
Repeating,4781,1,MaxCellVoltage[28],,uint16,M,R,CellV_SF,V,1
Repeating,4782,1,MaxCellVoltageModule[28],,uint16,O,R,,,1
Repeating,4783,1,MinCellVoltage[28],,uint16,M,R,CellV_SF,V,1
Repeating,4784,1,MinCellVoltageModule[28],,uint16,O,R,,,1
Repeating,4785,1,AverageCellVoltage[28],,uint16,M,R,CellV_SF,V,1
Repeating,4786,1,StrModTmpMax[28],,sint16,M,R,ModTmp_SF,C,1
Repeating,4787,1,StrModTmpMaxMod[28],,uint16,O,R,,,1
Repeating,4788,1,StrModTmpMin[28],,sint16,M,R,ModTmp_SF,C,1
Repeating,4789,1,StrModTmpMinMod[28],,uint16,O,R,,,1
Repeating,4790,1,StrModTmpAvg[28],,sint16,M,R,ModTmp_SF,C,1
Repeating,4791,1,DisabledReason[28],,enum16,O,R,,,1
Repeating,4792,2,ContactorStatus[28],,bitfield32,O,R,,,1
Repeating,4794,2,StringEvent1[28],,bitfield32,M,R,,,1
Repeating,4796,2,StringEvent2[28],,bitfield32,O,R,,,1
Repeating,4798,2,VendorStringEventBitfield1[28],,bitfield32,O,R,,,1
Repeating,4800,2,VendorStringEventBitfield2[28],,bitfield32,O,R,,,1
Repeating,4802,1,EnableDisableString[28],,enum16,O,RW,,,1
Repeating,4803,1,ConnectDisconnectString[28],,enum16,O,RW,,,1
Repeating,4804,1,Pad[28],,pad,M,R,,,1
Repeating,4805,1,Pad2[28],,pad,M,R,,,1
Repeating,4806,1,ModuleCount[29],,uint16,M,R,,,1
Repeating,4807,2,StringStatus[29],,bitfield32,M,R,,,1
Repeating,4809,1,ConnectionFailureReason[29],,enum16,O,R,,,1
Repeating,4810,1,StringStateofCharge[29],,uint16,M,R,SoC_SF,%,1
Repeating,4811,1,StringStateofHealth[29],,uint16,O,R,SoH_SF,%,1
Repeating,4812,1,StringCurrent[29],,sint16,M,R,A_SF,A,1
Repeating,4813,1,MaxCellVoltage[29],,uint16,M,R,CellV_SF,V,1
Repeating,4814,1,MaxCellVoltageModule[29],,uint16,O,R,,,1
Repeating,4815,1,MinCellVoltage[29],,uint16,M,R,CellV_SF,V,1
Repeating,4816,1,MinCellVoltageModule[29],,uint16,O,R,,,1
Repeating,4817,1,AverageCellVoltage[29],,uint16,M,R,CellV_SF,V,1
Repeating,4818,1,StrModTmpMax[29],,sint16,M,R,ModTmp_SF,C,1
Repeating,4819,1,StrModTmpMaxMod[29],,uint16,O,R,,,1
Repeating,4820,1,StrModTmpMin[29],,sint16,M,R,ModTmp_SF,C,1
Repeating,4821,1,StrModTmpMinMod[29],,uint16,O,R,,,1
Repeating,4822,1,StrModTmpAvg[29],,sint16,M,R,ModTmp_SF,C,1
Repeating,4823,1,DisabledReason[29],,enum16,O,R,,,1
Repeating,4824,2,ContactorStatus[29],,bitfield32,O,R,,,1
Repeating,4826,2,StringEvent1[29],,bitfield32,M,R,,,1
Repeating,4828,2,StringEvent2[29],,bitfield32,O,R,,,1
Repeating,4830,2,VendorStringEventBitfield1[29],,bitfield32,O,R,,,1
Repeating,4832,2,VendorStringEventBitfield2[29],,bitfield32,O,R,,,1
Repeating,4834,1,EnableDisableString[29],,enum16,O,RW,,,1
Repeating,4835,1,ConnectDisconnectString[29],,enum16,O,RW,,,1
Repeating,4836,1,Pad[29],,pad,M,R,,,1
Repeating,4837,1,Pad2[29],,pad,M,R,,,1
Repeating,4838,1,ModuleCount[30],,uint16,M,R,,,1
Repeating,4839,2,StringStatus[30],,bitfield32,M,R,,,1
Repeating,4841,1,ConnectionFailureReason[30],,enum16,O,R,,,1
Repeating,4842,1,StringStateofCharge[30],,uint16,M,R,SoC_SF,%,1
Repeating,4843,1,StringStateofHealth[30],,uint16,O,R,SoH_SF,%,1
Repeating,4844,1,StringCurrent[30],,sint16,M,R,A_SF,A,1
Repeating,4845,1,MaxCellVoltage[30],,uint16,M,R,CellV_SF,V,1
Repeating,4846,1,MaxCellVoltageModule[30],,uint16,O,R,,,1
Repeating,4847,1,MinCellVoltage[30],,uint16,M,R,CellV_SF,V,1
Repeating,4848,1,MinCellVoltageModule[30],,uint16,O,R,,,1
Repeating,4849,1,AverageCellVoltage[30],,uint16,M,R,CellV_SF,V,1
Repeating,4850,1,StrModTmpMax[30],,sint16,M,R,ModTmp_SF,C,1
Repeating,4851,1,StrModTmpMaxMod[30],,uint16,O,R,,,1
Repeating,4852,1,StrModTmpMin[30],,sint16,M,R,ModTmp_SF,C,1
Repeating,4853,1,StrModTmpMinMod[30],,uint16,O,R,,,1
Repeating,4854,1,StrModTmpAvg[30],,sint16,M,R,ModTmp_SF,C,1
Repeating,4855,1,DisabledReason[30],,enum16,O,R,,,1
Repeating,4856,2,ContactorStatus[30],,bitfield32,O,R,,,1
Repeating,4858,2,StringEvent1[30],,bitfield32,M,R,,,1
Repeating,4860,2,StringEvent2[30],,bitfield32,O,R,,,1
Repeating,4862,2,VendorStringEventBitfield1[30],,bitfield32,O,R,,,1
Repeating,4864,2,VendorStringEventBitfield2[30],,bitfield32,O,R,,,1
Repeating,4866,1,EnableDisableString[30],,enum16,O,RW,,,1
Repeating,4867,1,ConnectDisconnectString[30],,enum16,O,RW,,,1
Repeating,4868,1,Pad[30],,pad,M,R,,,1
Repeating,4869,1,Pad2[30],,pad,M,R,,,1
Repeating,4870,1,ModuleCount[31],,uint16,M,R,,,1
Repeating,4871,2,StringStatus[31],,bitfield32,M,R,,,1
Repeating,4873,1,ConnectionFailureReason[31],,enum16,O,R,,,1
Repeating,4874,1,StringStateofCharge[31],,uint16,M,R,SoC_SF,%,1
Repeating,4875,1,StringStateofHealth[31],,uint16,O,R,SoH_SF,%,1
Repeating,4876,1,StringCurrent[31],,sint16,M,R,A_SF,A,1
Repeating,4877,1,MaxCellVoltage[31],,uint16,M,R,CellV_SF,V,1
Repeating,4878,1,MaxCellVoltageModule[31],,uint16,O,R,,,1
Repeating,4879,1,MinCellVoltage[31],,uint16,M,R,CellV_SF,V,1
Repeating,4880,1,MinCellVoltageModule[31],,uint16,O,R,,,1
Repeating,4881,1,AverageCellVoltage[31],,uint16,M,R,CellV_SF,V,1
Repeating,4882,1,StrModTmpMax[31],,sint16,M,R,ModTmp_SF,C,1
Repeating,4883,1,StrModTmpMaxMod[31],,uint16,O,R,,,1
Repeating,4884,1,StrModTmpMin[31],,sint16,M,R,ModTmp_SF,C,1
Repeating,4885,1,StrModTmpMinMod[31],,uint16,O,R,,,1
Repeating,4886,1,StrModTmpAvg[31],,sint16,M,R,ModTmp_SF,C,1
Repeating,4887,1,DisabledReason[31],,enum16,O,R,,,1
Repeating,4888,2,ContactorStatus[31],,bitfield32,O,R,,,1
Repeating,4890,2,StringEvent1[31],,bitfield32,M,R,,,1
Repeating,4892,2,StringEvent2[31],,bitfield32,O,R,,,1
Repeating,4894,2,VendorStringEventBitfield1[31],,bitfield32,O,R,,,1
Repeating,4896,2,VendorStringEventBitfield2[31],,bitfield32,O,R,,,1
Repeating,4898,1,EnableDisableString[31],,enum16,O,RW,,,1
Repeating,4899,1,ConnectDisconnectString[31],,enum16,O,RW,,,1
Repeating,4900,1,Pad[31],,pad,M,R,,,1
Repeating,4901,1,Pad2[31],,pad,M,R,,,1
Repeating,4902,1,ModuleCount[32],,uint16,M,R,,,1
Repeating,4903,2,StringStatus[32],,bitfield32,M,R,,,1
Repeating,4905,1,ConnectionFailureReason[32],,enum16,O,R,,,1
Repeating,4906,1,StringStateofCharge[32],,uint16,M,R,SoC_SF,%,1
Repeating,4907,1,StringStateofHealth[32],,uint16,O,R,SoH_SF,%,1
Repeating,4908,1,StringCurrent[32],,sint16,M,R,A_SF,A,1
Repeating,4909,1,MaxCellVoltage[32],,uint16,M,R,CellV_SF,V,1
Repeating,4910,1,MaxCellVoltageModule[32],,uint16,O,R,,,1
Repeating,4911,1,MinCellVoltage[32],,uint16,M,R,CellV_SF,V,1
Repeating,4912,1,MinCellVoltageModule[32],,uint16,O,R,,,1
Repeating,4913,1,AverageCellVoltage[32],,uint16,M,R,CellV_SF,V,1
Repeating,4914,1,StrModTmpMax[32],,sint16,M,R,ModTmp_SF,C,1
Repeating,4915,1,StrModTmpMaxMod[32],,uint16,O,R,,,1
Repeating,4916,1,StrModTmpMin[32],,sint16,M,R,ModTmp_SF,C,1
Repeating,4917,1,StrModTmpMinMod[32],,uint16,O,R,,,1
Repeating,4918,1,StrModTmpAvg[32],,sint16,M,R,ModTmp_SF,C,1
Repeating,4919,1,DisabledReason[32],,enum16,O,R,,,1
Repeating,4920,2,ContactorStatus[32],,bitfield32,O,R,,,1
Repeating,4922,2,StringEvent1[32],,bitfield32,M,R,,,1
Repeating,4924,2,StringEvent2[32],,bitfield32,O,R,,,1
Repeating,4926,2,VendorStringEventBitfield1[32],,bitfield32,O,R,,,1
Repeating,4928,2,VendorStringEventBitfield2[32],,bitfield32,O,R,,,1
Repeating,4930,1,EnableDisableString[32],,enum16,O,RW,,,1
Repeating,4931,1,ConnectDisconnectString[32],,enum16,O,RW,,,1
Repeating,4932,1,Pad[32],,pad,M,R,,,1
Repeating,4933,1,Pad2[32],,pad,M,R,,,1
Repeating,4934,1,ModuleCount[33],,uint16,M,R,,,1
Repeating,4935,2,StringStatus[33],,bitfield32,M,R,,,1
Repeating,4937,1,ConnectionFailureReason[33],,enum16,O,R,,,1
Repeating,4938,1,StringStateofCharge[33],,uint16,M,R,SoC_SF,%,1
Repeating,4939,1,StringStateofHealth[33],,uint16,O,R,SoH_SF,%,1
Repeating,4940,1,StringCurrent[33],,sint16,M,R,A_SF,A,1
Repeating,4941,1,MaxCellVoltage[33],,uint16,M,R,CellV_SF,V,1
Repeating,4942,1,MaxCellVoltageModule[33],,uint16,O,R,,,1
Repeating,4943,1,MinCellVoltage[33],,uint16,M,R,CellV_SF,V,1
Repeating,4944,1,MinCellVoltageModule[33],,uint16,O,R,,,1
Repeating,4945,1,AverageCellVoltage[33],,uint16,M,R,CellV_SF,V,1
Repeating,4946,1,StrModTmpMax[33],,sint16,M,R,ModTmp_SF,C,1
Repeating,4947,1,StrModTmpMaxMod[33],,uint16,O,R,,,1
Repeating,4948,1,StrModTmpMin[33],,sint16,M,R,ModTmp_SF,C,1
Repeating,4949,1,StrModTmpMinMod[33],,uint16,O,R,,,1
Repeating,4950,1,StrModTmpAvg[33],,sint16,M,R,ModTmp_SF,C,1
Repeating,4951,1,DisabledReason[33],,enum16,O,R,,,1
Repeating,4952,2,ContactorStatus[33],,bitfield32,O,R,,,1
Repeating,4954,2,StringEvent1[33],,bitfield32,M,R,,,1
Repeating,4956,2,StringEvent2[33],,bitfield32,O,R,,,1
Repeating,4958,2,VendorStringEventBitfield1[33],,bitfield32,O,R,,,1
Repeating,4960,2,VendorStringEventBitfield2[33],,bitfield32,O,R,,,1
Repeating,4962,1,EnableDisableString[33],,enum16,O,RW,,,1
Repeating,4963,1,ConnectDisconnectString[33],,enum16,O,RW,,,1
Repeating,4964,1,Pad[33],,pad,M,R,,,1
Repeating,4965,1,Pad2[33],,pad,M,R,,,1
Repeating,4966,1,ModuleCount[34],,uint16,M,R,,,1
Repeating,4967,2,StringStatus[34],,bitfield32,M,R,,,1
Repeating,4969,1,ConnectionFailureReason[34],,enum16,O,R,,,1
Repeating,4970,1,StringStateofCharge[34],,uint16,M,R,SoC_SF,%,1
Repeating,4971,1,StringStateofHealth[34],,uint16,O,R,SoH_SF,%,1
Repeating,4972,1,StringCurrent[34],,sint16,M,R,A_SF,A,1
Repeating,4973,1,MaxCellVoltage[34],,uint16,M,R,CellV_SF,V,1
Repeating,4974,1,MaxCellVoltageModule[34],,uint16,O,R,,,1
Repeating,4975,1,MinCellVoltage[34],,uint16,M,R,CellV_SF,V,1
Repeating,4976,1,MinCellVoltageModule[34],,uint16,O,R,,,1
Repeating,4977,1,AverageCellVoltage[34],,uint16,M,R,CellV_SF,V,1
Repeating,4978,1,StrModTmpMax[34],,sint16,M,R,ModTmp_SF,C,1
Repeating,4979,1,StrModTmpMaxMod[34],,uint16,O,R,,,1
Repeating,4980,1,StrModTmpMin[34],,sint16,M,R,ModTmp_SF,C,1
Repeating,4981,1,StrModTmpMinMod[34],,uint16,O,R,,,1
Repeating,4982,1,StrModTmpAvg[34],,sint16,M,R,ModTmp_SF,C,1
Repeating,4983,1,DisabledReason[34],,enum16,O,R,,,1
Repeating,4984,2,ContactorStatus[34],,bitfield32,O,R,,,1
Repeating,4986,2,StringEvent1[34],,bitfield32,M,R,,,1
Repeating,4988,2,StringEvent2[34],,bitfield32,O,R,,,1
Repeating,4990,2,VendorStringEventBitfield1[34],,bitfield32,O,R,,,1
Repeating,4992,2,VendorStringEventBitfield2[34],,bitfield32,O,R,,,1
Repeating,4994,1,EnableDisableString[34],,enum16,O,RW,,,1
Repeating,4995,1,ConnectDisconnectString[34],,enum16,O,RW,,,1
Repeating,4996,1,Pad[34],,pad,M,R,,,1
Repeating,4997,1,Pad2[34],,pad,M,R,,,1
Repeating,4998,1,ModuleCount[35],,uint16,M,R,,,1
Repeating,4999,2,StringStatus[35],,bitfield32,M,R,,,1
Repeating,5001,1,ConnectionFailureReason[35],,enum16,O,R,,,1
Repeating,5002,1,StringStateofCharge[35],,uint16,M,R,SoC_SF,%,1
Repeating,5003,1,StringStateofHealth[35],,uint16,O,R,SoH_SF,%,1
Repeating,5004,1,StringCurrent[35],,sint16,M,R,A_SF,A,1
Repeating,5005,1,MaxCellVoltage[35],,uint16,M,R,CellV_SF,V,1
Repeating,5006,1,MaxCellVoltageModule[35],,uint16,O,R,,,1
Repeating,5007,1,MinCellVoltage[35],,uint16,M,R,CellV_SF,V,1
Repeating,5008,1,MinCellVoltageModule[35],,uint16,O,R,,,1
Repeating,5009,1,AverageCellVoltage[35],,uint16,M,R,CellV_SF,V,1
Repeating,5010,1,StrModTmpMax[35],,sint16,M,R,ModTmp_SF,C,1
Repeating,5011,1,StrModTmpMaxMod[35],,uint16,O,R,,,1
Repeating,5012,1,StrModTmpMin[35],,sint16,M,R,ModTmp_SF,C,1
Repeating,5013,1,StrModTmpMinMod[35],,uint16,O,R,,,1
Repeating,5014,1,StrModTmpAvg[35],,sint16,M,R,ModTmp_SF,C,1
Repeating,5015,1,DisabledReason[35],,enum16,O,R,,,1
Repeating,5016,2,ContactorStatus[35],,bitfield32,O,R,,,1
Repeating,5018,2,StringEvent1[35],,bitfield32,M,R,,,1
Repeating,5020,2,StringEvent2[35],,bitfield32,O,R,,,1
Repeating,5022,2,VendorStringEventBitfield1[35],,bitfield32,O,R,,,1
Repeating,5024,2,VendorStringEventBitfield2[35],,bitfield32,O,R,,,1
Repeating,5026,1,EnableDisableString[35],,enum16,O,RW,,,1
Repeating,5027,1,ConnectDisconnectString[35],,enum16,O,RW,,,1
Repeating,5028,1,Pad[35],,pad,M,R,,,1
Repeating,5029,1,Pad2[35],,pad,M,R,,,1
Repeating,5030,1,ModuleCount[36],,uint16,M,R,,,1
Repeating,5031,2,StringStatus[36],,bitfield32,M,R,,,1
Repeating,5033,1,ConnectionFailureReason[36],,enum16,O,R,,,1
Repeating,5034,1,StringStateofCharge[36],,uint16,M,R,SoC_SF,%,1
Repeating,5035,1,StringStateofHealth[36],,uint16,O,R,SoH_SF,%,1
Repeating,5036,1,StringCurrent[36],,sint16,M,R,A_SF,A,1
Repeating,5037,1,MaxCellVoltage[36],,uint16,M,R,CellV_SF,V,1
Repeating,5038,1,MaxCellVoltageModule[36],,uint16,O,R,,,1
Repeating,5039,1,MinCellVoltage[36],,uint16,M,R,CellV_SF,V,1
Repeating,5040,1,MinCellVoltageModule[36],,uint16,O,R,,,1
Repeating,5041,1,AverageCellVoltage[36],,uint16,M,R,CellV_SF,V,1
Repeating,5042,1,StrModTmpMax[36],,sint16,M,R,ModTmp_SF,C,1
Repeating,5043,1,StrModTmpMaxMod[36],,uint16,O,R,,,1
Repeating,5044,1,StrModTmpMin[36],,sint16,M,R,ModTmp_SF,C,1
Repeating,5045,1,StrModTmpMinMod[36],,uint16,O,R,,,1
Repeating,5046,1,StrModTmpAvg[36],,sint16,M,R,ModTmp_SF,C,1
Repeating,5047,1,DisabledReason[36],,enum16,O,R,,,1
Repeating,5048,2,ContactorStatus[36],,bitfield32,O,R,,,1
Repeating,5050,2,StringEvent1[36],,bitfield32,M,R,,,1
Repeating,5052,2,StringEvent2[36],,bitfield32,O,R,,,1
Repeating,5054,2,VendorStringEventBitfield1[36],,bitfield32,O,R,,,1
Repeating,5056,2,VendorStringEventBitfield2[36],,bitfield32,O,R,,,1
Repeating,5058,1,EnableDisableString[36],,enum16,O,RW,,,1
Repeating,5059,1,ConnectDisconnectString[36],,enum16,O,RW,,,1
Repeating,5060,1,Pad[36],,pad,M,R,,,1
Repeating,5061,1,Pad2[36],,pad,M,R,,,1
Repeating,5062,1,ModuleCount[37],,uint16,M,R,,,1
Repeating,5063,2,StringStatus[37],,bitfield32,M,R,,,1
Repeating,5065,1,ConnectionFailureReason[37],,enum16,O,R,,,1
Repeating,5066,1,StringStateofCharge[37],,uint16,M,R,SoC_SF,%,1
Repeating,5067,1,StringStateofHealth[37],,uint16,O,R,SoH_SF,%,1
Repeating,5068,1,StringCurrent[37],,sint16,M,R,A_SF,A,1
Repeating,5069,1,MaxCellVoltage[37],,uint16,M,R,CellV_SF,V,1
Repeating,5070,1,MaxCellVoltageModule[37],,uint16,O,R,,,1
Repeating,5071,1,MinCellVoltage[37],,uint16,M,R,CellV_SF,V,1
Repeating,5072,1,MinCellVoltageModule[37],,uint16,O,R,,,1
Repeating,5073,1,AverageCellVoltage[37],,uint16,M,R,CellV_SF,V,1
Repeating,5074,1,StrModTmpMax[37],,sint16,M,R,ModTmp_SF,C,1
Repeating,5075,1,StrModTmpMaxMod[37],,uint16,O,R,,,1
Repeating,5076,1,StrModTmpMin[37],,sint16,M,R,ModTmp_SF,C,1
Repeating,5077,1,StrModTmpMinMod[37],,uint16,O,R,,,1
Repeating,5078,1,StrModTmpAvg[37],,sint16,M,R,ModTmp_SF,C,1
Repeating,5079,1,DisabledReason[37],,enum16,O,R,,,1
Repeating,5080,2,ContactorStatus[37],,bitfield32,O,R,,,1
Repeating,5082,2,StringEvent1[37],,bitfield32,M,R,,,1
Repeating,5084,2,StringEvent2[37],,bitfield32,O,R,,,1
Repeating,5086,2,VendorStringEventBitfield1[37],,bitfield32,O,R,,,1
Repeating,5088,2,VendorStringEventBitfield2[37],,bitfield32,O,R,,,1
Repeating,5090,1,EnableDisableString[37],,enum16,O,RW,,,1
Repeating,5091,1,ConnectDisconnectString[37],,enum16,O,RW,,,1
Repeating,5092,1,Pad[37],,pad,M,R,,,1
Repeating,5093,1,Pad2[37],,pad,M,R,,,1
Repeating,5094,1,ModuleCount[38],,uint16,M,R,,,1
Repeating,5095,2,StringStatus[38],,bitfield32,M,R,,,1
Repeating,5097,1,ConnectionFailureReason[38],,enum16,O,R,,,1
Repeating,5098,1,StringStateofCharge[38],,uint16,M,R,SoC_SF,%,1
Repeating,5099,1,StringStateofHealth[38],,uint16,O,R,SoH_SF,%,1
Repeating,5100,1,StringCurrent[38],,sint16,M,R,A_SF,A,1
Repeating,5101,1,MaxCellVoltage[38],,uint16,M,R,CellV_SF,V,1
Repeating,5102,1,MaxCellVoltageModule[38],,uint16,O,R,,,1
Repeating,5103,1,MinCellVoltage[38],,uint16,M,R,CellV_SF,V,1
Repeating,5104,1,MinCellVoltageModule[38],,uint16,O,R,,,1
Repeating,5105,1,AverageCellVoltage[38],,uint16,M,R,CellV_SF,V,1
Repeating,5106,1,StrModTmpMax[38],,sint16,M,R,ModTmp_SF,C,1
Repeating,5107,1,StrModTmpMaxMod[38],,uint16,O,R,,,1
Repeating,5108,1,StrModTmpMin[38],,sint16,M,R,ModTmp_SF,C,1
Repeating,5109,1,StrModTmpMinMod[38],,uint16,O,R,,,1
Repeating,5110,1,StrModTmpAvg[38],,sint16,M,R,ModTmp_SF,C,1
Repeating,5111,1,DisabledReason[38],,enum16,O,R,,,1
Repeating,5112,2,ContactorStatus[38],,bitfield32,O,R,,,1
Repeating,5114,2,StringEvent1[38],,bitfield32,M,R,,,1
Repeating,5116,2,StringEvent2[38],,bitfield32,O,R,,,1
Repeating,5118,2,VendorStringEventBitfield1[38],,bitfield32,O,R,,,1
Repeating,5120,2,VendorStringEventBitfield2[38],,bitfield32,O,R,,,1
Repeating,5122,1,EnableDisableString[38],,enum16,O,RW,,,1
Repeating,5123,1,ConnectDisconnectString[38],,enum16,O,RW,,,1
Repeating,5124,1,Pad[38],,pad,M,R,,,1
Repeating,5125,1,Pad2[38],,pad,M,R,,,1
Repeating,5126,1,ModuleCount[39],,uint16,M,R,,,1
Repeating,5127,2,StringStatus[39],,bitfield32,M,R,,,1
Repeating,5129,1,ConnectionFailureReason[39],,enum16,O,R,,,1
Repeating,5130,1,StringStateofCharge[39],,uint16,M,R,SoC_SF,%,1
Repeating,5131,1,StringStateofHealth[39],,uint16,O,R,SoH_SF,%,1
Repeating,5132,1,StringCurrent[39],,sint16,M,R,A_SF,A,1
Repeating,5133,1,MaxCellVoltage[39],,uint16,M,R,CellV_SF,V,1
Repeating,5134,1,MaxCellVoltageModule[39],,uint16,O,R,,,1
Repeating,5135,1,MinCellVoltage[39],,uint16,M,R,CellV_SF,V,1
Repeating,5136,1,MinCellVoltageModule[39],,uint16,O,R,,,1
Repeating,5137,1,AverageCellVoltage[39],,uint16,M,R,CellV_SF,V,1
Repeating,5138,1,StrModTmpMax[39],,sint16,M,R,ModTmp_SF,C,1
Repeating,5139,1,StrModTmpMaxMod[39],,uint16,O,R,,,1
Repeating,5140,1,StrModTmpMin[39],,sint16,M,R,ModTmp_SF,C,1
Repeating,5141,1,StrModTmpMinMod[39],,uint16,O,R,,,1
Repeating,5142,1,StrModTmpAvg[39],,sint16,M,R,ModTmp_SF,C,1
Repeating,5143,1,DisabledReason[39],,enum16,O,R,,,1
Repeating,5144,2,ContactorStatus[39],,bitfield32,O,R,,,1
Repeating,5146,2,StringEvent1[39],,bitfield32,M,R,,,1
Repeating,5148,2,StringEvent2[39],,bitfield32,O,R,,,1
Repeating,5150,2,VendorStringEventBitfield1[39],,bitfield32,O,R,,,1
Repeating,5152,2,VendorStringEventBitfield2[39],,bitfield32,O,R,,,1
Repeating,5154,1,EnableDisableString[39],,enum16,O,RW,,,1
Repeating,5155,1,ConnectDisconnectString[39],,enum16,O,RW,,,1
Repeating,5156,1,Pad[39],,pad,M,R,,,1
Repeating,5157,1,Pad2[39],,pad,M,R,,,1
Repeating,5158,1,ModuleCount[40],,uint16,M,R,,,1
Repeating,5159,2,StringStatus[40],,bitfield32,M,R,,,1
Repeating,5161,1,ConnectionFailureReason[40],,enum16,O,R,,,1
Repeating,5162,1,StringStateofCharge[40],,uint16,M,R,SoC_SF,%,1
Repeating,5163,1,StringStateofHealth[40],,uint16,O,R,SoH_SF,%,1
Repeating,5164,1,StringCurrent[40],,sint16,M,R,A_SF,A,1
Repeating,5165,1,MaxCellVoltage[40],,uint16,M,R,CellV_SF,V,1
Repeating,5166,1,MaxCellVoltageModule[40],,uint16,O,R,,,1
Repeating,5167,1,MinCellVoltage[40],,uint16,M,R,CellV_SF,V,1
Repeating,5168,1,MinCellVoltageModule[40],,uint16,O,R,,,1
Repeating,5169,1,AverageCellVoltage[40],,uint16,M,R,CellV_SF,V,1
Repeating,5170,1,StrModTmpMax[40],,sint16,M,R,ModTmp_SF,C,1
Repeating,5171,1,StrModTmpMaxMod[40],,uint16,O,R,,,1
Repeating,5172,1,StrModTmpMin[40],,sint16,M,R,ModTmp_SF,C,1
Repeating,5173,1,StrModTmpMinMod[40],,uint16,O,R,,,1
Repeating,5174,1,StrModTmpAvg[40],,sint16,M,R,ModTmp_SF,C,1
Repeating,5175,1,DisabledReason[40],,enum16,O,R,,,1
Repeating,5176,2,ContactorStatus[40],,bitfield32,O,R,,,1
Repeating,5178,2,StringEvent1[40],,bitfield32,M,R,,,1
Repeating,5180,2,StringEvent2[40],,bitfield32,O,R,,,1
Repeating,5182,2,VendorStringEventBitfield1[40],,bitfield32,O,R,,,1
Repeating,5184,2,VendorStringEventBitfield2[40],,bitfield32,O,R,,,1
Repeating,5186,1,EnableDisableString[40],,enum16,O,RW,,,1
Repeating,5187,1,ConnectDisconnectString[40],,enum16,O,RW,,,1
Repeating,5188,1,Pad[40],,pad,M,R,,,1
Repeating,5189,1,Pad2[40],,pad,M,R,,,1
Header,5190,1,"ID ""LithiumIonBatteryBankModel""",803,uint16,M,R,,,1
Header,5191,1,Length,1306,uint16,M,R,,,1
Fixed,5192,1,StringCount,,uint16,M,R,,,1
Fixed,5193,1,ConnectedStringCount,,uint16,M,R,,,1
Fixed,5194,1,MaxModuleTemperature,,sint16,M,R,ModTmp_SF,,1
Fixed,5195,1,MaxModuleTemperatureString,,uint16,O,R,,,1
Fixed,5196,1,MaxModuleTemperatureModule,,uint16,O,R,,,1
Fixed,5197,1,MinModuleTemperature,,sint16,M,R,ModTmp_SF,C,1
Fixed,5198,1,MinModuleTemperatureString,,uint16,O,R,,,1
Fixed,5199,1,MinModuleTemperatureModule,,uint16,O,R,,,1
Fixed,5200,1,AverageModuleTemperature,,sint16,O,R,ModTmp_SF,C,1
Fixed,5201,1,MaxStringVoltage,,uint16,O,R,V_SF,V,1
Fixed,5202,1,MaxStringVoltageString,,uint16,O,R,,,1
Fixed,5203,1,MinStringVoltage,,uint16,O,R,V_SF,V,1
Fixed,5204,1,MinStringVoltageString,,uint16,O,R,,,1
Fixed,5205,1,AverageStringVoltage,,uint16,O,R,V_SF,V,1
Fixed,5206,1,MaxStringCurrent,,sint16,O,R,A_SF,A,1
Fixed,5207,1,MaxStringCurrentString,,uint16,O,R,,,1
Fixed,5208,1,MinStringCurrent,,sint16,O,R,A_SF,A,1
Fixed,5209,1,MinStringCurrentString,,uint16,O,R,,,1
Fixed,5210,1,AverageStringCurrent,,sint16,O,R,A_SF,A,1
Fixed,5211,1,BatteryCellBalancingCount,,uint16,O,R,,,1
Fixed,5212,1,CellV_SF,,scalefactor,M,R,,,1
Fixed,5213,1,ModTmp_SF,,scalefactor,M,R,,,1
Fixed,5214,1,A_SF,,scalefactor,M,R,,,1
Fixed,5215,1,SoH_SF,,scalefactor,O,R,,,1
Fixed,5216,1,SoC_SF,,scalefactor,M,R,,,1
Fixed,5217,1,V_SF,,scalefactor,O,R,,,1
Repeating,5218,1,ModuleCount[1],,uint16,M,R,,,1
Repeating,5219,2,StringStatus[1],,bitfield32,M,R,,,1
Repeating,5221,1,ConnectionFailureReason[1],,enum16,O,R,,,1
Repeating,5222,1,StringStateofCharge[1],,uint16,M,R,SoC_SF,%,1
Repeating,5223,1,StringStateofHealth[1],,uint16,O,R,SoH_SF,%,1
Repeating,5224,1,StringCurrent[1],,sint16,M,R,A_SF,A,1
Repeating,5225,1,MaxCellVoltage[1],,uint16,M,R,CellV_SF,V,1
Repeating,5226,1,MaxCellVoltageModule[1],,uint16,O,R,,,1
Repeating,5227,1,MinCellVoltage[1],,uint16,M,R,CellV_SF,V,1
Repeating,5228,1,MinCellVoltageModule[1],,uint16,O,R,,,1
Repeating,5229,1,AverageCellVoltage[1],,uint16,M,R,CellV_SF,V,1
Repeating,5230,1,StrModTmpMax[1],,sint16,M,R,ModTmp_SF,C,1
Repeating,5231,1,StrModTmpMaxMod[1],,uint16,O,R,,,1
Repeating,5232,1,StrModTmpMin[1],,sint16,M,R,ModTmp_SF,C,1
Repeating,5233,1,StrModTmpMinMod[1],,uint16,O,R,,,1
Repeating,5234,1,StrModTmpAvg[1],,sint16,M,R,ModTmp_SF,C,1
Repeating,5235,1,DisabledReason[1],,enum16,O,R,,,1
Repeating,5236,2,ContactorStatus[1],,bitfield32,O,R,,,1
Repeating,5238,2,StringEvent1[1],,bitfield32,M,R,,,1
Repeating,5240,2,StringEvent2[1],,bitfield32,O,R,,,1
Repeating,5242,2,VendorStringEventBitfield1[1],,bitfield32,O,R,,,1
Repeating,5244,2,VendorStringEventBitfield2[1],,bitfield32,O,R,,,1
Repeating,5246,1,EnableDisableString[1],,enum16,O,RW,,,1
Repeating,5247,1,ConnectDisconnectString[1],,enum16,O,RW,,,1
Repeating,5248,1,Pad[1],,pad,M,R,,,1
Repeating,5249,1,Pad2[1],,pad,M,R,,,1
Repeating,5250,1,ModuleCount[2],,uint16,M,R,,,1
Repeating,5251,2,StringStatus[2],,bitfield32,M,R,,,1
Repeating,5253,1,ConnectionFailureReason[2],,enum16,O,R,,,1
Repeating,5254,1,StringStateofCharge[2],,uint16,M,R,SoC_SF,%,1
Repeating,5255,1,StringStateofHealth[2],,uint16,O,R,SoH_SF,%,1
Repeating,5256,1,StringCurrent[2],,sint16,M,R,A_SF,A,1
Repeating,5257,1,MaxCellVoltage[2],,uint16,M,R,CellV_SF,V,1
Repeating,5258,1,MaxCellVoltageModule[2],,uint16,O,R,,,1
Repeating,5259,1,MinCellVoltage[2],,uint16,M,R,CellV_SF,V,1
Repeating,5260,1,MinCellVoltageModule[2],,uint16,O,R,,,1
Repeating,5261,1,AverageCellVoltage[2],,uint16,M,R,CellV_SF,V,1
Repeating,5262,1,StrModTmpMax[2],,sint16,M,R,ModTmp_SF,C,1
Repeating,5263,1,StrModTmpMaxMod[2],,uint16,O,R,,,1
Repeating,5264,1,StrModTmpMin[2],,sint16,M,R,ModTmp_SF,C,1
Repeating,5265,1,StrModTmpMinMod[2],,uint16,O,R,,,1
Repeating,5266,1,StrModTmpAvg[2],,sint16,M,R,ModTmp_SF,C,1
Repeating,5267,1,DisabledReason[2],,enum16,O,R,,,1
Repeating,5268,2,ContactorStatus[2],,bitfield32,O,R,,,1
Repeating,5270,2,StringEvent1[2],,bitfield32,M,R,,,1
Repeating,5272,2,StringEvent2[2],,bitfield32,O,R,,,1
Repeating,5274,2,VendorStringEventBitfield1[2],,bitfield32,O,R,,,1
Repeating,5276,2,VendorStringEventBitfield2[2],,bitfield32,O,R,,,1
Repeating,5278,1,EnableDisableString[2],,enum16,O,RW,,,1
Repeating,5279,1,ConnectDisconnectString[2],,enum16,O,RW,,,1
Repeating,5280,1,Pad[2],,pad,M,R,,,1
Repeating,5281,1,Pad2[2],,pad,M,R,,,1
Repeating,5282,1,ModuleCount[3],,uint16,M,R,,,1
Repeating,5283,2,StringStatus[3],,bitfield32,M,R,,,1
Repeating,5285,1,ConnectionFailureReason[3],,enum16,O,R,,,1
Repeating,5286,1,StringStateofCharge[3],,uint16,M,R,SoC_SF,%,1
Repeating,5287,1,StringStateofHealth[3],,uint16,O,R,SoH_SF,%,1
Repeating,5288,1,StringCurrent[3],,sint16,M,R,A_SF,A,1
Repeating,5289,1,MaxCellVoltage[3],,uint16,M,R,CellV_SF,V,1
Repeating,5290,1,MaxCellVoltageModule[3],,uint16,O,R,,,1
Repeating,5291,1,MinCellVoltage[3],,uint16,M,R,CellV_SF,V,1
Repeating,5292,1,MinCellVoltageModule[3],,uint16,O,R,,,1
Repeating,5293,1,AverageCellVoltage[3],,uint16,M,R,CellV_SF,V,1
Repeating,5294,1,StrModTmpMax[3],,sint16,M,R,ModTmp_SF,C,1
Repeating,5295,1,StrModTmpMaxMod[3],,uint16,O,R,,,1
Repeating,5296,1,StrModTmpMin[3],,sint16,M,R,ModTmp_SF,C,1
Repeating,5297,1,StrModTmpMinMod[3],,uint16,O,R,,,1
Repeating,5298,1,StrModTmpAvg[3],,sint16,M,R,ModTmp_SF,C,1
Repeating,5299,1,DisabledReason[3],,enum16,O,R,,,1
Repeating,5300,2,ContactorStatus[3],,bitfield32,O,R,,,1
Repeating,5302,2,StringEvent1[3],,bitfield32,M,R,,,1
Repeating,5304,2,StringEvent2[3],,bitfield32,O,R,,,1
Repeating,5306,2,VendorStringEventBitfield1[3],,bitfield32,O,R,,,1
Repeating,5308,2,VendorStringEventBitfield2[3],,bitfield32,O,R,,,1
Repeating,5310,1,EnableDisableString[3],,enum16,O,RW,,,1
Repeating,5311,1,ConnectDisconnectString[3],,enum16,O,RW,,,1
Repeating,5312,1,Pad[3],,pad,M,R,,,1
Repeating,5313,1,Pad2[3],,pad,M,R,,,1
Repeating,5314,1,ModuleCount[4],,uint16,M,R,,,1
Repeating,5315,2,StringStatus[4],,bitfield32,M,R,,,1
Repeating,5317,1,ConnectionFailureReason[4],,enum16,O,R,,,1
Repeating,5318,1,StringStateofCharge[4],,uint16,M,R,SoC_SF,%,1
Repeating,5319,1,StringStateofHealth[4],,uint16,O,R,SoH_SF,%,1
Repeating,5320,1,StringCurrent[4],,sint16,M,R,A_SF,A,1
Repeating,5321,1,MaxCellVoltage[4],,uint16,M,R,CellV_SF,V,1
Repeating,5322,1,MaxCellVoltageModule[4],,uint16,O,R,,,1
Repeating,5323,1,MinCellVoltage[4],,uint16,M,R,CellV_SF,V,1
Repeating,5324,1,MinCellVoltageModule[4],,uint16,O,R,,,1
Repeating,5325,1,AverageCellVoltage[4],,uint16,M,R,CellV_SF,V,1
Repeating,5326,1,StrModTmpMax[4],,sint16,M,R,ModTmp_SF,C,1
Repeating,5327,1,StrModTmpMaxMod[4],,uint16,O,R,,,1
Repeating,5328,1,StrModTmpMin[4],,sint16,M,R,ModTmp_SF,C,1
Repeating,5329,1,StrModTmpMinMod[4],,uint16,O,R,,,1
Repeating,5330,1,StrModTmpAvg[4],,sint16,M,R,ModTmp_SF,C,1
Repeating,5331,1,DisabledReason[4],,enum16,O,R,,,1
Repeating,5332,2,ContactorStatus[4],,bitfield32,O,R,,,1
Repeating,5334,2,StringEvent1[4],,bitfield32,M,R,,,1
Repeating,5336,2,StringEvent2[4],,bitfield32,O,R,,,1
Repeating,5338,2,VendorStringEventBitfield1[4],,bitfield32,O,R,,,1
Repeating,5340,2,VendorStringEventBitfield2[4],,bitfield32,O,R,,,1
Repeating,5342,1,EnableDisableString[4],,enum16,O,RW,,,1
Repeating,5343,1,ConnectDisconnectString[4],,enum16,O,RW,,,1
Repeating,5344,1,Pad[4],,pad,M,R,,,1
Repeating,5345,1,Pad2[4],,pad,M,R,,,1
Repeating,5346,1,ModuleCount[5],,uint16,M,R,,,1
Repeating,5347,2,StringStatus[5],,bitfield32,M,R,,,1
Repeating,5349,1,ConnectionFailureReason[5],,enum16,O,R,,,1
Repeating,5350,1,StringStateofCharge[5],,uint16,M,R,SoC_SF,%,1
Repeating,5351,1,StringStateofHealth[5],,uint16,O,R,SoH_SF,%,1
Repeating,5352,1,StringCurrent[5],,sint16,M,R,A_SF,A,1
Repeating,5353,1,MaxCellVoltage[5],,uint16,M,R,CellV_SF,V,1
Repeating,5354,1,MaxCellVoltageModule[5],,uint16,O,R,,,1
Repeating,5355,1,MinCellVoltage[5],,uint16,M,R,CellV_SF,V,1
Repeating,5356,1,MinCellVoltageModule[5],,uint16,O,R,,,1
Repeating,5357,1,AverageCellVoltage[5],,uint16,M,R,CellV_SF,V,1
Repeating,5358,1,StrModTmpMax[5],,sint16,M,R,ModTmp_SF,C,1
Repeating,5359,1,StrModTmpMaxMod[5],,uint16,O,R,,,1
Repeating,5360,1,StrModTmpMin[5],,sint16,M,R,ModTmp_SF,C,1
Repeating,5361,1,StrModTmpMinMod[5],,uint16,O,R,,,1
Repeating,5362,1,StrModTmpAvg[5],,sint16,M,R,ModTmp_SF,C,1
Repeating,5363,1,DisabledReason[5],,enum16,O,R,,,1
Repeating,5364,2,ContactorStatus[5],,bitfield32,O,R,,,1
Repeating,5366,2,StringEvent1[5],,bitfield32,M,R,,,1
Repeating,5368,2,StringEvent2[5],,bitfield32,O,R,,,1
Repeating,5370,2,VendorStringEventBitfield1[5],,bitfield32,O,R,,,1
Repeating,5372,2,VendorStringEventBitfield2[5],,bitfield32,O,R,,,1
Repeating,5374,1,EnableDisableString[5],,enum16,O,RW,,,1
Repeating,5375,1,ConnectDisconnectString[5],,enum16,O,RW,,,1
Repeating,5376,1,Pad[5],,pad,M,R,,,1
Repeating,5377,1,Pad2[5],,pad,M,R,,,1
Repeating,5378,1,ModuleCount[6],,uint16,M,R,,,1
Repeating,5379,2,StringStatus[6],,bitfield32,M,R,,,1
Repeating,5381,1,ConnectionFailureReason[6],,enum16,O,R,,,1
Repeating,5382,1,StringStateofCharge[6],,uint16,M,R,SoC_SF,%,1
Repeating,5383,1,StringStateofHealth[6],,uint16,O,R,SoH_SF,%,1
Repeating,5384,1,StringCurrent[6],,sint16,M,R,A_SF,A,1
Repeating,5385,1,MaxCellVoltage[6],,uint16,M,R,CellV_SF,V,1
Repeating,5386,1,MaxCellVoltageModule[6],,uint16,O,R,,,1
Repeating,5387,1,MinCellVoltage[6],,uint16,M,R,CellV_SF,V,1
Repeating,5388,1,MinCellVoltageModule[6],,uint16,O,R,,,1
Repeating,5389,1,AverageCellVoltage[6],,uint16,M,R,CellV_SF,V,1
Repeating,5390,1,StrModTmpMax[6],,sint16,M,R,ModTmp_SF,C,1
Repeating,5391,1,StrModTmpMaxMod[6],,uint16,O,R,,,1
Repeating,5392,1,StrModTmpMin[6],,sint16,M,R,ModTmp_SF,C,1
Repeating,5393,1,StrModTmpMinMod[6],,uint16,O,R,,,1
Repeating,5394,1,StrModTmpAvg[6],,sint16,M,R,ModTmp_SF,C,1
Repeating,5395,1,DisabledReason[6],,enum16,O,R,,,1
Repeating,5396,2,ContactorStatus[6],,bitfield32,O,R,,,1
Repeating,5398,2,StringEvent1[6],,bitfield32,M,R,,,1
Repeating,5400,2,StringEvent2[6],,bitfield32,O,R,,,1
Repeating,5402,2,VendorStringEventBitfield1[6],,bitfield32,O,R,,,1
Repeating,5404,2,VendorStringEventBitfield2[6],,bitfield32,O,R,,,1
Repeating,5406,1,EnableDisableString[6],,enum16,O,RW,,,1
Repeating,5407,1,ConnectDisconnectString[6],,enum16,O,RW,,,1
Repeating,5408,1,Pad[6],,pad,M,R,,,1
Repeating,5409,1,Pad2[6],,pad,M,R,,,1
Repeating,5410,1,ModuleCount[7],,uint16,M,R,,,1
Repeating,5411,2,StringStatus[7],,bitfield32,M,R,,,1
Repeating,5413,1,ConnectionFailureReason[7],,enum16,O,R,,,1
Repeating,5414,1,StringStateofCharge[7],,uint16,M,R,SoC_SF,%,1
Repeating,5415,1,StringStateofHealth[7],,uint16,O,R,SoH_SF,%,1
Repeating,5416,1,StringCurrent[7],,sint16,M,R,A_SF,A,1
Repeating,5417,1,MaxCellVoltage[7],,uint16,M,R,CellV_SF,V,1
Repeating,5418,1,MaxCellVoltageModule[7],,uint16,O,R,,,1
Repeating,5419,1,MinCellVoltage[7],,uint16,M,R,CellV_SF,V,1
Repeating,5420,1,MinCellVoltageModule[7],,uint16,O,R,,,1
Repeating,5421,1,AverageCellVoltage[7],,uint16,M,R,CellV_SF,V,1
Repeating,5422,1,StrModTmpMax[7],,sint16,M,R,ModTmp_SF,C,1
Repeating,5423,1,StrModTmpMaxMod[7],,uint16,O,R,,,1
Repeating,5424,1,StrModTmpMin[7],,sint16,M,R,ModTmp_SF,C,1
Repeating,5425,1,StrModTmpMinMod[7],,uint16,O,R,,,1
Repeating,5426,1,StrModTmpAvg[7],,sint16,M,R,ModTmp_SF,C,1
Repeating,5427,1,DisabledReason[7],,enum16,O,R,,,1
Repeating,5428,2,ContactorStatus[7],,bitfield32,O,R,,,1
Repeating,5430,2,StringEvent1[7],,bitfield32,M,R,,,1
Repeating,5432,2,StringEvent2[7],,bitfield32,O,R,,,1
Repeating,5434,2,VendorStringEventBitfield1[7],,bitfield32,O,R,,,1
Repeating,5436,2,VendorStringEventBitfield2[7],,bitfield32,O,R,,,1
Repeating,5438,1,EnableDisableString[7],,enum16,O,RW,,,1
Repeating,5439,1,ConnectDisconnectString[7],,enum16,O,RW,,,1
Repeating,5440,1,Pad[7],,pad,M,R,,,1
Repeating,5441,1,Pad2[7],,pad,M,R,,,1
Repeating,5442,1,ModuleCount[8],,uint16,M,R,,,1
Repeating,5443,2,StringStatus[8],,bitfield32,M,R,,,1
Repeating,5445,1,ConnectionFailureReason[8],,enum16,O,R,,,1
Repeating,5446,1,StringStateofCharge[8],,uint16,M,R,SoC_SF,%,1
Repeating,5447,1,StringStateofHealth[8],,uint16,O,R,SoH_SF,%,1
Repeating,5448,1,StringCurrent[8],,sint16,M,R,A_SF,A,1
Repeating,5449,1,MaxCellVoltage[8],,uint16,M,R,CellV_SF,V,1
Repeating,5450,1,MaxCellVoltageModule[8],,uint16,O,R,,,1
Repeating,5451,1,MinCellVoltage[8],,uint16,M,R,CellV_SF,V,1
Repeating,5452,1,MinCellVoltageModule[8],,uint16,O,R,,,1
Repeating,5453,1,AverageCellVoltage[8],,uint16,M,R,CellV_SF,V,1
Repeating,5454,1,StrModTmpMax[8],,sint16,M,R,ModTmp_SF,C,1
Repeating,5455,1,StrModTmpMaxMod[8],,uint16,O,R,,,1
Repeating,5456,1,StrModTmpMin[8],,sint16,M,R,ModTmp_SF,C,1
Repeating,5457,1,StrModTmpMinMod[8],,uint16,O,R,,,1
Repeating,5458,1,StrModTmpAvg[8],,sint16,M,R,ModTmp_SF,C,1
Repeating,5459,1,DisabledReason[8],,enum16,O,R,,,1
Repeating,5460,2,ContactorStatus[8],,bitfield32,O,R,,,1
Repeating,5462,2,StringEvent1[8],,bitfield32,M,R,,,1
Repeating,5464,2,StringEvent2[8],,bitfield32,O,R,,,1
Repeating,5466,2,VendorStringEventBitfield1[8],,bitfield32,O,R,,,1
Repeating,5468,2,VendorStringEventBitfield2[8],,bitfield32,O,R,,,1
Repeating,5470,1,EnableDisableString[8],,enum16,O,RW,,,1
Repeating,5471,1,ConnectDisconnectString[8],,enum16,O,RW,,,1
Repeating,5472,1,Pad[8],,pad,M,R,,,1
Repeating,5473,1,Pad2[8],,pad,M,R,,,1
Repeating,5474,1,ModuleCount[9],,uint16,M,R,,,1
Repeating,5475,2,StringStatus[9],,bitfield32,M,R,,,1
Repeating,5477,1,ConnectionFailureReason[9],,enum16,O,R,,,1
Repeating,5478,1,StringStateofCharge[9],,uint16,M,R,SoC_SF,%,1
Repeating,5479,1,StringStateofHealth[9],,uint16,O,R,SoH_SF,%,1
Repeating,5480,1,StringCurrent[9],,sint16,M,R,A_SF,A,1
Repeating,5481,1,MaxCellVoltage[9],,uint16,M,R,CellV_SF,V,1
Repeating,5482,1,MaxCellVoltageModule[9],,uint16,O,R,,,1
Repeating,5483,1,MinCellVoltage[9],,uint16,M,R,CellV_SF,V,1
Repeating,5484,1,MinCellVoltageModule[9],,uint16,O,R,,,1
Repeating,5485,1,AverageCellVoltage[9],,uint16,M,R,CellV_SF,V,1
Repeating,5486,1,StrModTmpMax[9],,sint16,M,R,ModTmp_SF,C,1
Repeating,5487,1,StrModTmpMaxMod[9],,uint16,O,R,,,1
Repeating,5488,1,StrModTmpMin[9],,sint16,M,R,ModTmp_SF,C,1
Repeating,5489,1,StrModTmpMinMod[9],,uint16,O,R,,,1
Repeating,5490,1,StrModTmpAvg[9],,sint16,M,R,ModTmp_SF,C,1
Repeating,5491,1,DisabledReason[9],,enum16,O,R,,,1
Repeating,5492,2,ContactorStatus[9],,bitfield32,O,R,,,1
Repeating,5494,2,StringEvent1[9],,bitfield32,M,R,,,1
Repeating,5496,2,StringEvent2[9],,bitfield32,O,R,,,1
Repeating,5498,2,VendorStringEventBitfield1[9],,bitfield32,O,R,,,1
Repeating,5500,2,VendorStringEventBitfield2[9],,bitfield32,O,R,,,1
Repeating,5502,1,EnableDisableString[9],,enum16,O,RW,,,1
Repeating,5503,1,ConnectDisconnectString[9],,enum16,O,RW,,,1
Repeating,5504,1,Pad[9],,pad,M,R,,,1
Repeating,5505,1,Pad2[9],,pad,M,R,,,1
Repeating,5506,1,ModuleCount[10],,uint16,M,R,,,1
Repeating,5507,2,StringStatus[10],,bitfield32,M,R,,,1
Repeating,5509,1,ConnectionFailureReason[10],,enum16,O,R,,,1
Repeating,5510,1,StringStateofCharge[10],,uint16,M,R,SoC_SF,%,1
Repeating,5511,1,StringStateofHealth[10],,uint16,O,R,SoH_SF,%,1
Repeating,5512,1,StringCurrent[10],,sint16,M,R,A_SF,A,1
Repeating,5513,1,MaxCellVoltage[10],,uint16,M,R,CellV_SF,V,1
Repeating,5514,1,MaxCellVoltageModule[10],,uint16,O,R,,,1
Repeating,5515,1,MinCellVoltage[10],,uint16,M,R,CellV_SF,V,1
Repeating,5516,1,MinCellVoltageModule[10],,uint16,O,R,,,1
Repeating,5517,1,AverageCellVoltage[10],,uint16,M,R,CellV_SF,V,1
Repeating,5518,1,StrModTmpMax[10],,sint16,M,R,ModTmp_SF,C,1
Repeating,5519,1,StrModTmpMaxMod[10],,uint16,O,R,,,1
Repeating,5520,1,StrModTmpMin[10],,sint16,M,R,ModTmp_SF,C,1
Repeating,5521,1,StrModTmpMinMod[10],,uint16,O,R,,,1
Repeating,5522,1,StrModTmpAvg[10],,sint16,M,R,ModTmp_SF,C,1
Repeating,5523,1,DisabledReason[10],,enum16,O,R,,,1
Repeating,5524,2,ContactorStatus[10],,bitfield32,O,R,,,1
Repeating,5526,2,StringEvent1[10],,bitfield32,M,R,,,1
Repeating,5528,2,StringEvent2[10],,bitfield32,O,R,,,1
Repeating,5530,2,VendorStringEventBitfield1[10],,bitfield32,O,R,,,1
Repeating,5532,2,VendorStringEventBitfield2[10],,bitfield32,O,R,,,1
Repeating,5534,1,EnableDisableString[10],,enum16,O,RW,,,1
Repeating,5535,1,ConnectDisconnectString[10],,enum16,O,RW,,,1
Repeating,5536,1,Pad[10],,pad,M,R,,,1
Repeating,5537,1,Pad2[10],,pad,M,R,,,1
Repeating,5538,1,ModuleCount[11],,uint16,M,R,,,1
Repeating,5539,2,StringStatus[11],,bitfield32,M,R,,,1
Repeating,5541,1,ConnectionFailureReason[11],,enum16,O,R,,,1
Repeating,5542,1,StringStateofCharge[11],,uint16,M,R,SoC_SF,%,1
Repeating,5543,1,StringStateofHealth[11],,uint16,O,R,SoH_SF,%,1
Repeating,5544,1,StringCurrent[11],,sint16,M,R,A_SF,A,1
Repeating,5545,1,MaxCellVoltage[11],,uint16,M,R,CellV_SF,V,1
Repeating,5546,1,MaxCellVoltageModule[11],,uint16,O,R,,,1
Repeating,5547,1,MinCellVoltage[11],,uint16,M,R,CellV_SF,V,1
Repeating,5548,1,MinCellVoltageModule[11],,uint16,O,R,,,1
Repeating,5549,1,AverageCellVoltage[11],,uint16,M,R,CellV_SF,V,1
Repeating,5550,1,StrModTmpMax[11],,sint16,M,R,ModTmp_SF,C,1
Repeating,5551,1,StrModTmpMaxMod[11],,uint16,O,R,,,1
Repeating,5552,1,StrModTmpMin[11],,sint16,M,R,ModTmp_SF,C,1
Repeating,5553,1,StrModTmpMinMod[11],,uint16,O,R,,,1
Repeating,5554,1,StrModTmpAvg[11],,sint16,M,R,ModTmp_SF,C,1
Repeating,5555,1,DisabledReason[11],,enum16,O,R,,,1
Repeating,5556,2,ContactorStatus[11],,bitfield32,O,R,,,1
Repeating,5558,2,StringEvent1[11],,bitfield32,M,R,,,1
Repeating,5560,2,StringEvent2[11],,bitfield32,O,R,,,1
Repeating,5562,2,VendorStringEventBitfield1[11],,bitfield32,O,R,,,1
Repeating,5564,2,VendorStringEventBitfield2[11],,bitfield32,O,R,,,1
Repeating,5566,1,EnableDisableString[11],,enum16,O,RW,,,1
Repeating,5567,1,ConnectDisconnectString[11],,enum16,O,RW,,,1
Repeating,5568,1,Pad[11],,pad,M,R,,,1
Repeating,5569,1,Pad2[11],,pad,M,R,,,1
Repeating,5570,1,ModuleCount[12],,uint16,M,R,,,1
Repeating,5571,2,StringStatus[12],,bitfield32,M,R,,,1
Repeating,5573,1,ConnectionFailureReason[12],,enum16,O,R,,,1
Repeating,5574,1,StringStateofCharge[12],,uint16,M,R,SoC_SF,%,1
Repeating,5575,1,StringStateofHealth[12],,uint16,O,R,SoH_SF,%,1
Repeating,5576,1,StringCurrent[12],,sint16,M,R,A_SF,A,1
Repeating,5577,1,MaxCellVoltage[12],,uint16,M,R,CellV_SF,V,1
Repeating,5578,1,MaxCellVoltageModule[12],,uint16,O,R,,,1
Repeating,5579,1,MinCellVoltage[12],,uint16,M,R,CellV_SF,V,1
Repeating,5580,1,MinCellVoltageModule[12],,uint16,O,R,,,1
Repeating,5581,1,AverageCellVoltage[12],,uint16,M,R,CellV_SF,V,1
Repeating,5582,1,StrModTmpMax[12],,sint16,M,R,ModTmp_SF,C,1
Repeating,5583,1,StrModTmpMaxMod[12],,uint16,O,R,,,1
Repeating,5584,1,StrModTmpMin[12],,sint16,M,R,ModTmp_SF,C,1
Repeating,5585,1,StrModTmpMinMod[12],,uint16,O,R,,,1
Repeating,5586,1,StrModTmpAvg[12],,sint16,M,R,ModTmp_SF,C,1
Repeating,5587,1,DisabledReason[12],,enum16,O,R,,,1
Repeating,5588,2,ContactorStatus[12],,bitfield32,O,R,,,1
Repeating,5590,2,StringEvent1[12],,bitfield32,M,R,,,1
Repeating,5592,2,StringEvent2[12],,bitfield32,O,R,,,1
Repeating,5594,2,VendorStringEventBitfield1[12],,bitfield32,O,R,,,1
Repeating,5596,2,VendorStringEventBitfield2[12],,bitfield32,O,R,,,1
Repeating,5598,1,EnableDisableString[12],,enum16,O,RW,,,1
Repeating,5599,1,ConnectDisconnectString[12],,enum16,O,RW,,,1
Repeating,5600,1,Pad[12],,pad,M,R,,,1
Repeating,5601,1,Pad2[12],,pad,M,R,,,1
Repeating,5602,1,ModuleCount[13],,uint16,M,R,,,1
Repeating,5603,2,StringStatus[13],,bitfield32,M,R,,,1
Repeating,5605,1,ConnectionFailureReason[13],,enum16,O,R,,,1
Repeating,5606,1,StringStateofCharge[13],,uint16,M,R,SoC_SF,%,1
Repeating,5607,1,StringStateofHealth[13],,uint16,O,R,SoH_SF,%,1
Repeating,5608,1,StringCurrent[13],,sint16,M,R,A_SF,A,1
Repeating,5609,1,MaxCellVoltage[13],,uint16,M,R,CellV_SF,V,1
Repeating,5610,1,MaxCellVoltageModule[13],,uint16,O,R,,,1
Repeating,5611,1,MinCellVoltage[13],,uint16,M,R,CellV_SF,V,1
Repeating,5612,1,MinCellVoltageModule[13],,uint16,O,R,,,1
Repeating,5613,1,AverageCellVoltage[13],,uint16,M,R,CellV_SF,V,1
Repeating,5614,1,StrModTmpMax[13],,sint16,M,R,ModTmp_SF,C,1
Repeating,5615,1,StrModTmpMaxMod[13],,uint16,O,R,,,1
Repeating,5616,1,StrModTmpMin[13],,sint16,M,R,ModTmp_SF,C,1
Repeating,5617,1,StrModTmpMinMod[13],,uint16,O,R,,,1
Repeating,5618,1,StrModTmpAvg[13],,sint16,M,R,ModTmp_SF,C,1
Repeating,5619,1,DisabledReason[13],,enum16,O,R,,,1
Repeating,5620,2,ContactorStatus[13],,bitfield32,O,R,,,1
Repeating,5622,2,StringEvent1[13],,bitfield32,M,R,,,1
Repeating,5624,2,StringEvent2[13],,bitfield32,O,R,,,1
Repeating,5626,2,VendorStringEventBitfield1[13],,bitfield32,O,R,,,1
Repeating,5628,2,VendorStringEventBitfield2[13],,bitfield32,O,R,,,1
Repeating,5630,1,EnableDisableString[13],,enum16,O,RW,,,1
Repeating,5631,1,ConnectDisconnectString[13],,enum16,O,RW,,,1
Repeating,5632,1,Pad[13],,pad,M,R,,,1
Repeating,5633,1,Pad2[13],,pad,M,R,,,1
Repeating,5634,1,ModuleCount[14],,uint16,M,R,,,1
Repeating,5635,2,StringStatus[14],,bitfield32,M,R,,,1
Repeating,5637,1,ConnectionFailureReason[14],,enum16,O,R,,,1
Repeating,5638,1,StringStateofCharge[14],,uint16,M,R,SoC_SF,%,1
Repeating,5639,1,StringStateofHealth[14],,uint16,O,R,SoH_SF,%,1
Repeating,5640,1,StringCurrent[14],,sint16,M,R,A_SF,A,1
Repeating,5641,1,MaxCellVoltage[14],,uint16,M,R,CellV_SF,V,1
Repeating,5642,1,MaxCellVoltageModule[14],,uint16,O,R,,,1
Repeating,5643,1,MinCellVoltage[14],,uint16,M,R,CellV_SF,V,1
Repeating,5644,1,MinCellVoltageModule[14],,uint16,O,R,,,1
Repeating,5645,1,AverageCellVoltage[14],,uint16,M,R,CellV_SF,V,1
Repeating,5646,1,StrModTmpMax[14],,sint16,M,R,ModTmp_SF,C,1
Repeating,5647,1,StrModTmpMaxMod[14],,uint16,O,R,,,1
Repeating,5648,1,StrModTmpMin[14],,sint16,M,R,ModTmp_SF,C,1
Repeating,5649,1,StrModTmpMinMod[14],,uint16,O,R,,,1
Repeating,5650,1,StrModTmpAvg[14],,sint16,M,R,ModTmp_SF,C,1
Repeating,5651,1,DisabledReason[14],,enum16,O,R,,,1
Repeating,5652,2,ContactorStatus[14],,bitfield32,O,R,,,1
Repeating,5654,2,StringEvent1[14],,bitfield32,M,R,,,1
Repeating,5656,2,StringEvent2[14],,bitfield32,O,R,,,1
Repeating,5658,2,VendorStringEventBitfield1[14],,bitfield32,O,R,,,1
Repeating,5660,2,VendorStringEventBitfield2[14],,bitfield32,O,R,,,1
Repeating,5662,1,EnableDisableString[14],,enum16,O,RW,,,1
Repeating,5663,1,ConnectDisconnectString[14],,enum16,O,RW,,,1
Repeating,5664,1,Pad[14],,pad,M,R,,,1
Repeating,5665,1,Pad2[14],,pad,M,R,,,1
Repeating,5666,1,ModuleCount[15],,uint16,M,R,,,1
Repeating,5667,2,StringStatus[15],,bitfield32,M,R,,,1
Repeating,5669,1,ConnectionFailureReason[15],,enum16,O,R,,,1
Repeating,5670,1,StringStateofCharge[15],,uint16,M,R,SoC_SF,%,1
Repeating,5671,1,StringStateofHealth[15],,uint16,O,R,SoH_SF,%,1
Repeating,5672,1,StringCurrent[15],,sint16,M,R,A_SF,A,1
Repeating,5673,1,MaxCellVoltage[15],,uint16,M,R,CellV_SF,V,1
Repeating,5674,1,MaxCellVoltageModule[15],,uint16,O,R,,,1
Repeating,5675,1,MinCellVoltage[15],,uint16,M,R,CellV_SF,V,1
Repeating,5676,1,MinCellVoltageModule[15],,uint16,O,R,,,1
Repeating,5677,1,AverageCellVoltage[15],,uint16,M,R,CellV_SF,V,1
Repeating,5678,1,StrModTmpMax[15],,sint16,M,R,ModTmp_SF,C,1
Repeating,5679,1,StrModTmpMaxMod[15],,uint16,O,R,,,1
Repeating,5680,1,StrModTmpMin[15],,sint16,M,R,ModTmp_SF,C,1
Repeating,5681,1,StrModTmpMinMod[15],,uint16,O,R,,,1
Repeating,5682,1,StrModTmpAvg[15],,sint16,M,R,ModTmp_SF,C,1
Repeating,5683,1,DisabledReason[15],,enum16,O,R,,,1
Repeating,5684,2,ContactorStatus[15],,bitfield32,O,R,,,1
Repeating,5686,2,StringEvent1[15],,bitfield32,M,R,,,1
Repeating,5688,2,StringEvent2[15],,bitfield32,O,R,,,1
Repeating,5690,2,VendorStringEventBitfield1[15],,bitfield32,O,R,,,1
Repeating,5692,2,VendorStringEventBitfield2[15],,bitfield32,O,R,,,1
Repeating,5694,1,EnableDisableString[15],,enum16,O,RW,,,1
Repeating,5695,1,ConnectDisconnectString[15],,enum16,O,RW,,,1
Repeating,5696,1,Pad[15],,pad,M,R,,,1
Repeating,5697,1,Pad2[15],,pad,M,R,,,1
Repeating,5698,1,ModuleCount[16],,uint16,M,R,,,1
Repeating,5699,2,StringStatus[16],,bitfield32,M,R,,,1
Repeating,5701,1,ConnectionFailureReason[16],,enum16,O,R,,,1
Repeating,5702,1,StringStateofCharge[16],,uint16,M,R,SoC_SF,%,1
Repeating,5703,1,StringStateofHealth[16],,uint16,O,R,SoH_SF,%,1
Repeating,5704,1,StringCurrent[16],,sint16,M,R,A_SF,A,1
Repeating,5705,1,MaxCellVoltage[16],,uint16,M,R,CellV_SF,V,1
Repeating,5706,1,MaxCellVoltageModule[16],,uint16,O,R,,,1
Repeating,5707,1,MinCellVoltage[16],,uint16,M,R,CellV_SF,V,1
Repeating,5708,1,MinCellVoltageModule[16],,uint16,O,R,,,1
Repeating,5709,1,AverageCellVoltage[16],,uint16,M,R,CellV_SF,V,1
Repeating,5710,1,StrModTmpMax[16],,sint16,M,R,ModTmp_SF,C,1
Repeating,5711,1,StrModTmpMaxMod[16],,uint16,O,R,,,1
Repeating,5712,1,StrModTmpMin[16],,sint16,M,R,ModTmp_SF,C,1
Repeating,5713,1,StrModTmpMinMod[16],,uint16,O,R,,,1
Repeating,5714,1,StrModTmpAvg[16],,sint16,M,R,ModTmp_SF,C,1
Repeating,5715,1,DisabledReason[16],,enum16,O,R,,,1
Repeating,5716,2,ContactorStatus[16],,bitfield32,O,R,,,1
Repeating,5718,2,StringEvent1[16],,bitfield32,M,R,,,1
Repeating,5720,2,StringEvent2[16],,bitfield32,O,R,,,1
Repeating,5722,2,VendorStringEventBitfield1[16],,bitfield32,O,R,,,1
Repeating,5724,2,VendorStringEventBitfield2[16],,bitfield32,O,R,,,1
Repeating,5726,1,EnableDisableString[16],,enum16,O,RW,,,1
Repeating,5727,1,ConnectDisconnectString[16],,enum16,O,RW,,,1
Repeating,5728,1,Pad[16],,pad,M,R,,,1
Repeating,5729,1,Pad2[16],,pad,M,R,,,1
Repeating,5730,1,ModuleCount[17],,uint16,M,R,,,1
Repeating,5731,2,StringStatus[17],,bitfield32,M,R,,,1
Repeating,5733,1,ConnectionFailureReason[17],,enum16,O,R,,,1
Repeating,5734,1,StringStateofCharge[17],,uint16,M,R,SoC_SF,%,1
Repeating,5735,1,StringStateofHealth[17],,uint16,O,R,SoH_SF,%,1
Repeating,5736,1,StringCurrent[17],,sint16,M,R,A_SF,A,1
Repeating,5737,1,MaxCellVoltage[17],,uint16,M,R,CellV_SF,V,1
Repeating,5738,1,MaxCellVoltageModule[17],,uint16,O,R,,,1
Repeating,5739,1,MinCellVoltage[17],,uint16,M,R,CellV_SF,V,1
Repeating,5740,1,MinCellVoltageModule[17],,uint16,O,R,,,1
Repeating,5741,1,AverageCellVoltage[17],,uint16,M,R,CellV_SF,V,1
Repeating,5742,1,StrModTmpMax[17],,sint16,M,R,ModTmp_SF,C,1
Repeating,5743,1,StrModTmpMaxMod[17],,uint16,O,R,,,1
Repeating,5744,1,StrModTmpMin[17],,sint16,M,R,ModTmp_SF,C,1
Repeating,5745,1,StrModTmpMinMod[17],,uint16,O,R,,,1
Repeating,5746,1,StrModTmpAvg[17],,sint16,M,R,ModTmp_SF,C,1
Repeating,5747,1,DisabledReason[17],,enum16,O,R,,,1
Repeating,5748,2,ContactorStatus[17],,bitfield32,O,R,,,1
Repeating,5750,2,StringEvent1[17],,bitfield32,M,R,,,1
Repeating,5752,2,StringEvent2[17],,bitfield32,O,R,,,1
Repeating,5754,2,VendorStringEventBitfield1[17],,bitfield32,O,R,,,1
Repeating,5756,2,VendorStringEventBitfield2[17],,bitfield32,O,R,,,1
Repeating,5758,1,EnableDisableString[17],,enum16,O,RW,,,1
Repeating,5759,1,ConnectDisconnectString[17],,enum16,O,RW,,,1
Repeating,5760,1,Pad[17],,pad,M,R,,,1
Repeating,5761,1,Pad2[17],,pad,M,R,,,1
Repeating,5762,1,ModuleCount[18],,uint16,M,R,,,1
Repeating,5763,2,StringStatus[18],,bitfield32,M,R,,,1
Repeating,5765,1,ConnectionFailureReason[18],,enum16,O,R,,,1
Repeating,5766,1,StringStateofCharge[18],,uint16,M,R,SoC_SF,%,1
Repeating,5767,1,StringStateofHealth[18],,uint16,O,R,SoH_SF,%,1
Repeating,5768,1,StringCurrent[18],,sint16,M,R,A_SF,A,1
Repeating,5769,1,MaxCellVoltage[18],,uint16,M,R,CellV_SF,V,1
Repeating,5770,1,MaxCellVoltageModule[18],,uint16,O,R,,,1
Repeating,5771,1,MinCellVoltage[18],,uint16,M,R,CellV_SF,V,1
Repeating,5772,1,MinCellVoltageModule[18],,uint16,O,R,,,1
Repeating,5773,1,AverageCellVoltage[18],,uint16,M,R,CellV_SF,V,1
Repeating,5774,1,StrModTmpMax[18],,sint16,M,R,ModTmp_SF,C,1
Repeating,5775,1,StrModTmpMaxMod[18],,uint16,O,R,,,1
Repeating,5776,1,StrModTmpMin[18],,sint16,M,R,ModTmp_SF,C,1
Repeating,5777,1,StrModTmpMinMod[18],,uint16,O,R,,,1
Repeating,5778,1,StrModTmpAvg[18],,sint16,M,R,ModTmp_SF,C,1
Repeating,5779,1,DisabledReason[18],,enum16,O,R,,,1
Repeating,5780,2,ContactorStatus[18],,bitfield32,O,R,,,1
Repeating,5782,2,StringEvent1[18],,bitfield32,M,R,,,1
Repeating,5784,2,StringEvent2[18],,bitfield32,O,R,,,1
Repeating,5786,2,VendorStringEventBitfield1[18],,bitfield32,O,R,,,1
Repeating,5788,2,VendorStringEventBitfield2[18],,bitfield32,O,R,,,1
Repeating,5790,1,EnableDisableString[18],,enum16,O,RW,,,1
Repeating,5791,1,ConnectDisconnectString[18],,enum16,O,RW,,,1
Repeating,5792,1,Pad[18],,pad,M,R,,,1
Repeating,5793,1,Pad2[18],,pad,M,R,,,1
Repeating,5794,1,ModuleCount[19],,uint16,M,R,,,1
Repeating,5795,2,StringStatus[19],,bitfield32,M,R,,,1
Repeating,5797,1,ConnectionFailureReason[19],,enum16,O,R,,,1
Repeating,5798,1,StringStateofCharge[19],,uint16,M,R,SoC_SF,%,1
Repeating,5799,1,StringStateofHealth[19],,uint16,O,R,SoH_SF,%,1
Repeating,5800,1,StringCurrent[19],,sint16,M,R,A_SF,A,1
Repeating,5801,1,MaxCellVoltage[19],,uint16,M,R,CellV_SF,V,1
Repeating,5802,1,MaxCellVoltageModule[19],,uint16,O,R,,,1
Repeating,5803,1,MinCellVoltage[19],,uint16,M,R,CellV_SF,V,1
Repeating,5804,1,MinCellVoltageModule[19],,uint16,O,R,,,1
Repeating,5805,1,AverageCellVoltage[19],,uint16,M,R,CellV_SF,V,1
Repeating,5806,1,StrModTmpMax[19],,sint16,M,R,ModTmp_SF,C,1
Repeating,5807,1,StrModTmpMaxMod[19],,uint16,O,R,,,1
Repeating,5808,1,StrModTmpMin[19],,sint16,M,R,ModTmp_SF,C,1
Repeating,5809,1,StrModTmpMinMod[19],,uint16,O,R,,,1
Repeating,5810,1,StrModTmpAvg[19],,sint16,M,R,ModTmp_SF,C,1
Repeating,5811,1,DisabledReason[19],,enum16,O,R,,,1
Repeating,5812,2,ContactorStatus[19],,bitfield32,O,R,,,1
Repeating,5814,2,StringEvent1[19],,bitfield32,M,R,,,1
Repeating,5816,2,StringEvent2[19],,bitfield32,O,R,,,1
Repeating,5818,2,VendorStringEventBitfield1[19],,bitfield32,O,R,,,1
Repeating,5820,2,VendorStringEventBitfield2[19],,bitfield32,O,R,,,1
Repeating,5822,1,EnableDisableString[19],,enum16,O,RW,,,1
Repeating,5823,1,ConnectDisconnectString[19],,enum16,O,RW,,,1
Repeating,5824,1,Pad[19],,pad,M,R,,,1
Repeating,5825,1,Pad2[19],,pad,M,R,,,1
Repeating,5826,1,ModuleCount[20],,uint16,M,R,,,1
Repeating,5827,2,StringStatus[20],,bitfield32,M,R,,,1
Repeating,5829,1,ConnectionFailureReason[20],,enum16,O,R,,,1
Repeating,5830,1,StringStateofCharge[20],,uint16,M,R,SoC_SF,%,1
Repeating,5831,1,StringStateofHealth[20],,uint16,O,R,SoH_SF,%,1
Repeating,5832,1,StringCurrent[20],,sint16,M,R,A_SF,A,1
Repeating,5833,1,MaxCellVoltage[20],,uint16,M,R,CellV_SF,V,1
Repeating,5834,1,MaxCellVoltageModule[20],,uint16,O,R,,,1
Repeating,5835,1,MinCellVoltage[20],,uint16,M,R,CellV_SF,V,1
Repeating,5836,1,MinCellVoltageModule[20],,uint16,O,R,,,1
Repeating,5837,1,AverageCellVoltage[20],,uint16,M,R,CellV_SF,V,1
Repeating,5838,1,StrModTmpMax[20],,sint16,M,R,ModTmp_SF,C,1
Repeating,5839,1,StrModTmpMaxMod[20],,uint16,O,R,,,1
Repeating,5840,1,StrModTmpMin[20],,sint16,M,R,ModTmp_SF,C,1
Repeating,5841,1,StrModTmpMinMod[20],,uint16,O,R,,,1
Repeating,5842,1,StrModTmpAvg[20],,sint16,M,R,ModTmp_SF,C,1
Repeating,5843,1,DisabledReason[20],,enum16,O,R,,,1
Repeating,5844,2,ContactorStatus[20],,bitfield32,O,R,,,1
Repeating,5846,2,StringEvent1[20],,bitfield32,M,R,,,1
Repeating,5848,2,StringEvent2[20],,bitfield32,O,R,,,1
Repeating,5850,2,VendorStringEventBitfield1[20],,bitfield32,O,R,,,1
Repeating,5852,2,VendorStringEventBitfield2[20],,bitfield32,O,R,,,1
Repeating,5854,1,EnableDisableString[20],,enum16,O,RW,,,1
Repeating,5855,1,ConnectDisconnectString[20],,enum16,O,RW,,,1
Repeating,5856,1,Pad[20],,pad,M,R,,,1
Repeating,5857,1,Pad2[20],,pad,M,R,,,1
Repeating,5858,1,ModuleCount[21],,uint16,M,R,,,1
Repeating,5859,2,StringStatus[21],,bitfield32,M,R,,,1
Repeating,5861,1,ConnectionFailureReason[21],,enum16,O,R,,,1
Repeating,5862,1,StringStateofCharge[21],,uint16,M,R,SoC_SF,%,1
Repeating,5863,1,StringStateofHealth[21],,uint16,O,R,SoH_SF,%,1
Repeating,5864,1,StringCurrent[21],,sint16,M,R,A_SF,A,1
Repeating,5865,1,MaxCellVoltage[21],,uint16,M,R,CellV_SF,V,1
Repeating,5866,1,MaxCellVoltageModule[21],,uint16,O,R,,,1
Repeating,5867,1,MinCellVoltage[21],,uint16,M,R,CellV_SF,V,1
Repeating,5868,1,MinCellVoltageModule[21],,uint16,O,R,,,1
Repeating,5869,1,AverageCellVoltage[21],,uint16,M,R,CellV_SF,V,1
Repeating,5870,1,StrModTmpMax[21],,sint16,M,R,ModTmp_SF,C,1
Repeating,5871,1,StrModTmpMaxMod[21],,uint16,O,R,,,1
Repeating,5872,1,StrModTmpMin[21],,sint16,M,R,ModTmp_SF,C,1
Repeating,5873,1,StrModTmpMinMod[21],,uint16,O,R,,,1
Repeating,5874,1,StrModTmpAvg[21],,sint16,M,R,ModTmp_SF,C,1
Repeating,5875,1,DisabledReason[21],,enum16,O,R,,,1
Repeating,5876,2,ContactorStatus[21],,bitfield32,O,R,,,1
Repeating,5878,2,StringEvent1[21],,bitfield32,M,R,,,1
Repeating,5880,2,StringEvent2[21],,bitfield32,O,R,,,1
Repeating,5882,2,VendorStringEventBitfield1[21],,bitfield32,O,R,,,1
Repeating,5884,2,VendorStringEventBitfield2[21],,bitfield32,O,R,,,1
Repeating,5886,1,EnableDisableString[21],,enum16,O,RW,,,1
Repeating,5887,1,ConnectDisconnectString[21],,enum16,O,RW,,,1
Repeating,5888,1,Pad[21],,pad,M,R,,,1
Repeating,5889,1,Pad2[21],,pad,M,R,,,1
Repeating,5890,1,ModuleCount[22],,uint16,M,R,,,1
Repeating,5891,2,StringStatus[22],,bitfield32,M,R,,,1
Repeating,5893,1,ConnectionFailureReason[22],,enum16,O,R,,,1
Repeating,5894,1,StringStateofCharge[22],,uint16,M,R,SoC_SF,%,1
Repeating,5895,1,StringStateofHealth[22],,uint16,O,R,SoH_SF,%,1
Repeating,5896,1,StringCurrent[22],,sint16,M,R,A_SF,A,1
Repeating,5897,1,MaxCellVoltage[22],,uint16,M,R,CellV_SF,V,1
Repeating,5898,1,MaxCellVoltageModule[22],,uint16,O,R,,,1
Repeating,5899,1,MinCellVoltage[22],,uint16,M,R,CellV_SF,V,1
Repeating,5900,1,MinCellVoltageModule[22],,uint16,O,R,,,1
Repeating,5901,1,AverageCellVoltage[22],,uint16,M,R,CellV_SF,V,1
Repeating,5902,1,StrModTmpMax[22],,sint16,M,R,ModTmp_SF,C,1
Repeating,5903,1,StrModTmpMaxMod[22],,uint16,O,R,,,1
Repeating,5904,1,StrModTmpMin[22],,sint16,M,R,ModTmp_SF,C,1
Repeating,5905,1,StrModTmpMinMod[22],,uint16,O,R,,,1
Repeating,5906,1,StrModTmpAvg[22],,sint16,M,R,ModTmp_SF,C,1
Repeating,5907,1,DisabledReason[22],,enum16,O,R,,,1
Repeating,5908,2,ContactorStatus[22],,bitfield32,O,R,,,1
Repeating,5910,2,StringEvent1[22],,bitfield32,M,R,,,1
Repeating,5912,2,StringEvent2[22],,bitfield32,O,R,,,1
Repeating,5914,2,VendorStringEventBitfield1[22],,bitfield32,O,R,,,1
Repeating,5916,2,VendorStringEventBitfield2[22],,bitfield32,O,R,,,1
Repeating,5918,1,EnableDisableString[22],,enum16,O,RW,,,1
Repeating,5919,1,ConnectDisconnectString[22],,enum16,O,RW,,,1
Repeating,5920,1,Pad[22],,pad,M,R,,,1
Repeating,5921,1,Pad2[22],,pad,M,R,,,1
Repeating,5922,1,ModuleCount[23],,uint16,M,R,,,1
Repeating,5923,2,StringStatus[23],,bitfield32,M,R,,,1
Repeating,5925,1,ConnectionFailureReason[23],,enum16,O,R,,,1
Repeating,5926,1,StringStateofCharge[23],,uint16,M,R,SoC_SF,%,1
Repeating,5927,1,StringStateofHealth[23],,uint16,O,R,SoH_SF,%,1
Repeating,5928,1,StringCurrent[23],,sint16,M,R,A_SF,A,1
Repeating,5929,1,MaxCellVoltage[23],,uint16,M,R,CellV_SF,V,1
Repeating,5930,1,MaxCellVoltageModule[23],,uint16,O,R,,,1
Repeating,5931,1,MinCellVoltage[23],,uint16,M,R,CellV_SF,V,1
Repeating,5932,1,MinCellVoltageModule[23],,uint16,O,R,,,1
Repeating,5933,1,AverageCellVoltage[23],,uint16,M,R,CellV_SF,V,1
Repeating,5934,1,StrModTmpMax[23],,sint16,M,R,ModTmp_SF,C,1
Repeating,5935,1,StrModTmpMaxMod[23],,uint16,O,R,,,1
Repeating,5936,1,StrModTmpMin[23],,sint16,M,R,ModTmp_SF,C,1
Repeating,5937,1,StrModTmpMinMod[23],,uint16,O,R,,,1
Repeating,5938,1,StrModTmpAvg[23],,sint16,M,R,ModTmp_SF,C,1
Repeating,5939,1,DisabledReason[23],,enum16,O,R,,,1
Repeating,5940,2,ContactorStatus[23],,bitfield32,O,R,,,1
Repeating,5942,2,StringEvent1[23],,bitfield32,M,R,,,1
Repeating,5944,2,StringEvent2[23],,bitfield32,O,R,,,1
Repeating,5946,2,VendorStringEventBitfield1[23],,bitfield32,O,R,,,1
Repeating,5948,2,VendorStringEventBitfield2[23],,bitfield32,O,R,,,1
Repeating,5950,1,EnableDisableString[23],,enum16,O,RW,,,1
Repeating,5951,1,ConnectDisconnectString[23],,enum16,O,RW,,,1
Repeating,5952,1,Pad[23],,pad,M,R,,,1
Repeating,5953,1,Pad2[23],,pad,M,R,,,1
Repeating,5954,1,ModuleCount[24],,uint16,M,R,,,1
Repeating,5955,2,StringStatus[24],,bitfield32,M,R,,,1
Repeating,5957,1,ConnectionFailureReason[24],,enum16,O,R,,,1
Repeating,5958,1,StringStateofCharge[24],,uint16,M,R,SoC_SF,%,1
Repeating,5959,1,StringStateofHealth[24],,uint16,O,R,SoH_SF,%,1
Repeating,5960,1,StringCurrent[24],,sint16,M,R,A_SF,A,1
Repeating,5961,1,MaxCellVoltage[24],,uint16,M,R,CellV_SF,V,1
Repeating,5962,1,MaxCellVoltageModule[24],,uint16,O,R,,,1
Repeating,5963,1,MinCellVoltage[24],,uint16,M,R,CellV_SF,V,1
Repeating,5964,1,MinCellVoltageModule[24],,uint16,O,R,,,1
Repeating,5965,1,AverageCellVoltage[24],,uint16,M,R,CellV_SF,V,1
Repeating,5966,1,StrModTmpMax[24],,sint16,M,R,ModTmp_SF,C,1
Repeating,5967,1,StrModTmpMaxMod[24],,uint16,O,R,,,1
Repeating,5968,1,StrModTmpMin[24],,sint16,M,R,ModTmp_SF,C,1
Repeating,5969,1,StrModTmpMinMod[24],,uint16,O,R,,,1
Repeating,5970,1,StrModTmpAvg[24],,sint16,M,R,ModTmp_SF,C,1
Repeating,5971,1,DisabledReason[24],,enum16,O,R,,,1
Repeating,5972,2,ContactorStatus[24],,bitfield32,O,R,,,1
Repeating,5974,2,StringEvent1[24],,bitfield32,M,R,,,1
Repeating,5976,2,StringEvent2[24],,bitfield32,O,R,,,1
Repeating,5978,2,VendorStringEventBitfield1[24],,bitfield32,O,R,,,1
Repeating,5980,2,VendorStringEventBitfield2[24],,bitfield32,O,R,,,1
Repeating,5982,1,EnableDisableString[24],,enum16,O,RW,,,1
Repeating,5983,1,ConnectDisconnectString[24],,enum16,O,RW,,,1
Repeating,5984,1,Pad[24],,pad,M,R,,,1
Repeating,5985,1,Pad2[24],,pad,M,R,,,1
Repeating,5986,1,ModuleCount[25],,uint16,M,R,,,1
Repeating,5987,2,StringStatus[25],,bitfield32,M,R,,,1
Repeating,5989,1,ConnectionFailureReason[25],,enum16,O,R,,,1
Repeating,5990,1,StringStateofCharge[25],,uint16,M,R,SoC_SF,%,1
Repeating,5991,1,StringStateofHealth[25],,uint16,O,R,SoH_SF,%,1
Repeating,5992,1,StringCurrent[25],,sint16,M,R,A_SF,A,1
Repeating,5993,1,MaxCellVoltage[25],,uint16,M,R,CellV_SF,V,1
Repeating,5994,1,MaxCellVoltageModule[25],,uint16,O,R,,,1
Repeating,5995,1,MinCellVoltage[25],,uint16,M,R,CellV_SF,V,1
Repeating,5996,1,MinCellVoltageModule[25],,uint16,O,R,,,1
Repeating,5997,1,AverageCellVoltage[25],,uint16,M,R,CellV_SF,V,1
Repeating,5998,1,StrModTmpMax[25],,sint16,M,R,ModTmp_SF,C,1
Repeating,5999,1,StrModTmpMaxMod[25],,uint16,O,R,,,1
Repeating,6000,1,StrModTmpMin[25],,sint16,M,R,ModTmp_SF,C,1
Repeating,6001,1,StrModTmpMinMod[25],,uint16,O,R,,,1
Repeating,6002,1,StrModTmpAvg[25],,sint16,M,R,ModTmp_SF,C,1
Repeating,6003,1,DisabledReason[25],,enum16,O,R,,,1
Repeating,6004,2,ContactorStatus[25],,bitfield32,O,R,,,1
Repeating,6006,2,StringEvent1[25],,bitfield32,M,R,,,1
Repeating,6008,2,StringEvent2[25],,bitfield32,O,R,,,1
Repeating,6010,2,VendorStringEventBitfield1[25],,bitfield32,O,R,,,1
Repeating,6012,2,VendorStringEventBitfield2[25],,bitfield32,O,R,,,1
Repeating,6014,1,EnableDisableString[25],,enum16,O,RW,,,1
Repeating,6015,1,ConnectDisconnectString[25],,enum16,O,RW,,,1
Repeating,6016,1,Pad[25],,pad,M,R,,,1
Repeating,6017,1,Pad2[25],,pad,M,R,,,1
Repeating,6018,1,ModuleCount[26],,uint16,M,R,,,1
Repeating,6019,2,StringStatus[26],,bitfield32,M,R,,,1
Repeating,6021,1,ConnectionFailureReason[26],,enum16,O,R,,,1
Repeating,6022,1,StringStateofCharge[26],,uint16,M,R,SoC_SF,%,1
Repeating,6023,1,StringStateofHealth[26],,uint16,O,R,SoH_SF,%,1
Repeating,6024,1,StringCurrent[26],,sint16,M,R,A_SF,A,1
Repeating,6025,1,MaxCellVoltage[26],,uint16,M,R,CellV_SF,V,1
Repeating,6026,1,MaxCellVoltageModule[26],,uint16,O,R,,,1
Repeating,6027,1,MinCellVoltage[26],,uint16,M,R,CellV_SF,V,1
Repeating,6028,1,MinCellVoltageModule[26],,uint16,O,R,,,1
Repeating,6029,1,AverageCellVoltage[26],,uint16,M,R,CellV_SF,V,1
Repeating,6030,1,StrModTmpMax[26],,sint16,M,R,ModTmp_SF,C,1
Repeating,6031,1,StrModTmpMaxMod[26],,uint16,O,R,,,1
Repeating,6032,1,StrModTmpMin[26],,sint16,M,R,ModTmp_SF,C,1
Repeating,6033,1,StrModTmpMinMod[26],,uint16,O,R,,,1
Repeating,6034,1,StrModTmpAvg[26],,sint16,M,R,ModTmp_SF,C,1
Repeating,6035,1,DisabledReason[26],,enum16,O,R,,,1
Repeating,6036,2,ContactorStatus[26],,bitfield32,O,R,,,1
Repeating,6038,2,StringEvent1[26],,bitfield32,M,R,,,1
Repeating,6040,2,StringEvent2[26],,bitfield32,O,R,,,1
Repeating,6042,2,VendorStringEventBitfield1[26],,bitfield32,O,R,,,1
Repeating,6044,2,VendorStringEventBitfield2[26],,bitfield32,O,R,,,1
Repeating,6046,1,EnableDisableString[26],,enum16,O,RW,,,1
Repeating,6047,1,ConnectDisconnectString[26],,enum16,O,RW,,,1
Repeating,6048,1,Pad[26],,pad,M,R,,,1
Repeating,6049,1,Pad2[26],,pad,M,R,,,1
Repeating,6050,1,ModuleCount[27],,uint16,M,R,,,1
Repeating,6051,2,StringStatus[27],,bitfield32,M,R,,,1
Repeating,6053,1,ConnectionFailureReason[27],,enum16,O,R,,,1
Repeating,6054,1,StringStateofCharge[27],,uint16,M,R,SoC_SF,%,1
Repeating,6055,1,StringStateofHealth[27],,uint16,O,R,SoH_SF,%,1
Repeating,6056,1,StringCurrent[27],,sint16,M,R,A_SF,A,1
Repeating,6057,1,MaxCellVoltage[27],,uint16,M,R,CellV_SF,V,1
Repeating,6058,1,MaxCellVoltageModule[27],,uint16,O,R,,,1
Repeating,6059,1,MinCellVoltage[27],,uint16,M,R,CellV_SF,V,1
Repeating,6060,1,MinCellVoltageModule[27],,uint16,O,R,,,1
Repeating,6061,1,AverageCellVoltage[27],,uint16,M,R,CellV_SF,V,1
Repeating,6062,1,StrModTmpMax[27],,sint16,M,R,ModTmp_SF,C,1
Repeating,6063,1,StrModTmpMaxMod[27],,uint16,O,R,,,1
Repeating,6064,1,StrModTmpMin[27],,sint16,M,R,ModTmp_SF,C,1
Repeating,6065,1,StrModTmpMinMod[27],,uint16,O,R,,,1
Repeating,6066,1,StrModTmpAvg[27],,sint16,M,R,ModTmp_SF,C,1
Repeating,6067,1,DisabledReason[27],,enum16,O,R,,,1
Repeating,6068,2,ContactorStatus[27],,bitfield32,O,R,,,1
Repeating,6070,2,StringEvent1[27],,bitfield32,M,R,,,1
Repeating,6072,2,StringEvent2[27],,bitfield32,O,R,,,1
Repeating,6074,2,VendorStringEventBitfield1[27],,bitfield32,O,R,,,1
Repeating,6076,2,VendorStringEventBitfield2[27],,bitfield32,O,R,,,1
Repeating,6078,1,EnableDisableString[27],,enum16,O,RW,,,1
Repeating,6079,1,ConnectDisconnectString[27],,enum16,O,RW,,,1
Repeating,6080,1,Pad[27],,pad,M,R,,,1
Repeating,6081,1,Pad2[27],,pad,M,R,,,1
Repeating,6082,1,ModuleCount[28],,uint16,M,R,,,1
Repeating,6083,2,StringStatus[28],,bitfield32,M,R,,,1
Repeating,6085,1,ConnectionFailureReason[28],,enum16,O,R,,,1
Repeating,6086,1,StringStateofCharge[28],,uint16,M,R,SoC_SF,%,1
Repeating,6087,1,StringStateofHealth[28],,uint16,O,R,SoH_SF,%,1
Repeating,6088,1,StringCurrent[28],,sint16,M,R,A_SF,A,1
Repeating,6089,1,MaxCellVoltage[28],,uint16,M,R,CellV_SF,V,1
Repeating,6090,1,MaxCellVoltageModule[28],,uint16,O,R,,,1
Repeating,6091,1,MinCellVoltage[28],,uint16,M,R,CellV_SF,V,1
Repeating,6092,1,MinCellVoltageModule[28],,uint16,O,R,,,1
Repeating,6093,1,AverageCellVoltage[28],,uint16,M,R,CellV_SF,V,1
Repeating,6094,1,StrModTmpMax[28],,sint16,M,R,ModTmp_SF,C,1
Repeating,6095,1,StrModTmpMaxMod[28],,uint16,O,R,,,1
Repeating,6096,1,StrModTmpMin[28],,sint16,M,R,ModTmp_SF,C,1
Repeating,6097,1,StrModTmpMinMod[28],,uint16,O,R,,,1
Repeating,6098,1,StrModTmpAvg[28],,sint16,M,R,ModTmp_SF,C,1
Repeating,6099,1,DisabledReason[28],,enum16,O,R,,,1
Repeating,6100,2,ContactorStatus[28],,bitfield32,O,R,,,1
Repeating,6102,2,StringEvent1[28],,bitfield32,M,R,,,1
Repeating,6104,2,StringEvent2[28],,bitfield32,O,R,,,1
Repeating,6106,2,VendorStringEventBitfield1[28],,bitfield32,O,R,,,1
Repeating,6108,2,VendorStringEventBitfield2[28],,bitfield32,O,R,,,1
Repeating,6110,1,EnableDisableString[28],,enum16,O,RW,,,1
Repeating,6111,1,ConnectDisconnectString[28],,enum16,O,RW,,,1
Repeating,6112,1,Pad[28],,pad,M,R,,,1
Repeating,6113,1,Pad2[28],,pad,M,R,,,1
Repeating,6114,1,ModuleCount[29],,uint16,M,R,,,1
Repeating,6115,2,StringStatus[29],,bitfield32,M,R,,,1
Repeating,6117,1,ConnectionFailureReason[29],,enum16,O,R,,,1
Repeating,6118,1,StringStateofCharge[29],,uint16,M,R,SoC_SF,%,1
Repeating,6119,1,StringStateofHealth[29],,uint16,O,R,SoH_SF,%,1
Repeating,6120,1,StringCurrent[29],,sint16,M,R,A_SF,A,1
Repeating,6121,1,MaxCellVoltage[29],,uint16,M,R,CellV_SF,V,1
Repeating,6122,1,MaxCellVoltageModule[29],,uint16,O,R,,,1
Repeating,6123,1,MinCellVoltage[29],,uint16,M,R,CellV_SF,V,1
Repeating,6124,1,MinCellVoltageModule[29],,uint16,O,R,,,1
Repeating,6125,1,AverageCellVoltage[29],,uint16,M,R,CellV_SF,V,1
Repeating,6126,1,StrModTmpMax[29],,sint16,M,R,ModTmp_SF,C,1
Repeating,6127,1,StrModTmpMaxMod[29],,uint16,O,R,,,1
Repeating,6128,1,StrModTmpMin[29],,sint16,M,R,ModTmp_SF,C,1
Repeating,6129,1,StrModTmpMinMod[29],,uint16,O,R,,,1
Repeating,6130,1,StrModTmpAvg[29],,sint16,M,R,ModTmp_SF,C,1
Repeating,6131,1,DisabledReason[29],,enum16,O,R,,,1
Repeating,6132,2,ContactorStatus[29],,bitfield32,O,R,,,1
Repeating,6134,2,StringEvent1[29],,bitfield32,M,R,,,1
Repeating,6136,2,StringEvent2[29],,bitfield32,O,R,,,1
Repeating,6138,2,VendorStringEventBitfield1[29],,bitfield32,O,R,,,1
Repeating,6140,2,VendorStringEventBitfield2[29],,bitfield32,O,R,,,1
Repeating,6142,1,EnableDisableString[29],,enum16,O,RW,,,1
Repeating,6143,1,ConnectDisconnectString[29],,enum16,O,RW,,,1
Repeating,6144,1,Pad[29],,pad,M,R,,,1
Repeating,6145,1,Pad2[29],,pad,M,R,,,1
Repeating,6146,1,ModuleCount[30],,uint16,M,R,,,1
Repeating,6147,2,StringStatus[30],,bitfield32,M,R,,,1
Repeating,6149,1,ConnectionFailureReason[30],,enum16,O,R,,,1
Repeating,6150,1,StringStateofCharge[30],,uint16,M,R,SoC_SF,%,1
Repeating,6151,1,StringStateofHealth[30],,uint16,O,R,SoH_SF,%,1
Repeating,6152,1,StringCurrent[30],,sint16,M,R,A_SF,A,1
Repeating,6153,1,MaxCellVoltage[30],,uint16,M,R,CellV_SF,V,1
Repeating,6154,1,MaxCellVoltageModule[30],,uint16,O,R,,,1
Repeating,6155,1,MinCellVoltage[30],,uint16,M,R,CellV_SF,V,1
Repeating,6156,1,MinCellVoltageModule[30],,uint16,O,R,,,1
Repeating,6157,1,AverageCellVoltage[30],,uint16,M,R,CellV_SF,V,1
Repeating,6158,1,StrModTmpMax[30],,sint16,M,R,ModTmp_SF,C,1
Repeating,6159,1,StrModTmpMaxMod[30],,uint16,O,R,,,1
Repeating,6160,1,StrModTmpMin[30],,sint16,M,R,ModTmp_SF,C,1
Repeating,6161,1,StrModTmpMinMod[30],,uint16,O,R,,,1
Repeating,6162,1,StrModTmpAvg[30],,sint16,M,R,ModTmp_SF,C,1
Repeating,6163,1,DisabledReason[30],,enum16,O,R,,,1
Repeating,6164,2,ContactorStatus[30],,bitfield32,O,R,,,1
Repeating,6166,2,StringEvent1[30],,bitfield32,M,R,,,1
Repeating,6168,2,StringEvent2[30],,bitfield32,O,R,,,1
Repeating,6170,2,VendorStringEventBitfield1[30],,bitfield32,O,R,,,1
Repeating,6172,2,VendorStringEventBitfield2[30],,bitfield32,O,R,,,1
Repeating,6174,1,EnableDisableString[30],,enum16,O,RW,,,1
Repeating,6175,1,ConnectDisconnectString[30],,enum16,O,RW,,,1
Repeating,6176,1,Pad[30],,pad,M,R,,,1
Repeating,6177,1,Pad2[30],,pad,M,R,,,1
Repeating,6178,1,ModuleCount[31],,uint16,M,R,,,1
Repeating,6179,2,StringStatus[31],,bitfield32,M,R,,,1
Repeating,6181,1,ConnectionFailureReason[31],,enum16,O,R,,,1
Repeating,6182,1,StringStateofCharge[31],,uint16,M,R,SoC_SF,%,1
Repeating,6183,1,StringStateofHealth[31],,uint16,O,R,SoH_SF,%,1
Repeating,6184,1,StringCurrent[31],,sint16,M,R,A_SF,A,1
Repeating,6185,1,MaxCellVoltage[31],,uint16,M,R,CellV_SF,V,1
Repeating,6186,1,MaxCellVoltageModule[31],,uint16,O,R,,,1
Repeating,6187,1,MinCellVoltage[31],,uint16,M,R,CellV_SF,V,1
Repeating,6188,1,MinCellVoltageModule[31],,uint16,O,R,,,1
Repeating,6189,1,AverageCellVoltage[31],,uint16,M,R,CellV_SF,V,1
Repeating,6190,1,StrModTmpMax[31],,sint16,M,R,ModTmp_SF,C,1
Repeating,6191,1,StrModTmpMaxMod[31],,uint16,O,R,,,1
Repeating,6192,1,StrModTmpMin[31],,sint16,M,R,ModTmp_SF,C,1
Repeating,6193,1,StrModTmpMinMod[31],,uint16,O,R,,,1
Repeating,6194,1,StrModTmpAvg[31],,sint16,M,R,ModTmp_SF,C,1
Repeating,6195,1,DisabledReason[31],,enum16,O,R,,,1
Repeating,6196,2,ContactorStatus[31],,bitfield32,O,R,,,1
Repeating,6198,2,StringEvent1[31],,bitfield32,M,R,,,1
Repeating,6200,2,StringEvent2[31],,bitfield32,O,R,,,1
Repeating,6202,2,VendorStringEventBitfield1[31],,bitfield32,O,R,,,1
Repeating,6204,2,VendorStringEventBitfield2[31],,bitfield32,O,R,,,1
Repeating,6206,1,EnableDisableString[31],,enum16,O,RW,,,1
Repeating,6207,1,ConnectDisconnectString[31],,enum16,O,RW,,,1
Repeating,6208,1,Pad[31],,pad,M,R,,,1
Repeating,6209,1,Pad2[31],,pad,M,R,,,1
Repeating,6210,1,ModuleCount[32],,uint16,M,R,,,1
Repeating,6211,2,StringStatus[32],,bitfield32,M,R,,,1
Repeating,6213,1,ConnectionFailureReason[32],,enum16,O,R,,,1
Repeating,6214,1,StringStateofCharge[32],,uint16,M,R,SoC_SF,%,1
Repeating,6215,1,StringStateofHealth[32],,uint16,O,R,SoH_SF,%,1
Repeating,6216,1,StringCurrent[32],,sint16,M,R,A_SF,A,1
Repeating,6217,1,MaxCellVoltage[32],,uint16,M,R,CellV_SF,V,1
Repeating,6218,1,MaxCellVoltageModule[32],,uint16,O,R,,,1
Repeating,6219,1,MinCellVoltage[32],,uint16,M,R,CellV_SF,V,1
Repeating,6220,1,MinCellVoltageModule[32],,uint16,O,R,,,1
Repeating,6221,1,AverageCellVoltage[32],,uint16,M,R,CellV_SF,V,1
Repeating,6222,1,StrModTmpMax[32],,sint16,M,R,ModTmp_SF,C,1
Repeating,6223,1,StrModTmpMaxMod[32],,uint16,O,R,,,1
Repeating,6224,1,StrModTmpMin[32],,sint16,M,R,ModTmp_SF,C,1
Repeating,6225,1,StrModTmpMinMod[32],,uint16,O,R,,,1
Repeating,6226,1,StrModTmpAvg[32],,sint16,M,R,ModTmp_SF,C,1
Repeating,6227,1,DisabledReason[32],,enum16,O,R,,,1
Repeating,6228,2,ContactorStatus[32],,bitfield32,O,R,,,1
Repeating,6230,2,StringEvent1[32],,bitfield32,M,R,,,1
Repeating,6232,2,StringEvent2[32],,bitfield32,O,R,,,1
Repeating,6234,2,VendorStringEventBitfield1[32],,bitfield32,O,R,,,1
Repeating,6236,2,VendorStringEventBitfield2[32],,bitfield32,O,R,,,1
Repeating,6238,1,EnableDisableString[32],,enum16,O,RW,,,1
Repeating,6239,1,ConnectDisconnectString[32],,enum16,O,RW,,,1
Repeating,6240,1,Pad[32],,pad,M,R,,,1
Repeating,6241,1,Pad2[32],,pad,M,R,,,1
Repeating,6242,1,ModuleCount[33],,uint16,M,R,,,1
Repeating,6243,2,StringStatus[33],,bitfield32,M,R,,,1
Repeating,6245,1,ConnectionFailureReason[33],,enum16,O,R,,,1
Repeating,6246,1,StringStateofCharge[33],,uint16,M,R,SoC_SF,%,1
Repeating,6247,1,StringStateofHealth[33],,uint16,O,R,SoH_SF,%,1
Repeating,6248,1,StringCurrent[33],,sint16,M,R,A_SF,A,1
Repeating,6249,1,MaxCellVoltage[33],,uint16,M,R,CellV_SF,V,1
Repeating,6250,1,MaxCellVoltageModule[33],,uint16,O,R,,,1
Repeating,6251,1,MinCellVoltage[33],,uint16,M,R,CellV_SF,V,1
Repeating,6252,1,MinCellVoltageModule[33],,uint16,O,R,,,1
Repeating,6253,1,AverageCellVoltage[33],,uint16,M,R,CellV_SF,V,1
Repeating,6254,1,StrModTmpMax[33],,sint16,M,R,ModTmp_SF,C,1
Repeating,6255,1,StrModTmpMaxMod[33],,uint16,O,R,,,1
Repeating,6256,1,StrModTmpMin[33],,sint16,M,R,ModTmp_SF,C,1
Repeating,6257,1,StrModTmpMinMod[33],,uint16,O,R,,,1
Repeating,6258,1,StrModTmpAvg[33],,sint16,M,R,ModTmp_SF,C,1
Repeating,6259,1,DisabledReason[33],,enum16,O,R,,,1
Repeating,6260,2,ContactorStatus[33],,bitfield32,O,R,,,1
Repeating,6262,2,StringEvent1[33],,bitfield32,M,R,,,1
Repeating,6264,2,StringEvent2[33],,bitfield32,O,R,,,1
Repeating,6266,2,VendorStringEventBitfield1[33],,bitfield32,O,R,,,1
Repeating,6268,2,VendorStringEventBitfield2[33],,bitfield32,O,R,,,1
Repeating,6270,1,EnableDisableString[33],,enum16,O,RW,,,1
Repeating,6271,1,ConnectDisconnectString[33],,enum16,O,RW,,,1
Repeating,6272,1,Pad[33],,pad,M,R,,,1
Repeating,6273,1,Pad2[33],,pad,M,R,,,1
Repeating,6274,1,ModuleCount[34],,uint16,M,R,,,1
Repeating,6275,2,StringStatus[34],,bitfield32,M,R,,,1
Repeating,6277,1,ConnectionFailureReason[34],,enum16,O,R,,,1
Repeating,6278,1,StringStateofCharge[34],,uint16,M,R,SoC_SF,%,1
Repeating,6279,1,StringStateofHealth[34],,uint16,O,R,SoH_SF,%,1
Repeating,6280,1,StringCurrent[34],,sint16,M,R,A_SF,A,1
Repeating,6281,1,MaxCellVoltage[34],,uint16,M,R,CellV_SF,V,1
Repeating,6282,1,MaxCellVoltageModule[34],,uint16,O,R,,,1
Repeating,6283,1,MinCellVoltage[34],,uint16,M,R,CellV_SF,V,1
Repeating,6284,1,MinCellVoltageModule[34],,uint16,O,R,,,1
Repeating,6285,1,AverageCellVoltage[34],,uint16,M,R,CellV_SF,V,1
Repeating,6286,1,StrModTmpMax[34],,sint16,M,R,ModTmp_SF,C,1
Repeating,6287,1,StrModTmpMaxMod[34],,uint16,O,R,,,1
Repeating,6288,1,StrModTmpMin[34],,sint16,M,R,ModTmp_SF,C,1
Repeating,6289,1,StrModTmpMinMod[34],,uint16,O,R,,,1
Repeating,6290,1,StrModTmpAvg[34],,sint16,M,R,ModTmp_SF,C,1
Repeating,6291,1,DisabledReason[34],,enum16,O,R,,,1
Repeating,6292,2,ContactorStatus[34],,bitfield32,O,R,,,1
Repeating,6294,2,StringEvent1[34],,bitfield32,M,R,,,1
Repeating,6296,2,StringEvent2[34],,bitfield32,O,R,,,1
Repeating,6298,2,VendorStringEventBitfield1[34],,bitfield32,O,R,,,1
Repeating,6300,2,VendorStringEventBitfield2[34],,bitfield32,O,R,,,1
Repeating,6302,1,EnableDisableString[34],,enum16,O,RW,,,1
Repeating,6303,1,ConnectDisconnectString[34],,enum16,O,RW,,,1
Repeating,6304,1,Pad[34],,pad,M,R,,,1
Repeating,6305,1,Pad2[34],,pad,M,R,,,1
Repeating,6306,1,ModuleCount[35],,uint16,M,R,,,1
Repeating,6307,2,StringStatus[35],,bitfield32,M,R,,,1
Repeating,6309,1,ConnectionFailureReason[35],,enum16,O,R,,,1
Repeating,6310,1,StringStateofCharge[35],,uint16,M,R,SoC_SF,%,1
Repeating,6311,1,StringStateofHealth[35],,uint16,O,R,SoH_SF,%,1
Repeating,6312,1,StringCurrent[35],,sint16,M,R,A_SF,A,1
Repeating,6313,1,MaxCellVoltage[35],,uint16,M,R,CellV_SF,V,1
Repeating,6314,1,MaxCellVoltageModule[35],,uint16,O,R,,,1
Repeating,6315,1,MinCellVoltage[35],,uint16,M,R,CellV_SF,V,1
Repeating,6316,1,MinCellVoltageModule[35],,uint16,O,R,,,1
Repeating,6317,1,AverageCellVoltage[35],,uint16,M,R,CellV_SF,V,1
Repeating,6318,1,StrModTmpMax[35],,sint16,M,R,ModTmp_SF,C,1
Repeating,6319,1,StrModTmpMaxMod[35],,uint16,O,R,,,1
Repeating,6320,1,StrModTmpMin[35],,sint16,M,R,ModTmp_SF,C,1
Repeating,6321,1,StrModTmpMinMod[35],,uint16,O,R,,,1
Repeating,6322,1,StrModTmpAvg[35],,sint16,M,R,ModTmp_SF,C,1
Repeating,6323,1,DisabledReason[35],,enum16,O,R,,,1
Repeating,6324,2,ContactorStatus[35],,bitfield32,O,R,,,1
Repeating,6326,2,StringEvent1[35],,bitfield32,M,R,,,1
Repeating,6328,2,StringEvent2[35],,bitfield32,O,R,,,1
Repeating,6330,2,VendorStringEventBitfield1[35],,bitfield32,O,R,,,1
Repeating,6332,2,VendorStringEventBitfield2[35],,bitfield32,O,R,,,1
Repeating,6334,1,EnableDisableString[35],,enum16,O,RW,,,1
Repeating,6335,1,ConnectDisconnectString[35],,enum16,O,RW,,,1
Repeating,6336,1,Pad[35],,pad,M,R,,,1
Repeating,6337,1,Pad2[35],,pad,M,R,,,1
Repeating,6338,1,ModuleCount[36],,uint16,M,R,,,1
Repeating,6339,2,StringStatus[36],,bitfield32,M,R,,,1
Repeating,6341,1,ConnectionFailureReason[36],,enum16,O,R,,,1
Repeating,6342,1,StringStateofCharge[36],,uint16,M,R,SoC_SF,%,1
Repeating,6343,1,StringStateofHealth[36],,uint16,O,R,SoH_SF,%,1
Repeating,6344,1,StringCurrent[36],,sint16,M,R,A_SF,A,1
Repeating,6345,1,MaxCellVoltage[36],,uint16,M,R,CellV_SF,V,1
Repeating,6346,1,MaxCellVoltageModule[36],,uint16,O,R,,,1
Repeating,6347,1,MinCellVoltage[36],,uint16,M,R,CellV_SF,V,1
Repeating,6348,1,MinCellVoltageModule[36],,uint16,O,R,,,1
Repeating,6349,1,AverageCellVoltage[36],,uint16,M,R,CellV_SF,V,1
Repeating,6350,1,StrModTmpMax[36],,sint16,M,R,ModTmp_SF,C,1
Repeating,6351,1,StrModTmpMaxMod[36],,uint16,O,R,,,1
Repeating,6352,1,StrModTmpMin[36],,sint16,M,R,ModTmp_SF,C,1
Repeating,6353,1,StrModTmpMinMod[36],,uint16,O,R,,,1
Repeating,6354,1,StrModTmpAvg[36],,sint16,M,R,ModTmp_SF,C,1
Repeating,6355,1,DisabledReason[36],,enum16,O,R,,,1
Repeating,6356,2,ContactorStatus[36],,bitfield32,O,R,,,1
Repeating,6358,2,StringEvent1[36],,bitfield32,M,R,,,1
Repeating,6360,2,StringEvent2[36],,bitfield32,O,R,,,1
Repeating,6362,2,VendorStringEventBitfield1[36],,bitfield32,O,R,,,1
Repeating,6364,2,VendorStringEventBitfield2[36],,bitfield32,O,R,,,1
Repeating,6366,1,EnableDisableString[36],,enum16,O,RW,,,1
Repeating,6367,1,ConnectDisconnectString[36],,enum16,O,RW,,,1
Repeating,6368,1,Pad[36],,pad,M,R,,,1
Repeating,6369,1,Pad2[36],,pad,M,R,,,1
Repeating,6370,1,ModuleCount[37],,uint16,M,R,,,1
Repeating,6371,2,StringStatus[37],,bitfield32,M,R,,,1
Repeating,6373,1,ConnectionFailureReason[37],,enum16,O,R,,,1
Repeating,6374,1,StringStateofCharge[37],,uint16,M,R,SoC_SF,%,1
Repeating,6375,1,StringStateofHealth[37],,uint16,O,R,SoH_SF,%,1
Repeating,6376,1,StringCurrent[37],,sint16,M,R,A_SF,A,1
Repeating,6377,1,MaxCellVoltage[37],,uint16,M,R,CellV_SF,V,1
Repeating,6378,1,MaxCellVoltageModule[37],,uint16,O,R,,,1
Repeating,6379,1,MinCellVoltage[37],,uint16,M,R,CellV_SF,V,1
Repeating,6380,1,MinCellVoltageModule[37],,uint16,O,R,,,1
Repeating,6381,1,AverageCellVoltage[37],,uint16,M,R,CellV_SF,V,1
Repeating,6382,1,StrModTmpMax[37],,sint16,M,R,ModTmp_SF,C,1
Repeating,6383,1,StrModTmpMaxMod[37],,uint16,O,R,,,1
Repeating,6384,1,StrModTmpMin[37],,sint16,M,R,ModTmp_SF,C,1
Repeating,6385,1,StrModTmpMinMod[37],,uint16,O,R,,,1
Repeating,6386,1,StrModTmpAvg[37],,sint16,M,R,ModTmp_SF,C,1
Repeating,6387,1,DisabledReason[37],,enum16,O,R,,,1
Repeating,6388,2,ContactorStatus[37],,bitfield32,O,R,,,1
Repeating,6390,2,StringEvent1[37],,bitfield32,M,R,,,1
Repeating,6392,2,StringEvent2[37],,bitfield32,O,R,,,1
Repeating,6394,2,VendorStringEventBitfield1[37],,bitfield32,O,R,,,1
Repeating,6396,2,VendorStringEventBitfield2[37],,bitfield32,O,R,,,1
Repeating,6398,1,EnableDisableString[37],,enum16,O,RW,,,1
Repeating,6399,1,ConnectDisconnectString[37],,enum16,O,RW,,,1
Repeating,6400,1,Pad[37],,pad,M,R,,,1
Repeating,6401,1,Pad2[37],,pad,M,R,,,1
Repeating,6402,1,ModuleCount[38],,uint16,M,R,,,1
Repeating,6403,2,StringStatus[38],,bitfield32,M,R,,,1
Repeating,6405,1,ConnectionFailureReason[38],,enum16,O,R,,,1
Repeating,6406,1,StringStateofCharge[38],,uint16,M,R,SoC_SF,%,1
Repeating,6407,1,StringStateofHealth[38],,uint16,O,R,SoH_SF,%,1
Repeating,6408,1,StringCurrent[38],,sint16,M,R,A_SF,A,1
Repeating,6409,1,MaxCellVoltage[38],,uint16,M,R,CellV_SF,V,1
Repeating,6410,1,MaxCellVoltageModule[38],,uint16,O,R,,,1
Repeating,6411,1,MinCellVoltage[38],,uint16,M,R,CellV_SF,V,1
Repeating,6412,1,MinCellVoltageModule[38],,uint16,O,R,,,1
Repeating,6413,1,AverageCellVoltage[38],,uint16,M,R,CellV_SF,V,1
Repeating,6414,1,StrModTmpMax[38],,sint16,M,R,ModTmp_SF,C,1
Repeating,6415,1,StrModTmpMaxMod[38],,uint16,O,R,,,1
Repeating,6416,1,StrModTmpMin[38],,sint16,M,R,ModTmp_SF,C,1
Repeating,6417,1,StrModTmpMinMod[38],,uint16,O,R,,,1
Repeating,6418,1,StrModTmpAvg[38],,sint16,M,R,ModTmp_SF,C,1
Repeating,6419,1,DisabledReason[38],,enum16,O,R,,,1
Repeating,6420,2,ContactorStatus[38],,bitfield32,O,R,,,1
Repeating,6422,2,StringEvent1[38],,bitfield32,M,R,,,1
Repeating,6424,2,StringEvent2[38],,bitfield32,O,R,,,1
Repeating,6426,2,VendorStringEventBitfield1[38],,bitfield32,O,R,,,1
Repeating,6428,2,VendorStringEventBitfield2[38],,bitfield32,O,R,,,1
Repeating,6430,1,EnableDisableString[38],,enum16,O,RW,,,1
Repeating,6431,1,ConnectDisconnectString[38],,enum16,O,RW,,,1
Repeating,6432,1,Pad[38],,pad,M,R,,,1
Repeating,6433,1,Pad2[38],,pad,M,R,,,1
Repeating,6434,1,ModuleCount[39],,uint16,M,R,,,1
Repeating,6435,2,StringStatus[39],,bitfield32,M,R,,,1
Repeating,6437,1,ConnectionFailureReason[39],,enum16,O,R,,,1
Repeating,6438,1,StringStateofCharge[39],,uint16,M,R,SoC_SF,%,1
Repeating,6439,1,StringStateofHealth[39],,uint16,O,R,SoH_SF,%,1
Repeating,6440,1,StringCurrent[39],,sint16,M,R,A_SF,A,1
Repeating,6441,1,MaxCellVoltage[39],,uint16,M,R,CellV_SF,V,1
Repeating,6442,1,MaxCellVoltageModule[39],,uint16,O,R,,,1
Repeating,6443,1,MinCellVoltage[39],,uint16,M,R,CellV_SF,V,1
Repeating,6444,1,MinCellVoltageModule[39],,uint16,O,R,,,1
Repeating,6445,1,AverageCellVoltage[39],,uint16,M,R,CellV_SF,V,1
Repeating,6446,1,StrModTmpMax[39],,sint16,M,R,ModTmp_SF,C,1
Repeating,6447,1,StrModTmpMaxMod[39],,uint16,O,R,,,1
Repeating,6448,1,StrModTmpMin[39],,sint16,M,R,ModTmp_SF,C,1
Repeating,6449,1,StrModTmpMinMod[39],,uint16,O,R,,,1
Repeating,6450,1,StrModTmpAvg[39],,sint16,M,R,ModTmp_SF,C,1
Repeating,6451,1,DisabledReason[39],,enum16,O,R,,,1
Repeating,6452,2,ContactorStatus[39],,bitfield32,O,R,,,1
Repeating,6454,2,StringEvent1[39],,bitfield32,M,R,,,1
Repeating,6456,2,StringEvent2[39],,bitfield32,O,R,,,1
Repeating,6458,2,VendorStringEventBitfield1[39],,bitfield32,O,R,,,1
Repeating,6460,2,VendorStringEventBitfield2[39],,bitfield32,O,R,,,1
Repeating,6462,1,EnableDisableString[39],,enum16,O,RW,,,1
Repeating,6463,1,ConnectDisconnectString[39],,enum16,O,RW,,,1
Repeating,6464,1,Pad[39],,pad,M,R,,,1
Repeating,6465,1,Pad2[39],,pad,M,R,,,1
Repeating,6466,1,ModuleCount[40],,uint16,M,R,,,1
Repeating,6467,2,StringStatus[40],,bitfield32,M,R,,,1
Repeating,6469,1,ConnectionFailureReason[40],,enum16,O,R,,,1
Repeating,6470,1,StringStateofCharge[40],,uint16,M,R,SoC_SF,%,1
Repeating,6471,1,StringStateofHealth[40],,uint16,O,R,SoH_SF,%,1
Repeating,6472,1,StringCurrent[40],,sint16,M,R,A_SF,A,1
Repeating,6473,1,MaxCellVoltage[40],,uint16,M,R,CellV_SF,V,1
Repeating,6474,1,MaxCellVoltageModule[40],,uint16,O,R,,,1
Repeating,6475,1,MinCellVoltage[40],,uint16,M,R,CellV_SF,V,1
Repeating,6476,1,MinCellVoltageModule[40],,uint16,O,R,,,1
Repeating,6477,1,AverageCellVoltage[40],,uint16,M,R,CellV_SF,V,1
Repeating,6478,1,StrModTmpMax[40],,sint16,M,R,ModTmp_SF,C,1
Repeating,6479,1,StrModTmpMaxMod[40],,uint16,O,R,,,1
Repeating,6480,1,StrModTmpMin[40],,sint16,M,R,ModTmp_SF,C,1
Repeating,6481,1,StrModTmpMinMod[40],,uint16,O,R,,,1
Repeating,6482,1,StrModTmpAvg[40],,sint16,M,R,ModTmp_SF,C,1
Repeating,6483,1,DisabledReason[40],,enum16,O,R,,,1
Repeating,6484,2,ContactorStatus[40],,bitfield32,O,R,,,1
Repeating,6486,2,StringEvent1[40],,bitfield32,M,R,,,1
Repeating,6488,2,StringEvent2[40],,bitfield32,O,R,,,1
Repeating,6490,2,VendorStringEventBitfield1[40],,bitfield32,O,R,,,1
Repeating,6492,2,VendorStringEventBitfield2[40],,bitfield32,O,R,,,1
Repeating,6494,1,EnableDisableString[40],,enum16,O,RW,,,1
Repeating,6495,1,ConnectDisconnectString[40],,enum16,O,RW,,,1
Repeating,6496,1,Pad[40],,pad,M,R,,,1
Repeating,6497,1,Pad2[40],,pad,M,R,,,1
Header,6498,1,"ID ""LithiumIonBatteryBankModel""",803,uint16,M,R,,,1
Header,6499,1,Length,1306,uint16,M,R,,,1
Fixed,6500,1,StringCount,,uint16,M,R,,,1
Fixed,6501,1,ConnectedStringCount,,uint16,M,R,,,1
Fixed,6502,1,MaxModuleTemperature,,sint16,M,R,ModTmp_SF,,1
Fixed,6503,1,MaxModuleTemperatureString,,uint16,O,R,,,1
Fixed,6504,1,MaxModuleTemperatureModule,,uint16,O,R,,,1
Fixed,6505,1,MinModuleTemperature,,sint16,M,R,ModTmp_SF,C,1
Fixed,6506,1,MinModuleTemperatureString,,uint16,O,R,,,1
Fixed,6507,1,MinModuleTemperatureModule,,uint16,O,R,,,1
Fixed,6508,1,AverageModuleTemperature,,sint16,O,R,ModTmp_SF,C,1
Fixed,6509,1,MaxStringVoltage,,uint16,O,R,V_SF,V,1
Fixed,6510,1,MaxStringVoltageString,,uint16,O,R,,,1
Fixed,6511,1,MinStringVoltage,,uint16,O,R,V_SF,V,1
Fixed,6512,1,MinStringVoltageString,,uint16,O,R,,,1
Fixed,6513,1,AverageStringVoltage,,uint16,O,R,V_SF,V,1
Fixed,6514,1,MaxStringCurrent,,sint16,O,R,A_SF,A,1
Fixed,6515,1,MaxStringCurrentString,,uint16,O,R,,,1
Fixed,6516,1,MinStringCurrent,,sint16,O,R,A_SF,A,1
Fixed,6517,1,MinStringCurrentString,,uint16,O,R,,,1
Fixed,6518,1,AverageStringCurrent,,sint16,O,R,A_SF,A,1
Fixed,6519,1,BatteryCellBalancingCount,,uint16,O,R,,,1
Fixed,6520,1,CellV_SF,,scalefactor,M,R,,,1
Fixed,6521,1,ModTmp_SF,,scalefactor,M,R,,,1
Fixed,6522,1,A_SF,,scalefactor,M,R,,,1
Fixed,6523,1,SoH_SF,,scalefactor,O,R,,,1
Fixed,6524,1,SoC_SF,,scalefactor,M,R,,,1
Fixed,6525,1,V_SF,,scalefactor,O,R,,,1
Repeating,6526,1,ModuleCount[1],,uint16,M,R,,,1
Repeating,6527,2,StringStatus[1],,bitfield32,M,R,,,1
Repeating,6529,1,ConnectionFailureReason[1],,enum16,O,R,,,1
Repeating,6530,1,StringStateofCharge[1],,uint16,M,R,SoC_SF,%,1
Repeating,6531,1,StringStateofHealth[1],,uint16,O,R,SoH_SF,%,1
Repeating,6532,1,StringCurrent[1],,sint16,M,R,A_SF,A,1
Repeating,6533,1,MaxCellVoltage[1],,uint16,M,R,CellV_SF,V,1
Repeating,6534,1,MaxCellVoltageModule[1],,uint16,O,R,,,1
Repeating,6535,1,MinCellVoltage[1],,uint16,M,R,CellV_SF,V,1
Repeating,6536,1,MinCellVoltageModule[1],,uint16,O,R,,,1
Repeating,6537,1,AverageCellVoltage[1],,uint16,M,R,CellV_SF,V,1
Repeating,6538,1,StrModTmpMax[1],,sint16,M,R,ModTmp_SF,C,1
Repeating,6539,1,StrModTmpMaxMod[1],,uint16,O,R,,,1
Repeating,6540,1,StrModTmpMin[1],,sint16,M,R,ModTmp_SF,C,1
Repeating,6541,1,StrModTmpMinMod[1],,uint16,O,R,,,1
Repeating,6542,1,StrModTmpAvg[1],,sint16,M,R,ModTmp_SF,C,1
Repeating,6543,1,DisabledReason[1],,enum16,O,R,,,1
Repeating,6544,2,ContactorStatus[1],,bitfield32,O,R,,,1
Repeating,6546,2,StringEvent1[1],,bitfield32,M,R,,,1
Repeating,6548,2,StringEvent2[1],,bitfield32,O,R,,,1
Repeating,6550,2,VendorStringEventBitfield1[1],,bitfield32,O,R,,,1
Repeating,6552,2,VendorStringEventBitfield2[1],,bitfield32,O,R,,,1
Repeating,6554,1,EnableDisableString[1],,enum16,O,RW,,,1
Repeating,6555,1,ConnectDisconnectString[1],,enum16,O,RW,,,1
Repeating,6556,1,Pad[1],,pad,M,R,,,1
Repeating,6557,1,Pad2[1],,pad,M,R,,,1
Repeating,6558,1,ModuleCount[2],,uint16,M,R,,,1
Repeating,6559,2,StringStatus[2],,bitfield32,M,R,,,1
Repeating,6561,1,ConnectionFailureReason[2],,enum16,O,R,,,1
Repeating,6562,1,StringStateofCharge[2],,uint16,M,R,SoC_SF,%,1
Repeating,6563,1,StringStateofHealth[2],,uint16,O,R,SoH_SF,%,1
Repeating,6564,1,StringCurrent[2],,sint16,M,R,A_SF,A,1
Repeating,6565,1,MaxCellVoltage[2],,uint16,M,R,CellV_SF,V,1
Repeating,6566,1,MaxCellVoltageModule[2],,uint16,O,R,,,1
Repeating,6567,1,MinCellVoltage[2],,uint16,M,R,CellV_SF,V,1
Repeating,6568,1,MinCellVoltageModule[2],,uint16,O,R,,,1
Repeating,6569,1,AverageCellVoltage[2],,uint16,M,R,CellV_SF,V,1
Repeating,6570,1,StrModTmpMax[2],,sint16,M,R,ModTmp_SF,C,1
Repeating,6571,1,StrModTmpMaxMod[2],,uint16,O,R,,,1
Repeating,6572,1,StrModTmpMin[2],,sint16,M,R,ModTmp_SF,C,1
Repeating,6573,1,StrModTmpMinMod[2],,uint16,O,R,,,1
Repeating,6574,1,StrModTmpAvg[2],,sint16,M,R,ModTmp_SF,C,1
Repeating,6575,1,DisabledReason[2],,enum16,O,R,,,1
Repeating,6576,2,ContactorStatus[2],,bitfield32,O,R,,,1
Repeating,6578,2,StringEvent1[2],,bitfield32,M,R,,,1
Repeating,6580,2,StringEvent2[2],,bitfield32,O,R,,,1
Repeating,6582,2,VendorStringEventBitfield1[2],,bitfield32,O,R,,,1
Repeating,6584,2,VendorStringEventBitfield2[2],,bitfield32,O,R,,,1
Repeating,6586,1,EnableDisableString[2],,enum16,O,RW,,,1
Repeating,6587,1,ConnectDisconnectString[2],,enum16,O,RW,,,1
Repeating,6588,1,Pad[2],,pad,M,R,,,1
Repeating,6589,1,Pad2[2],,pad,M,R,,,1
Repeating,6590,1,ModuleCount[3],,uint16,M,R,,,1
Repeating,6591,2,StringStatus[3],,bitfield32,M,R,,,1
Repeating,6593,1,ConnectionFailureReason[3],,enum16,O,R,,,1
Repeating,6594,1,StringStateofCharge[3],,uint16,M,R,SoC_SF,%,1
Repeating,6595,1,StringStateofHealth[3],,uint16,O,R,SoH_SF,%,1
Repeating,6596,1,StringCurrent[3],,sint16,M,R,A_SF,A,1
Repeating,6597,1,MaxCellVoltage[3],,uint16,M,R,CellV_SF,V,1
Repeating,6598,1,MaxCellVoltageModule[3],,uint16,O,R,,,1
Repeating,6599,1,MinCellVoltage[3],,uint16,M,R,CellV_SF,V,1
Repeating,6600,1,MinCellVoltageModule[3],,uint16,O,R,,,1
Repeating,6601,1,AverageCellVoltage[3],,uint16,M,R,CellV_SF,V,1
Repeating,6602,1,StrModTmpMax[3],,sint16,M,R,ModTmp_SF,C,1
Repeating,6603,1,StrModTmpMaxMod[3],,uint16,O,R,,,1
Repeating,6604,1,StrModTmpMin[3],,sint16,M,R,ModTmp_SF,C,1
Repeating,6605,1,StrModTmpMinMod[3],,uint16,O,R,,,1
Repeating,6606,1,StrModTmpAvg[3],,sint16,M,R,ModTmp_SF,C,1
Repeating,6607,1,DisabledReason[3],,enum16,O,R,,,1
Repeating,6608,2,ContactorStatus[3],,bitfield32,O,R,,,1
Repeating,6610,2,StringEvent1[3],,bitfield32,M,R,,,1
Repeating,6612,2,StringEvent2[3],,bitfield32,O,R,,,1
Repeating,6614,2,VendorStringEventBitfield1[3],,bitfield32,O,R,,,1
Repeating,6616,2,VendorStringEventBitfield2[3],,bitfield32,O,R,,,1
Repeating,6618,1,EnableDisableString[3],,enum16,O,RW,,,1
Repeating,6619,1,ConnectDisconnectString[3],,enum16,O,RW,,,1
Repeating,6620,1,Pad[3],,pad,M,R,,,1
Repeating,6621,1,Pad2[3],,pad,M,R,,,1
Repeating,6622,1,ModuleCount[4],,uint16,M,R,,,1
Repeating,6623,2,StringStatus[4],,bitfield32,M,R,,,1
Repeating,6625,1,ConnectionFailureReason[4],,enum16,O,R,,,1
Repeating,6626,1,StringStateofCharge[4],,uint16,M,R,SoC_SF,%,1
Repeating,6627,1,StringStateofHealth[4],,uint16,O,R,SoH_SF,%,1
Repeating,6628,1,StringCurrent[4],,sint16,M,R,A_SF,A,1
Repeating,6629,1,MaxCellVoltage[4],,uint16,M,R,CellV_SF,V,1
Repeating,6630,1,MaxCellVoltageModule[4],,uint16,O,R,,,1
Repeating,6631,1,MinCellVoltage[4],,uint16,M,R,CellV_SF,V,1
Repeating,6632,1,MinCellVoltageModule[4],,uint16,O,R,,,1
Repeating,6633,1,AverageCellVoltage[4],,uint16,M,R,CellV_SF,V,1
Repeating,6634,1,StrModTmpMax[4],,sint16,M,R,ModTmp_SF,C,1
Repeating,6635,1,StrModTmpMaxMod[4],,uint16,O,R,,,1
Repeating,6636,1,StrModTmpMin[4],,sint16,M,R,ModTmp_SF,C,1
Repeating,6637,1,StrModTmpMinMod[4],,uint16,O,R,,,1
Repeating,6638,1,StrModTmpAvg[4],,sint16,M,R,ModTmp_SF,C,1
Repeating,6639,1,DisabledReason[4],,enum16,O,R,,,1
Repeating,6640,2,ContactorStatus[4],,bitfield32,O,R,,,1
Repeating,6642,2,StringEvent1[4],,bitfield32,M,R,,,1
Repeating,6644,2,StringEvent2[4],,bitfield32,O,R,,,1
Repeating,6646,2,VendorStringEventBitfield1[4],,bitfield32,O,R,,,1
Repeating,6648,2,VendorStringEventBitfield2[4],,bitfield32,O,R,,,1
Repeating,6650,1,EnableDisableString[4],,enum16,O,RW,,,1
Repeating,6651,1,ConnectDisconnectString[4],,enum16,O,RW,,,1
Repeating,6652,1,Pad[4],,pad,M,R,,,1
Repeating,6653,1,Pad2[4],,pad,M,R,,,1
Repeating,6654,1,ModuleCount[5],,uint16,M,R,,,1
Repeating,6655,2,StringStatus[5],,bitfield32,M,R,,,1
Repeating,6657,1,ConnectionFailureReason[5],,enum16,O,R,,,1
Repeating,6658,1,StringStateofCharge[5],,uint16,M,R,SoC_SF,%,1
Repeating,6659,1,StringStateofHealth[5],,uint16,O,R,SoH_SF,%,1
Repeating,6660,1,StringCurrent[5],,sint16,M,R,A_SF,A,1
Repeating,6661,1,MaxCellVoltage[5],,uint16,M,R,CellV_SF,V,1
Repeating,6662,1,MaxCellVoltageModule[5],,uint16,O,R,,,1
Repeating,6663,1,MinCellVoltage[5],,uint16,M,R,CellV_SF,V,1
Repeating,6664,1,MinCellVoltageModule[5],,uint16,O,R,,,1
Repeating,6665,1,AverageCellVoltage[5],,uint16,M,R,CellV_SF,V,1
Repeating,6666,1,StrModTmpMax[5],,sint16,M,R,ModTmp_SF,C,1
Repeating,6667,1,StrModTmpMaxMod[5],,uint16,O,R,,,1
Repeating,6668,1,StrModTmpMin[5],,sint16,M,R,ModTmp_SF,C,1
Repeating,6669,1,StrModTmpMinMod[5],,uint16,O,R,,,1
Repeating,6670,1,StrModTmpAvg[5],,sint16,M,R,ModTmp_SF,C,1
Repeating,6671,1,DisabledReason[5],,enum16,O,R,,,1
Repeating,6672,2,ContactorStatus[5],,bitfield32,O,R,,,1
Repeating,6674,2,StringEvent1[5],,bitfield32,M,R,,,1
Repeating,6676,2,StringEvent2[5],,bitfield32,O,R,,,1
Repeating,6678,2,VendorStringEventBitfield1[5],,bitfield32,O,R,,,1
Repeating,6680,2,VendorStringEventBitfield2[5],,bitfield32,O,R,,,1
Repeating,6682,1,EnableDisableString[5],,enum16,O,RW,,,1
Repeating,6683,1,ConnectDisconnectString[5],,enum16,O,RW,,,1
Repeating,6684,1,Pad[5],,pad,M,R,,,1
Repeating,6685,1,Pad2[5],,pad,M,R,,,1
Repeating,6686,1,ModuleCount[6],,uint16,M,R,,,1
Repeating,6687,2,StringStatus[6],,bitfield32,M,R,,,1
Repeating,6689,1,ConnectionFailureReason[6],,enum16,O,R,,,1
Repeating,6690,1,StringStateofCharge[6],,uint16,M,R,SoC_SF,%,1
Repeating,6691,1,StringStateofHealth[6],,uint16,O,R,SoH_SF,%,1
Repeating,6692,1,StringCurrent[6],,sint16,M,R,A_SF,A,1
Repeating,6693,1,MaxCellVoltage[6],,uint16,M,R,CellV_SF,V,1
Repeating,6694,1,MaxCellVoltageModule[6],,uint16,O,R,,,1
Repeating,6695,1,MinCellVoltage[6],,uint16,M,R,CellV_SF,V,1
Repeating,6696,1,MinCellVoltageModule[6],,uint16,O,R,,,1
Repeating,6697,1,AverageCellVoltage[6],,uint16,M,R,CellV_SF,V,1
Repeating,6698,1,StrModTmpMax[6],,sint16,M,R,ModTmp_SF,C,1
Repeating,6699,1,StrModTmpMaxMod[6],,uint16,O,R,,,1
Repeating,6700,1,StrModTmpMin[6],,sint16,M,R,ModTmp_SF,C,1
Repeating,6701,1,StrModTmpMinMod[6],,uint16,O,R,,,1
Repeating,6702,1,StrModTmpAvg[6],,sint16,M,R,ModTmp_SF,C,1
Repeating,6703,1,DisabledReason[6],,enum16,O,R,,,1
Repeating,6704,2,ContactorStatus[6],,bitfield32,O,R,,,1
Repeating,6706,2,StringEvent1[6],,bitfield32,M,R,,,1
Repeating,6708,2,StringEvent2[6],,bitfield32,O,R,,,1
Repeating,6710,2,VendorStringEventBitfield1[6],,bitfield32,O,R,,,1
Repeating,6712,2,VendorStringEventBitfield2[6],,bitfield32,O,R,,,1
Repeating,6714,1,EnableDisableString[6],,enum16,O,RW,,,1
Repeating,6715,1,ConnectDisconnectString[6],,enum16,O,RW,,,1
Repeating,6716,1,Pad[6],,pad,M,R,,,1
Repeating,6717,1,Pad2[6],,pad,M,R,,,1
Repeating,6718,1,ModuleCount[7],,uint16,M,R,,,1
Repeating,6719,2,StringStatus[7],,bitfield32,M,R,,,1
Repeating,6721,1,ConnectionFailureReason[7],,enum16,O,R,,,1
Repeating,6722,1,StringStateofCharge[7],,uint16,M,R,SoC_SF,%,1
Repeating,6723,1,StringStateofHealth[7],,uint16,O,R,SoH_SF,%,1
Repeating,6724,1,StringCurrent[7],,sint16,M,R,A_SF,A,1
Repeating,6725,1,MaxCellVoltage[7],,uint16,M,R,CellV_SF,V,1
Repeating,6726,1,MaxCellVoltageModule[7],,uint16,O,R,,,1
Repeating,6727,1,MinCellVoltage[7],,uint16,M,R,CellV_SF,V,1
Repeating,6728,1,MinCellVoltageModule[7],,uint16,O,R,,,1
Repeating,6729,1,AverageCellVoltage[7],,uint16,M,R,CellV_SF,V,1
Repeating,6730,1,StrModTmpMax[7],,sint16,M,R,ModTmp_SF,C,1
Repeating,6731,1,StrModTmpMaxMod[7],,uint16,O,R,,,1
Repeating,6732,1,StrModTmpMin[7],,sint16,M,R,ModTmp_SF,C,1
Repeating,6733,1,StrModTmpMinMod[7],,uint16,O,R,,,1
Repeating,6734,1,StrModTmpAvg[7],,sint16,M,R,ModTmp_SF,C,1
Repeating,6735,1,DisabledReason[7],,enum16,O,R,,,1
Repeating,6736,2,ContactorStatus[7],,bitfield32,O,R,,,1
Repeating,6738,2,StringEvent1[7],,bitfield32,M,R,,,1
Repeating,6740,2,StringEvent2[7],,bitfield32,O,R,,,1
Repeating,6742,2,VendorStringEventBitfield1[7],,bitfield32,O,R,,,1
Repeating,6744,2,VendorStringEventBitfield2[7],,bitfield32,O,R,,,1
Repeating,6746,1,EnableDisableString[7],,enum16,O,RW,,,1
Repeating,6747,1,ConnectDisconnectString[7],,enum16,O,RW,,,1
Repeating,6748,1,Pad[7],,pad,M,R,,,1
Repeating,6749,1,Pad2[7],,pad,M,R,,,1
Repeating,6750,1,ModuleCount[8],,uint16,M,R,,,1
Repeating,6751,2,StringStatus[8],,bitfield32,M,R,,,1
Repeating,6753,1,ConnectionFailureReason[8],,enum16,O,R,,,1
Repeating,6754,1,StringStateofCharge[8],,uint16,M,R,SoC_SF,%,1
Repeating,6755,1,StringStateofHealth[8],,uint16,O,R,SoH_SF,%,1
Repeating,6756,1,StringCurrent[8],,sint16,M,R,A_SF,A,1
Repeating,6757,1,MaxCellVoltage[8],,uint16,M,R,CellV_SF,V,1
Repeating,6758,1,MaxCellVoltageModule[8],,uint16,O,R,,,1
Repeating,6759,1,MinCellVoltage[8],,uint16,M,R,CellV_SF,V,1
Repeating,6760,1,MinCellVoltageModule[8],,uint16,O,R,,,1
Repeating,6761,1,AverageCellVoltage[8],,uint16,M,R,CellV_SF,V,1
Repeating,6762,1,StrModTmpMax[8],,sint16,M,R,ModTmp_SF,C,1
Repeating,6763,1,StrModTmpMaxMod[8],,uint16,O,R,,,1
Repeating,6764,1,StrModTmpMin[8],,sint16,M,R,ModTmp_SF,C,1
Repeating,6765,1,StrModTmpMinMod[8],,uint16,O,R,,,1
Repeating,6766,1,StrModTmpAvg[8],,sint16,M,R,ModTmp_SF,C,1
Repeating,6767,1,DisabledReason[8],,enum16,O,R,,,1
Repeating,6768,2,ContactorStatus[8],,bitfield32,O,R,,,1
Repeating,6770,2,StringEvent1[8],,bitfield32,M,R,,,1
Repeating,6772,2,StringEvent2[8],,bitfield32,O,R,,,1
Repeating,6774,2,VendorStringEventBitfield1[8],,bitfield32,O,R,,,1
Repeating,6776,2,VendorStringEventBitfield2[8],,bitfield32,O,R,,,1
Repeating,6778,1,EnableDisableString[8],,enum16,O,RW,,,1
Repeating,6779,1,ConnectDisconnectString[8],,enum16,O,RW,,,1
Repeating,6780,1,Pad[8],,pad,M,R,,,1
Repeating,6781,1,Pad2[8],,pad,M,R,,,1
Repeating,6782,1,ModuleCount[9],,uint16,M,R,,,1
Repeating,6783,2,StringStatus[9],,bitfield32,M,R,,,1
Repeating,6785,1,ConnectionFailureReason[9],,enum16,O,R,,,1
Repeating,6786,1,StringStateofCharge[9],,uint16,M,R,SoC_SF,%,1
Repeating,6787,1,StringStateofHealth[9],,uint16,O,R,SoH_SF,%,1
Repeating,6788,1,StringCurrent[9],,sint16,M,R,A_SF,A,1
Repeating,6789,1,MaxCellVoltage[9],,uint16,M,R,CellV_SF,V,1
Repeating,6790,1,MaxCellVoltageModule[9],,uint16,O,R,,,1
Repeating,6791,1,MinCellVoltage[9],,uint16,M,R,CellV_SF,V,1
Repeating,6792,1,MinCellVoltageModule[9],,uint16,O,R,,,1
Repeating,6793,1,AverageCellVoltage[9],,uint16,M,R,CellV_SF,V,1
Repeating,6794,1,StrModTmpMax[9],,sint16,M,R,ModTmp_SF,C,1
Repeating,6795,1,StrModTmpMaxMod[9],,uint16,O,R,,,1
Repeating,6796,1,StrModTmpMin[9],,sint16,M,R,ModTmp_SF,C,1
Repeating,6797,1,StrModTmpMinMod[9],,uint16,O,R,,,1
Repeating,6798,1,StrModTmpAvg[9],,sint16,M,R,ModTmp_SF,C,1
Repeating,6799,1,DisabledReason[9],,enum16,O,R,,,1
Repeating,6800,2,ContactorStatus[9],,bitfield32,O,R,,,1
Repeating,6802,2,StringEvent1[9],,bitfield32,M,R,,,1
Repeating,6804,2,StringEvent2[9],,bitfield32,O,R,,,1
Repeating,6806,2,VendorStringEventBitfield1[9],,bitfield32,O,R,,,1
Repeating,6808,2,VendorStringEventBitfield2[9],,bitfield32,O,R,,,1
Repeating,6810,1,EnableDisableString[9],,enum16,O,RW,,,1
Repeating,6811,1,ConnectDisconnectString[9],,enum16,O,RW,,,1
Repeating,6812,1,Pad[9],,pad,M,R,,,1
Repeating,6813,1,Pad2[9],,pad,M,R,,,1
Repeating,6814,1,ModuleCount[10],,uint16,M,R,,,1
Repeating,6815,2,StringStatus[10],,bitfield32,M,R,,,1
Repeating,6817,1,ConnectionFailureReason[10],,enum16,O,R,,,1
Repeating,6818,1,StringStateofCharge[10],,uint16,M,R,SoC_SF,%,1
Repeating,6819,1,StringStateofHealth[10],,uint16,O,R,SoH_SF,%,1
Repeating,6820,1,StringCurrent[10],,sint16,M,R,A_SF,A,1
Repeating,6821,1,MaxCellVoltage[10],,uint16,M,R,CellV_SF,V,1
Repeating,6822,1,MaxCellVoltageModule[10],,uint16,O,R,,,1
Repeating,6823,1,MinCellVoltage[10],,uint16,M,R,CellV_SF,V,1
Repeating,6824,1,MinCellVoltageModule[10],,uint16,O,R,,,1
Repeating,6825,1,AverageCellVoltage[10],,uint16,M,R,CellV_SF,V,1
Repeating,6826,1,StrModTmpMax[10],,sint16,M,R,ModTmp_SF,C,1
Repeating,6827,1,StrModTmpMaxMod[10],,uint16,O,R,,,1
Repeating,6828,1,StrModTmpMin[10],,sint16,M,R,ModTmp_SF,C,1
Repeating,6829,1,StrModTmpMinMod[10],,uint16,O,R,,,1
Repeating,6830,1,StrModTmpAvg[10],,sint16,M,R,ModTmp_SF,C,1
Repeating,6831,1,DisabledReason[10],,enum16,O,R,,,1
Repeating,6832,2,ContactorStatus[10],,bitfield32,O,R,,,1
Repeating,6834,2,StringEvent1[10],,bitfield32,M,R,,,1
Repeating,6836,2,StringEvent2[10],,bitfield32,O,R,,,1
Repeating,6838,2,VendorStringEventBitfield1[10],,bitfield32,O,R,,,1
Repeating,6840,2,VendorStringEventBitfield2[10],,bitfield32,O,R,,,1
Repeating,6842,1,EnableDisableString[10],,enum16,O,RW,,,1
Repeating,6843,1,ConnectDisconnectString[10],,enum16,O,RW,,,1
Repeating,6844,1,Pad[10],,pad,M,R,,,1
Repeating,6845,1,Pad2[10],,pad,M,R,,,1
Repeating,6846,1,ModuleCount[11],,uint16,M,R,,,1
Repeating,6847,2,StringStatus[11],,bitfield32,M,R,,,1
Repeating,6849,1,ConnectionFailureReason[11],,enum16,O,R,,,1
Repeating,6850,1,StringStateofCharge[11],,uint16,M,R,SoC_SF,%,1
Repeating,6851,1,StringStateofHealth[11],,uint16,O,R,SoH_SF,%,1
Repeating,6852,1,StringCurrent[11],,sint16,M,R,A_SF,A,1
Repeating,6853,1,MaxCellVoltage[11],,uint16,M,R,CellV_SF,V,1
Repeating,6854,1,MaxCellVoltageModule[11],,uint16,O,R,,,1
Repeating,6855,1,MinCellVoltage[11],,uint16,M,R,CellV_SF,V,1
Repeating,6856,1,MinCellVoltageModule[11],,uint16,O,R,,,1
Repeating,6857,1,AverageCellVoltage[11],,uint16,M,R,CellV_SF,V,1
Repeating,6858,1,StrModTmpMax[11],,sint16,M,R,ModTmp_SF,C,1
Repeating,6859,1,StrModTmpMaxMod[11],,uint16,O,R,,,1
Repeating,6860,1,StrModTmpMin[11],,sint16,M,R,ModTmp_SF,C,1
Repeating,6861,1,StrModTmpMinMod[11],,uint16,O,R,,,1
Repeating,6862,1,StrModTmpAvg[11],,sint16,M,R,ModTmp_SF,C,1
Repeating,6863,1,DisabledReason[11],,enum16,O,R,,,1
Repeating,6864,2,ContactorStatus[11],,bitfield32,O,R,,,1
Repeating,6866,2,StringEvent1[11],,bitfield32,M,R,,,1
Repeating,6868,2,StringEvent2[11],,bitfield32,O,R,,,1
Repeating,6870,2,VendorStringEventBitfield1[11],,bitfield32,O,R,,,1
Repeating,6872,2,VendorStringEventBitfield2[11],,bitfield32,O,R,,,1
Repeating,6874,1,EnableDisableString[11],,enum16,O,RW,,,1
Repeating,6875,1,ConnectDisconnectString[11],,enum16,O,RW,,,1
Repeating,6876,1,Pad[11],,pad,M,R,,,1
Repeating,6877,1,Pad2[11],,pad,M,R,,,1
Repeating,6878,1,ModuleCount[12],,uint16,M,R,,,1
Repeating,6879,2,StringStatus[12],,bitfield32,M,R,,,1
Repeating,6881,1,ConnectionFailureReason[12],,enum16,O,R,,,1
Repeating,6882,1,StringStateofCharge[12],,uint16,M,R,SoC_SF,%,1
Repeating,6883,1,StringStateofHealth[12],,uint16,O,R,SoH_SF,%,1
Repeating,6884,1,StringCurrent[12],,sint16,M,R,A_SF,A,1
Repeating,6885,1,MaxCellVoltage[12],,uint16,M,R,CellV_SF,V,1
Repeating,6886,1,MaxCellVoltageModule[12],,uint16,O,R,,,1
Repeating,6887,1,MinCellVoltage[12],,uint16,M,R,CellV_SF,V,1
Repeating,6888,1,MinCellVoltageModule[12],,uint16,O,R,,,1
Repeating,6889,1,AverageCellVoltage[12],,uint16,M,R,CellV_SF,V,1
Repeating,6890,1,StrModTmpMax[12],,sint16,M,R,ModTmp_SF,C,1
Repeating,6891,1,StrModTmpMaxMod[12],,uint16,O,R,,,1
Repeating,6892,1,StrModTmpMin[12],,sint16,M,R,ModTmp_SF,C,1
Repeating,6893,1,StrModTmpMinMod[12],,uint16,O,R,,,1
Repeating,6894,1,StrModTmpAvg[12],,sint16,M,R,ModTmp_SF,C,1
Repeating,6895,1,DisabledReason[12],,enum16,O,R,,,1
Repeating,6896,2,ContactorStatus[12],,bitfield32,O,R,,,1
Repeating,6898,2,StringEvent1[12],,bitfield32,M,R,,,1
Repeating,6900,2,StringEvent2[12],,bitfield32,O,R,,,1
Repeating,6902,2,VendorStringEventBitfield1[12],,bitfield32,O,R,,,1
Repeating,6904,2,VendorStringEventBitfield2[12],,bitfield32,O,R,,,1
Repeating,6906,1,EnableDisableString[12],,enum16,O,RW,,,1
Repeating,6907,1,ConnectDisconnectString[12],,enum16,O,RW,,,1
Repeating,6908,1,Pad[12],,pad,M,R,,,1
Repeating,6909,1,Pad2[12],,pad,M,R,,,1
Repeating,6910,1,ModuleCount[13],,uint16,M,R,,,1
Repeating,6911,2,StringStatus[13],,bitfield32,M,R,,,1
Repeating,6913,1,ConnectionFailureReason[13],,enum16,O,R,,,1
Repeating,6914,1,StringStateofCharge[13],,uint16,M,R,SoC_SF,%,1
Repeating,6915,1,StringStateofHealth[13],,uint16,O,R,SoH_SF,%,1
Repeating,6916,1,StringCurrent[13],,sint16,M,R,A_SF,A,1
Repeating,6917,1,MaxCellVoltage[13],,uint16,M,R,CellV_SF,V,1
Repeating,6918,1,MaxCellVoltageModule[13],,uint16,O,R,,,1
Repeating,6919,1,MinCellVoltage[13],,uint16,M,R,CellV_SF,V,1
Repeating,6920,1,MinCellVoltageModule[13],,uint16,O,R,,,1
Repeating,6921,1,AverageCellVoltage[13],,uint16,M,R,CellV_SF,V,1
Repeating,6922,1,StrModTmpMax[13],,sint16,M,R,ModTmp_SF,C,1
Repeating,6923,1,StrModTmpMaxMod[13],,uint16,O,R,,,1
Repeating,6924,1,StrModTmpMin[13],,sint16,M,R,ModTmp_SF,C,1
Repeating,6925,1,StrModTmpMinMod[13],,uint16,O,R,,,1
Repeating,6926,1,StrModTmpAvg[13],,sint16,M,R,ModTmp_SF,C,1
Repeating,6927,1,DisabledReason[13],,enum16,O,R,,,1
Repeating,6928,2,ContactorStatus[13],,bitfield32,O,R,,,1
Repeating,6930,2,StringEvent1[13],,bitfield32,M,R,,,1
Repeating,6932,2,StringEvent2[13],,bitfield32,O,R,,,1
Repeating,6934,2,VendorStringEventBitfield1[13],,bitfield32,O,R,,,1
Repeating,6936,2,VendorStringEventBitfield2[13],,bitfield32,O,R,,,1
Repeating,6938,1,EnableDisableString[13],,enum16,O,RW,,,1
Repeating,6939,1,ConnectDisconnectString[13],,enum16,O,RW,,,1
Repeating,6940,1,Pad[13],,pad,M,R,,,1
Repeating,6941,1,Pad2[13],,pad,M,R,,,1
Repeating,6942,1,ModuleCount[14],,uint16,M,R,,,1
Repeating,6943,2,StringStatus[14],,bitfield32,M,R,,,1
Repeating,6945,1,ConnectionFailureReason[14],,enum16,O,R,,,1
Repeating,6946,1,StringStateofCharge[14],,uint16,M,R,SoC_SF,%,1
Repeating,6947,1,StringStateofHealth[14],,uint16,O,R,SoH_SF,%,1
Repeating,6948,1,StringCurrent[14],,sint16,M,R,A_SF,A,1
Repeating,6949,1,MaxCellVoltage[14],,uint16,M,R,CellV_SF,V,1
Repeating,6950,1,MaxCellVoltageModule[14],,uint16,O,R,,,1
Repeating,6951,1,MinCellVoltage[14],,uint16,M,R,CellV_SF,V,1
Repeating,6952,1,MinCellVoltageModule[14],,uint16,O,R,,,1
Repeating,6953,1,AverageCellVoltage[14],,uint16,M,R,CellV_SF,V,1
Repeating,6954,1,StrModTmpMax[14],,sint16,M,R,ModTmp_SF,C,1
Repeating,6955,1,StrModTmpMaxMod[14],,uint16,O,R,,,1
Repeating,6956,1,StrModTmpMin[14],,sint16,M,R,ModTmp_SF,C,1
Repeating,6957,1,StrModTmpMinMod[14],,uint16,O,R,,,1
Repeating,6958,1,StrModTmpAvg[14],,sint16,M,R,ModTmp_SF,C,1
Repeating,6959,1,DisabledReason[14],,enum16,O,R,,,1
Repeating,6960,2,ContactorStatus[14],,bitfield32,O,R,,,1
Repeating,6962,2,StringEvent1[14],,bitfield32,M,R,,,1
Repeating,6964,2,StringEvent2[14],,bitfield32,O,R,,,1
Repeating,6966,2,VendorStringEventBitfield1[14],,bitfield32,O,R,,,1
Repeating,6968,2,VendorStringEventBitfield2[14],,bitfield32,O,R,,,1
Repeating,6970,1,EnableDisableString[14],,enum16,O,RW,,,1
Repeating,6971,1,ConnectDisconnectString[14],,enum16,O,RW,,,1
Repeating,6972,1,Pad[14],,pad,M,R,,,1
Repeating,6973,1,Pad2[14],,pad,M,R,,,1
Repeating,6974,1,ModuleCount[15],,uint16,M,R,,,1
Repeating,6975,2,StringStatus[15],,bitfield32,M,R,,,1
Repeating,6977,1,ConnectionFailureReason[15],,enum16,O,R,,,1
Repeating,6978,1,StringStateofCharge[15],,uint16,M,R,SoC_SF,%,1
Repeating,6979,1,StringStateofHealth[15],,uint16,O,R,SoH_SF,%,1
Repeating,6980,1,StringCurrent[15],,sint16,M,R,A_SF,A,1
Repeating,6981,1,MaxCellVoltage[15],,uint16,M,R,CellV_SF,V,1
Repeating,6982,1,MaxCellVoltageModule[15],,uint16,O,R,,,1
Repeating,6983,1,MinCellVoltage[15],,uint16,M,R,CellV_SF,V,1
Repeating,6984,1,MinCellVoltageModule[15],,uint16,O,R,,,1
Repeating,6985,1,AverageCellVoltage[15],,uint16,M,R,CellV_SF,V,1
Repeating,6986,1,StrModTmpMax[15],,sint16,M,R,ModTmp_SF,C,1
Repeating,6987,1,StrModTmpMaxMod[15],,uint16,O,R,,,1
Repeating,6988,1,StrModTmpMin[15],,sint16,M,R,ModTmp_SF,C,1
Repeating,6989,1,StrModTmpMinMod[15],,uint16,O,R,,,1
Repeating,6990,1,StrModTmpAvg[15],,sint16,M,R,ModTmp_SF,C,1
Repeating,6991,1,DisabledReason[15],,enum16,O,R,,,1
Repeating,6992,2,ContactorStatus[15],,bitfield32,O,R,,,1
Repeating,6994,2,StringEvent1[15],,bitfield32,M,R,,,1
Repeating,6996,2,StringEvent2[15],,bitfield32,O,R,,,1
Repeating,6998,2,VendorStringEventBitfield1[15],,bitfield32,O,R,,,1
Repeating,7000,2,VendorStringEventBitfield2[15],,bitfield32,O,R,,,1
Repeating,7002,1,EnableDisableString[15],,enum16,O,RW,,,1
Repeating,7003,1,ConnectDisconnectString[15],,enum16,O,RW,,,1
Repeating,7004,1,Pad[15],,pad,M,R,,,1
Repeating,7005,1,Pad2[15],,pad,M,R,,,1
Repeating,7006,1,ModuleCount[16],,uint16,M,R,,,1
Repeating,7007,2,StringStatus[16],,bitfield32,M,R,,,1
Repeating,7009,1,ConnectionFailureReason[16],,enum16,O,R,,,1
Repeating,7010,1,StringStateofCharge[16],,uint16,M,R,SoC_SF,%,1
Repeating,7011,1,StringStateofHealth[16],,uint16,O,R,SoH_SF,%,1
Repeating,7012,1,StringCurrent[16],,sint16,M,R,A_SF,A,1
Repeating,7013,1,MaxCellVoltage[16],,uint16,M,R,CellV_SF,V,1
Repeating,7014,1,MaxCellVoltageModule[16],,uint16,O,R,,,1
Repeating,7015,1,MinCellVoltage[16],,uint16,M,R,CellV_SF,V,1
Repeating,7016,1,MinCellVoltageModule[16],,uint16,O,R,,,1
Repeating,7017,1,AverageCellVoltage[16],,uint16,M,R,CellV_SF,V,1
Repeating,7018,1,StrModTmpMax[16],,sint16,M,R,ModTmp_SF,C,1
Repeating,7019,1,StrModTmpMaxMod[16],,uint16,O,R,,,1
Repeating,7020,1,StrModTmpMin[16],,sint16,M,R,ModTmp_SF,C,1
Repeating,7021,1,StrModTmpMinMod[16],,uint16,O,R,,,1
Repeating,7022,1,StrModTmpAvg[16],,sint16,M,R,ModTmp_SF,C,1
Repeating,7023,1,DisabledReason[16],,enum16,O,R,,,1
Repeating,7024,2,ContactorStatus[16],,bitfield32,O,R,,,1
Repeating,7026,2,StringEvent1[16],,bitfield32,M,R,,,1
Repeating,7028,2,StringEvent2[16],,bitfield32,O,R,,,1
Repeating,7030,2,VendorStringEventBitfield1[16],,bitfield32,O,R,,,1
Repeating,7032,2,VendorStringEventBitfield2[16],,bitfield32,O,R,,,1
Repeating,7034,1,EnableDisableString[16],,enum16,O,RW,,,1
Repeating,7035,1,ConnectDisconnectString[16],,enum16,O,RW,,,1
Repeating,7036,1,Pad[16],,pad,M,R,,,1
Repeating,7037,1,Pad2[16],,pad,M,R,,,1
Repeating,7038,1,ModuleCount[17],,uint16,M,R,,,1
Repeating,7039,2,StringStatus[17],,bitfield32,M,R,,,1
Repeating,7041,1,ConnectionFailureReason[17],,enum16,O,R,,,1
Repeating,7042,1,StringStateofCharge[17],,uint16,M,R,SoC_SF,%,1
Repeating,7043,1,StringStateofHealth[17],,uint16,O,R,SoH_SF,%,1
Repeating,7044,1,StringCurrent[17],,sint16,M,R,A_SF,A,1
Repeating,7045,1,MaxCellVoltage[17],,uint16,M,R,CellV_SF,V,1
Repeating,7046,1,MaxCellVoltageModule[17],,uint16,O,R,,,1
Repeating,7047,1,MinCellVoltage[17],,uint16,M,R,CellV_SF,V,1
Repeating,7048,1,MinCellVoltageModule[17],,uint16,O,R,,,1
Repeating,7049,1,AverageCellVoltage[17],,uint16,M,R,CellV_SF,V,1
Repeating,7050,1,StrModTmpMax[17],,sint16,M,R,ModTmp_SF,C,1
Repeating,7051,1,StrModTmpMaxMod[17],,uint16,O,R,,,1
Repeating,7052,1,StrModTmpMin[17],,sint16,M,R,ModTmp_SF,C,1
Repeating,7053,1,StrModTmpMinMod[17],,uint16,O,R,,,1
Repeating,7054,1,StrModTmpAvg[17],,sint16,M,R,ModTmp_SF,C,1
Repeating,7055,1,DisabledReason[17],,enum16,O,R,,,1
Repeating,7056,2,ContactorStatus[17],,bitfield32,O,R,,,1
Repeating,7058,2,StringEvent1[17],,bitfield32,M,R,,,1
Repeating,7060,2,StringEvent2[17],,bitfield32,O,R,,,1
Repeating,7062,2,VendorStringEventBitfield1[17],,bitfield32,O,R,,,1
Repeating,7064,2,VendorStringEventBitfield2[17],,bitfield32,O,R,,,1
Repeating,7066,1,EnableDisableString[17],,enum16,O,RW,,,1
Repeating,7067,1,ConnectDisconnectString[17],,enum16,O,RW,,,1
Repeating,7068,1,Pad[17],,pad,M,R,,,1
Repeating,7069,1,Pad2[17],,pad,M,R,,,1
Repeating,7070,1,ModuleCount[18],,uint16,M,R,,,1
Repeating,7071,2,StringStatus[18],,bitfield32,M,R,,,1
Repeating,7073,1,ConnectionFailureReason[18],,enum16,O,R,,,1
Repeating,7074,1,StringStateofCharge[18],,uint16,M,R,SoC_SF,%,1
Repeating,7075,1,StringStateofHealth[18],,uint16,O,R,SoH_SF,%,1
Repeating,7076,1,StringCurrent[18],,sint16,M,R,A_SF,A,1
Repeating,7077,1,MaxCellVoltage[18],,uint16,M,R,CellV_SF,V,1
Repeating,7078,1,MaxCellVoltageModule[18],,uint16,O,R,,,1
Repeating,7079,1,MinCellVoltage[18],,uint16,M,R,CellV_SF,V,1
Repeating,7080,1,MinCellVoltageModule[18],,uint16,O,R,,,1
Repeating,7081,1,AverageCellVoltage[18],,uint16,M,R,CellV_SF,V,1
Repeating,7082,1,StrModTmpMax[18],,sint16,M,R,ModTmp_SF,C,1
Repeating,7083,1,StrModTmpMaxMod[18],,uint16,O,R,,,1
Repeating,7084,1,StrModTmpMin[18],,sint16,M,R,ModTmp_SF,C,1
Repeating,7085,1,StrModTmpMinMod[18],,uint16,O,R,,,1
Repeating,7086,1,StrModTmpAvg[18],,sint16,M,R,ModTmp_SF,C,1
Repeating,7087,1,DisabledReason[18],,enum16,O,R,,,1
Repeating,7088,2,ContactorStatus[18],,bitfield32,O,R,,,1
Repeating,7090,2,StringEvent1[18],,bitfield32,M,R,,,1
Repeating,7092,2,StringEvent2[18],,bitfield32,O,R,,,1
Repeating,7094,2,VendorStringEventBitfield1[18],,bitfield32,O,R,,,1
Repeating,7096,2,VendorStringEventBitfield2[18],,bitfield32,O,R,,,1
Repeating,7098,1,EnableDisableString[18],,enum16,O,RW,,,1
Repeating,7099,1,ConnectDisconnectString[18],,enum16,O,RW,,,1
Repeating,7100,1,Pad[18],,pad,M,R,,,1
Repeating,7101,1,Pad2[18],,pad,M,R,,,1
Repeating,7102,1,ModuleCount[19],,uint16,M,R,,,1
Repeating,7103,2,StringStatus[19],,bitfield32,M,R,,,1
Repeating,7105,1,ConnectionFailureReason[19],,enum16,O,R,,,1
Repeating,7106,1,StringStateofCharge[19],,uint16,M,R,SoC_SF,%,1
Repeating,7107,1,StringStateofHealth[19],,uint16,O,R,SoH_SF,%,1
Repeating,7108,1,StringCurrent[19],,sint16,M,R,A_SF,A,1
Repeating,7109,1,MaxCellVoltage[19],,uint16,M,R,CellV_SF,V,1
Repeating,7110,1,MaxCellVoltageModule[19],,uint16,O,R,,,1
Repeating,7111,1,MinCellVoltage[19],,uint16,M,R,CellV_SF,V,1
Repeating,7112,1,MinCellVoltageModule[19],,uint16,O,R,,,1
Repeating,7113,1,AverageCellVoltage[19],,uint16,M,R,CellV_SF,V,1
Repeating,7114,1,StrModTmpMax[19],,sint16,M,R,ModTmp_SF,C,1
Repeating,7115,1,StrModTmpMaxMod[19],,uint16,O,R,,,1
Repeating,7116,1,StrModTmpMin[19],,sint16,M,R,ModTmp_SF,C,1
Repeating,7117,1,StrModTmpMinMod[19],,uint16,O,R,,,1
Repeating,7118,1,StrModTmpAvg[19],,sint16,M,R,ModTmp_SF,C,1
Repeating,7119,1,DisabledReason[19],,enum16,O,R,,,1
Repeating,7120,2,ContactorStatus[19],,bitfield32,O,R,,,1
Repeating,7122,2,StringEvent1[19],,bitfield32,M,R,,,1
Repeating,7124,2,StringEvent2[19],,bitfield32,O,R,,,1
Repeating,7126,2,VendorStringEventBitfield1[19],,bitfield32,O,R,,,1
Repeating,7128,2,VendorStringEventBitfield2[19],,bitfield32,O,R,,,1
Repeating,7130,1,EnableDisableString[19],,enum16,O,RW,,,1
Repeating,7131,1,ConnectDisconnectString[19],,enum16,O,RW,,,1
Repeating,7132,1,Pad[19],,pad,M,R,,,1
Repeating,7133,1,Pad2[19],,pad,M,R,,,1
Repeating,7134,1,ModuleCount[20],,uint16,M,R,,,1
Repeating,7135,2,StringStatus[20],,bitfield32,M,R,,,1
Repeating,7137,1,ConnectionFailureReason[20],,enum16,O,R,,,1
Repeating,7138,1,StringStateofCharge[20],,uint16,M,R,SoC_SF,%,1
Repeating,7139,1,StringStateofHealth[20],,uint16,O,R,SoH_SF,%,1
Repeating,7140,1,StringCurrent[20],,sint16,M,R,A_SF,A,1
Repeating,7141,1,MaxCellVoltage[20],,uint16,M,R,CellV_SF,V,1
Repeating,7142,1,MaxCellVoltageModule[20],,uint16,O,R,,,1
Repeating,7143,1,MinCellVoltage[20],,uint16,M,R,CellV_SF,V,1
Repeating,7144,1,MinCellVoltageModule[20],,uint16,O,R,,,1
Repeating,7145,1,AverageCellVoltage[20],,uint16,M,R,CellV_SF,V,1
Repeating,7146,1,StrModTmpMax[20],,sint16,M,R,ModTmp_SF,C,1
Repeating,7147,1,StrModTmpMaxMod[20],,uint16,O,R,,,1
Repeating,7148,1,StrModTmpMin[20],,sint16,M,R,ModTmp_SF,C,1
Repeating,7149,1,StrModTmpMinMod[20],,uint16,O,R,,,1
Repeating,7150,1,StrModTmpAvg[20],,sint16,M,R,ModTmp_SF,C,1
Repeating,7151,1,DisabledReason[20],,enum16,O,R,,,1
Repeating,7152,2,ContactorStatus[20],,bitfield32,O,R,,,1
Repeating,7154,2,StringEvent1[20],,bitfield32,M,R,,,1
Repeating,7156,2,StringEvent2[20],,bitfield32,O,R,,,1
Repeating,7158,2,VendorStringEventBitfield1[20],,bitfield32,O,R,,,1
Repeating,7160,2,VendorStringEventBitfield2[20],,bitfield32,O,R,,,1
Repeating,7162,1,EnableDisableString[20],,enum16,O,RW,,,1
Repeating,7163,1,ConnectDisconnectString[20],,enum16,O,RW,,,1
Repeating,7164,1,Pad[20],,pad,M,R,,,1
Repeating,7165,1,Pad2[20],,pad,M,R,,,1
Repeating,7166,1,ModuleCount[21],,uint16,M,R,,,1
Repeating,7167,2,StringStatus[21],,bitfield32,M,R,,,1
Repeating,7169,1,ConnectionFailureReason[21],,enum16,O,R,,,1
Repeating,7170,1,StringStateofCharge[21],,uint16,M,R,SoC_SF,%,1
Repeating,7171,1,StringStateofHealth[21],,uint16,O,R,SoH_SF,%,1
Repeating,7172,1,StringCurrent[21],,sint16,M,R,A_SF,A,1
Repeating,7173,1,MaxCellVoltage[21],,uint16,M,R,CellV_SF,V,1
Repeating,7174,1,MaxCellVoltageModule[21],,uint16,O,R,,,1
Repeating,7175,1,MinCellVoltage[21],,uint16,M,R,CellV_SF,V,1
Repeating,7176,1,MinCellVoltageModule[21],,uint16,O,R,,,1
Repeating,7177,1,AverageCellVoltage[21],,uint16,M,R,CellV_SF,V,1
Repeating,7178,1,StrModTmpMax[21],,sint16,M,R,ModTmp_SF,C,1
Repeating,7179,1,StrModTmpMaxMod[21],,uint16,O,R,,,1
Repeating,7180,1,StrModTmpMin[21],,sint16,M,R,ModTmp_SF,C,1
Repeating,7181,1,StrModTmpMinMod[21],,uint16,O,R,,,1
Repeating,7182,1,StrModTmpAvg[21],,sint16,M,R,ModTmp_SF,C,1
Repeating,7183,1,DisabledReason[21],,enum16,O,R,,,1
Repeating,7184,2,ContactorStatus[21],,bitfield32,O,R,,,1
Repeating,7186,2,StringEvent1[21],,bitfield32,M,R,,,1
Repeating,7188,2,StringEvent2[21],,bitfield32,O,R,,,1
Repeating,7190,2,VendorStringEventBitfield1[21],,bitfield32,O,R,,,1
Repeating,7192,2,VendorStringEventBitfield2[21],,bitfield32,O,R,,,1
Repeating,7194,1,EnableDisableString[21],,enum16,O,RW,,,1
Repeating,7195,1,ConnectDisconnectString[21],,enum16,O,RW,,,1
Repeating,7196,1,Pad[21],,pad,M,R,,,1
Repeating,7197,1,Pad2[21],,pad,M,R,,,1
Repeating,7198,1,ModuleCount[22],,uint16,M,R,,,1
Repeating,7199,2,StringStatus[22],,bitfield32,M,R,,,1
Repeating,7201,1,ConnectionFailureReason[22],,enum16,O,R,,,1
Repeating,7202,1,StringStateofCharge[22],,uint16,M,R,SoC_SF,%,1
Repeating,7203,1,StringStateofHealth[22],,uint16,O,R,SoH_SF,%,1
Repeating,7204,1,StringCurrent[22],,sint16,M,R,A_SF,A,1
Repeating,7205,1,MaxCellVoltage[22],,uint16,M,R,CellV_SF,V,1
Repeating,7206,1,MaxCellVoltageModule[22],,uint16,O,R,,,1
Repeating,7207,1,MinCellVoltage[22],,uint16,M,R,CellV_SF,V,1
Repeating,7208,1,MinCellVoltageModule[22],,uint16,O,R,,,1
Repeating,7209,1,AverageCellVoltage[22],,uint16,M,R,CellV_SF,V,1
Repeating,7210,1,StrModTmpMax[22],,sint16,M,R,ModTmp_SF,C,1
Repeating,7211,1,StrModTmpMaxMod[22],,uint16,O,R,,,1
Repeating,7212,1,StrModTmpMin[22],,sint16,M,R,ModTmp_SF,C,1
Repeating,7213,1,StrModTmpMinMod[22],,uint16,O,R,,,1
Repeating,7214,1,StrModTmpAvg[22],,sint16,M,R,ModTmp_SF,C,1
Repeating,7215,1,DisabledReason[22],,enum16,O,R,,,1
Repeating,7216,2,ContactorStatus[22],,bitfield32,O,R,,,1
Repeating,7218,2,StringEvent1[22],,bitfield32,M,R,,,1
Repeating,7220,2,StringEvent2[22],,bitfield32,O,R,,,1
Repeating,7222,2,VendorStringEventBitfield1[22],,bitfield32,O,R,,,1
Repeating,7224,2,VendorStringEventBitfield2[22],,bitfield32,O,R,,,1
Repeating,7226,1,EnableDisableString[22],,enum16,O,RW,,,1
Repeating,7227,1,ConnectDisconnectString[22],,enum16,O,RW,,,1
Repeating,7228,1,Pad[22],,pad,M,R,,,1
Repeating,7229,1,Pad2[22],,pad,M,R,,,1
Repeating,7230,1,ModuleCount[23],,uint16,M,R,,,1
Repeating,7231,2,StringStatus[23],,bitfield32,M,R,,,1
Repeating,7233,1,ConnectionFailureReason[23],,enum16,O,R,,,1
Repeating,7234,1,StringStateofCharge[23],,uint16,M,R,SoC_SF,%,1
Repeating,7235,1,StringStateofHealth[23],,uint16,O,R,SoH_SF,%,1
Repeating,7236,1,StringCurrent[23],,sint16,M,R,A_SF,A,1
Repeating,7237,1,MaxCellVoltage[23],,uint16,M,R,CellV_SF,V,1
Repeating,7238,1,MaxCellVoltageModule[23],,uint16,O,R,,,1
Repeating,7239,1,MinCellVoltage[23],,uint16,M,R,CellV_SF,V,1
Repeating,7240,1,MinCellVoltageModule[23],,uint16,O,R,,,1
Repeating,7241,1,AverageCellVoltage[23],,uint16,M,R,CellV_SF,V,1
Repeating,7242,1,StrModTmpMax[23],,sint16,M,R,ModTmp_SF,C,1
Repeating,7243,1,StrModTmpMaxMod[23],,uint16,O,R,,,1
Repeating,7244,1,StrModTmpMin[23],,sint16,M,R,ModTmp_SF,C,1
Repeating,7245,1,StrModTmpMinMod[23],,uint16,O,R,,,1
Repeating,7246,1,StrModTmpAvg[23],,sint16,M,R,ModTmp_SF,C,1
Repeating,7247,1,DisabledReason[23],,enum16,O,R,,,1
Repeating,7248,2,ContactorStatus[23],,bitfield32,O,R,,,1
Repeating,7250,2,StringEvent1[23],,bitfield32,M,R,,,1
Repeating,7252,2,StringEvent2[23],,bitfield32,O,R,,,1
Repeating,7254,2,VendorStringEventBitfield1[23],,bitfield32,O,R,,,1
Repeating,7256,2,VendorStringEventBitfield2[23],,bitfield32,O,R,,,1
Repeating,7258,1,EnableDisableString[23],,enum16,O,RW,,,1
Repeating,7259,1,ConnectDisconnectString[23],,enum16,O,RW,,,1
Repeating,7260,1,Pad[23],,pad,M,R,,,1
Repeating,7261,1,Pad2[23],,pad,M,R,,,1
Repeating,7262,1,ModuleCount[24],,uint16,M,R,,,1
Repeating,7263,2,StringStatus[24],,bitfield32,M,R,,,1
Repeating,7265,1,ConnectionFailureReason[24],,enum16,O,R,,,1
Repeating,7266,1,StringStateofCharge[24],,uint16,M,R,SoC_SF,%,1
Repeating,7267,1,StringStateofHealth[24],,uint16,O,R,SoH_SF,%,1
Repeating,7268,1,StringCurrent[24],,sint16,M,R,A_SF,A,1
Repeating,7269,1,MaxCellVoltage[24],,uint16,M,R,CellV_SF,V,1
Repeating,7270,1,MaxCellVoltageModule[24],,uint16,O,R,,,1
Repeating,7271,1,MinCellVoltage[24],,uint16,M,R,CellV_SF,V,1
Repeating,7272,1,MinCellVoltageModule[24],,uint16,O,R,,,1
Repeating,7273,1,AverageCellVoltage[24],,uint16,M,R,CellV_SF,V,1
Repeating,7274,1,StrModTmpMax[24],,sint16,M,R,ModTmp_SF,C,1
Repeating,7275,1,StrModTmpMaxMod[24],,uint16,O,R,,,1
Repeating,7276,1,StrModTmpMin[24],,sint16,M,R,ModTmp_SF,C,1
Repeating,7277,1,StrModTmpMinMod[24],,uint16,O,R,,,1
Repeating,7278,1,StrModTmpAvg[24],,sint16,M,R,ModTmp_SF,C,1
Repeating,7279,1,DisabledReason[24],,enum16,O,R,,,1
Repeating,7280,2,ContactorStatus[24],,bitfield32,O,R,,,1
Repeating,7282,2,StringEvent1[24],,bitfield32,M,R,,,1
Repeating,7284,2,StringEvent2[24],,bitfield32,O,R,,,1
Repeating,7286,2,VendorStringEventBitfield1[24],,bitfield32,O,R,,,1
Repeating,7288,2,VendorStringEventBitfield2[24],,bitfield32,O,R,,,1
Repeating,7290,1,EnableDisableString[24],,enum16,O,RW,,,1
Repeating,7291,1,ConnectDisconnectString[24],,enum16,O,RW,,,1
Repeating,7292,1,Pad[24],,pad,M,R,,,1
Repeating,7293,1,Pad2[24],,pad,M,R,,,1
Repeating,7294,1,ModuleCount[25],,uint16,M,R,,,1
Repeating,7295,2,StringStatus[25],,bitfield32,M,R,,,1
Repeating,7297,1,ConnectionFailureReason[25],,enum16,O,R,,,1
Repeating,7298,1,StringStateofCharge[25],,uint16,M,R,SoC_SF,%,1
Repeating,7299,1,StringStateofHealth[25],,uint16,O,R,SoH_SF,%,1
Repeating,7300,1,StringCurrent[25],,sint16,M,R,A_SF,A,1
Repeating,7301,1,MaxCellVoltage[25],,uint16,M,R,CellV_SF,V,1
Repeating,7302,1,MaxCellVoltageModule[25],,uint16,O,R,,,1
Repeating,7303,1,MinCellVoltage[25],,uint16,M,R,CellV_SF,V,1
Repeating,7304,1,MinCellVoltageModule[25],,uint16,O,R,,,1
Repeating,7305,1,AverageCellVoltage[25],,uint16,M,R,CellV_SF,V,1
Repeating,7306,1,StrModTmpMax[25],,sint16,M,R,ModTmp_SF,C,1
Repeating,7307,1,StrModTmpMaxMod[25],,uint16,O,R,,,1
Repeating,7308,1,StrModTmpMin[25],,sint16,M,R,ModTmp_SF,C,1
Repeating,7309,1,StrModTmpMinMod[25],,uint16,O,R,,,1
Repeating,7310,1,StrModTmpAvg[25],,sint16,M,R,ModTmp_SF,C,1
Repeating,7311,1,DisabledReason[25],,enum16,O,R,,,1
Repeating,7312,2,ContactorStatus[25],,bitfield32,O,R,,,1
Repeating,7314,2,StringEvent1[25],,bitfield32,M,R,,,1
Repeating,7316,2,StringEvent2[25],,bitfield32,O,R,,,1
Repeating,7318,2,VendorStringEventBitfield1[25],,bitfield32,O,R,,,1
Repeating,7320,2,VendorStringEventBitfield2[25],,bitfield32,O,R,,,1
Repeating,7322,1,EnableDisableString[25],,enum16,O,RW,,,1
Repeating,7323,1,ConnectDisconnectString[25],,enum16,O,RW,,,1
Repeating,7324,1,Pad[25],,pad,M,R,,,1
Repeating,7325,1,Pad2[25],,pad,M,R,,,1
Repeating,7326,1,ModuleCount[26],,uint16,M,R,,,1
Repeating,7327,2,StringStatus[26],,bitfield32,M,R,,,1
Repeating,7329,1,ConnectionFailureReason[26],,enum16,O,R,,,1
Repeating,7330,1,StringStateofCharge[26],,uint16,M,R,SoC_SF,%,1
Repeating,7331,1,StringStateofHealth[26],,uint16,O,R,SoH_SF,%,1
Repeating,7332,1,StringCurrent[26],,sint16,M,R,A_SF,A,1
Repeating,7333,1,MaxCellVoltage[26],,uint16,M,R,CellV_SF,V,1
Repeating,7334,1,MaxCellVoltageModule[26],,uint16,O,R,,,1
Repeating,7335,1,MinCellVoltage[26],,uint16,M,R,CellV_SF,V,1
Repeating,7336,1,MinCellVoltageModule[26],,uint16,O,R,,,1
Repeating,7337,1,AverageCellVoltage[26],,uint16,M,R,CellV_SF,V,1
Repeating,7338,1,StrModTmpMax[26],,sint16,M,R,ModTmp_SF,C,1
Repeating,7339,1,StrModTmpMaxMod[26],,uint16,O,R,,,1
Repeating,7340,1,StrModTmpMin[26],,sint16,M,R,ModTmp_SF,C,1
Repeating,7341,1,StrModTmpMinMod[26],,uint16,O,R,,,1
Repeating,7342,1,StrModTmpAvg[26],,sint16,M,R,ModTmp_SF,C,1
Repeating,7343,1,DisabledReason[26],,enum16,O,R,,,1
Repeating,7344,2,ContactorStatus[26],,bitfield32,O,R,,,1
Repeating,7346,2,StringEvent1[26],,bitfield32,M,R,,,1
Repeating,7348,2,StringEvent2[26],,bitfield32,O,R,,,1
Repeating,7350,2,VendorStringEventBitfield1[26],,bitfield32,O,R,,,1
Repeating,7352,2,VendorStringEventBitfield2[26],,bitfield32,O,R,,,1
Repeating,7354,1,EnableDisableString[26],,enum16,O,RW,,,1
Repeating,7355,1,ConnectDisconnectString[26],,enum16,O,RW,,,1
Repeating,7356,1,Pad[26],,pad,M,R,,,1
Repeating,7357,1,Pad2[26],,pad,M,R,,,1
Repeating,7358,1,ModuleCount[27],,uint16,M,R,,,1
Repeating,7359,2,StringStatus[27],,bitfield32,M,R,,,1
Repeating,7361,1,ConnectionFailureReason[27],,enum16,O,R,,,1
Repeating,7362,1,StringStateofCharge[27],,uint16,M,R,SoC_SF,%,1
Repeating,7363,1,StringStateofHealth[27],,uint16,O,R,SoH_SF,%,1
Repeating,7364,1,StringCurrent[27],,sint16,M,R,A_SF,A,1
Repeating,7365,1,MaxCellVoltage[27],,uint16,M,R,CellV_SF,V,1
Repeating,7366,1,MaxCellVoltageModule[27],,uint16,O,R,,,1
Repeating,7367,1,MinCellVoltage[27],,uint16,M,R,CellV_SF,V,1
Repeating,7368,1,MinCellVoltageModule[27],,uint16,O,R,,,1
Repeating,7369,1,AverageCellVoltage[27],,uint16,M,R,CellV_SF,V,1
Repeating,7370,1,StrModTmpMax[27],,sint16,M,R,ModTmp_SF,C,1
Repeating,7371,1,StrModTmpMaxMod[27],,uint16,O,R,,,1
Repeating,7372,1,StrModTmpMin[27],,sint16,M,R,ModTmp_SF,C,1
Repeating,7373,1,StrModTmpMinMod[27],,uint16,O,R,,,1
Repeating,7374,1,StrModTmpAvg[27],,sint16,M,R,ModTmp_SF,C,1
Repeating,7375,1,DisabledReason[27],,enum16,O,R,,,1
Repeating,7376,2,ContactorStatus[27],,bitfield32,O,R,,,1
Repeating,7378,2,StringEvent1[27],,bitfield32,M,R,,,1
Repeating,7380,2,StringEvent2[27],,bitfield32,O,R,,,1
Repeating,7382,2,VendorStringEventBitfield1[27],,bitfield32,O,R,,,1
Repeating,7384,2,VendorStringEventBitfield2[27],,bitfield32,O,R,,,1
Repeating,7386,1,EnableDisableString[27],,enum16,O,RW,,,1
Repeating,7387,1,ConnectDisconnectString[27],,enum16,O,RW,,,1
Repeating,7388,1,Pad[27],,pad,M,R,,,1
Repeating,7389,1,Pad2[27],,pad,M,R,,,1
Repeating,7390,1,ModuleCount[28],,uint16,M,R,,,1
Repeating,7391,2,StringStatus[28],,bitfield32,M,R,,,1
Repeating,7393,1,ConnectionFailureReason[28],,enum16,O,R,,,1
Repeating,7394,1,StringStateofCharge[28],,uint16,M,R,SoC_SF,%,1
Repeating,7395,1,StringStateofHealth[28],,uint16,O,R,SoH_SF,%,1
Repeating,7396,1,StringCurrent[28],,sint16,M,R,A_SF,A,1
Repeating,7397,1,MaxCellVoltage[28],,uint16,M,R,CellV_SF,V,1
Repeating,7398,1,MaxCellVoltageModule[28],,uint16,O,R,,,1
Repeating,7399,1,MinCellVoltage[28],,uint16,M,R,CellV_SF,V,1
Repeating,7400,1,MinCellVoltageModule[28],,uint16,O,R,,,1
Repeating,7401,1,AverageCellVoltage[28],,uint16,M,R,CellV_SF,V,1
Repeating,7402,1,StrModTmpMax[28],,sint16,M,R,ModTmp_SF,C,1
Repeating,7403,1,StrModTmpMaxMod[28],,uint16,O,R,,,1
Repeating,7404,1,StrModTmpMin[28],,sint16,M,R,ModTmp_SF,C,1
Repeating,7405,1,StrModTmpMinMod[28],,uint16,O,R,,,1
Repeating,7406,1,StrModTmpAvg[28],,sint16,M,R,ModTmp_SF,C,1
Repeating,7407,1,DisabledReason[28],,enum16,O,R,,,1
Repeating,7408,2,ContactorStatus[28],,bitfield32,O,R,,,1
Repeating,7410,2,StringEvent1[28],,bitfield32,M,R,,,1
Repeating,7412,2,StringEvent2[28],,bitfield32,O,R,,,1
Repeating,7414,2,VendorStringEventBitfield1[28],,bitfield32,O,R,,,1
Repeating,7416,2,VendorStringEventBitfield2[28],,bitfield32,O,R,,,1
Repeating,7418,1,EnableDisableString[28],,enum16,O,RW,,,1
Repeating,7419,1,ConnectDisconnectString[28],,enum16,O,RW,,,1
Repeating,7420,1,Pad[28],,pad,M,R,,,1
Repeating,7421,1,Pad2[28],,pad,M,R,,,1
Repeating,7422,1,ModuleCount[29],,uint16,M,R,,,1
Repeating,7423,2,StringStatus[29],,bitfield32,M,R,,,1
Repeating,7425,1,ConnectionFailureReason[29],,enum16,O,R,,,1
Repeating,7426,1,StringStateofCharge[29],,uint16,M,R,SoC_SF,%,1
Repeating,7427,1,StringStateofHealth[29],,uint16,O,R,SoH_SF,%,1
Repeating,7428,1,StringCurrent[29],,sint16,M,R,A_SF,A,1
Repeating,7429,1,MaxCellVoltage[29],,uint16,M,R,CellV_SF,V,1
Repeating,7430,1,MaxCellVoltageModule[29],,uint16,O,R,,,1
Repeating,7431,1,MinCellVoltage[29],,uint16,M,R,CellV_SF,V,1
Repeating,7432,1,MinCellVoltageModule[29],,uint16,O,R,,,1
Repeating,7433,1,AverageCellVoltage[29],,uint16,M,R,CellV_SF,V,1
Repeating,7434,1,StrModTmpMax[29],,sint16,M,R,ModTmp_SF,C,1
Repeating,7435,1,StrModTmpMaxMod[29],,uint16,O,R,,,1
Repeating,7436,1,StrModTmpMin[29],,sint16,M,R,ModTmp_SF,C,1
Repeating,7437,1,StrModTmpMinMod[29],,uint16,O,R,,,1
Repeating,7438,1,StrModTmpAvg[29],,sint16,M,R,ModTmp_SF,C,1
Repeating,7439,1,DisabledReason[29],,enum16,O,R,,,1
Repeating,7440,2,ContactorStatus[29],,bitfield32,O,R,,,1
Repeating,7442,2,StringEvent1[29],,bitfield32,M,R,,,1
Repeating,7444,2,StringEvent2[29],,bitfield32,O,R,,,1
Repeating,7446,2,VendorStringEventBitfield1[29],,bitfield32,O,R,,,1
Repeating,7448,2,VendorStringEventBitfield2[29],,bitfield32,O,R,,,1
Repeating,7450,1,EnableDisableString[29],,enum16,O,RW,,,1
Repeating,7451,1,ConnectDisconnectString[29],,enum16,O,RW,,,1
Repeating,7452,1,Pad[29],,pad,M,R,,,1
Repeating,7453,1,Pad2[29],,pad,M,R,,,1
Repeating,7454,1,ModuleCount[30],,uint16,M,R,,,1
Repeating,7455,2,StringStatus[30],,bitfield32,M,R,,,1
Repeating,7457,1,ConnectionFailureReason[30],,enum16,O,R,,,1
Repeating,7458,1,StringStateofCharge[30],,uint16,M,R,SoC_SF,%,1
Repeating,7459,1,StringStateofHealth[30],,uint16,O,R,SoH_SF,%,1
Repeating,7460,1,StringCurrent[30],,sint16,M,R,A_SF,A,1
Repeating,7461,1,MaxCellVoltage[30],,uint16,M,R,CellV_SF,V,1
Repeating,7462,1,MaxCellVoltageModule[30],,uint16,O,R,,,1
Repeating,7463,1,MinCellVoltage[30],,uint16,M,R,CellV_SF,V,1
Repeating,7464,1,MinCellVoltageModule[30],,uint16,O,R,,,1
Repeating,7465,1,AverageCellVoltage[30],,uint16,M,R,CellV_SF,V,1
Repeating,7466,1,StrModTmpMax[30],,sint16,M,R,ModTmp_SF,C,1
Repeating,7467,1,StrModTmpMaxMod[30],,uint16,O,R,,,1
Repeating,7468,1,StrModTmpMin[30],,sint16,M,R,ModTmp_SF,C,1
Repeating,7469,1,StrModTmpMinMod[30],,uint16,O,R,,,1
Repeating,7470,1,StrModTmpAvg[30],,sint16,M,R,ModTmp_SF,C,1
Repeating,7471,1,DisabledReason[30],,enum16,O,R,,,1
Repeating,7472,2,ContactorStatus[30],,bitfield32,O,R,,,1
Repeating,7474,2,StringEvent1[30],,bitfield32,M,R,,,1
Repeating,7476,2,StringEvent2[30],,bitfield32,O,R,,,1
Repeating,7478,2,VendorStringEventBitfield1[30],,bitfield32,O,R,,,1
Repeating,7480,2,VendorStringEventBitfield2[30],,bitfield32,O,R,,,1
Repeating,7482,1,EnableDisableString[30],,enum16,O,RW,,,1
Repeating,7483,1,ConnectDisconnectString[30],,enum16,O,RW,,,1
Repeating,7484,1,Pad[30],,pad,M,R,,,1
Repeating,7485,1,Pad2[30],,pad,M,R,,,1
Repeating,7486,1,ModuleCount[31],,uint16,M,R,,,1
Repeating,7487,2,StringStatus[31],,bitfield32,M,R,,,1
Repeating,7489,1,ConnectionFailureReason[31],,enum16,O,R,,,1
Repeating,7490,1,StringStateofCharge[31],,uint16,M,R,SoC_SF,%,1
Repeating,7491,1,StringStateofHealth[31],,uint16,O,R,SoH_SF,%,1
Repeating,7492,1,StringCurrent[31],,sint16,M,R,A_SF,A,1
Repeating,7493,1,MaxCellVoltage[31],,uint16,M,R,CellV_SF,V,1
Repeating,7494,1,MaxCellVoltageModule[31],,uint16,O,R,,,1
Repeating,7495,1,MinCellVoltage[31],,uint16,M,R,CellV_SF,V,1
Repeating,7496,1,MinCellVoltageModule[31],,uint16,O,R,,,1
Repeating,7497,1,AverageCellVoltage[31],,uint16,M,R,CellV_SF,V,1
Repeating,7498,1,StrModTmpMax[31],,sint16,M,R,ModTmp_SF,C,1
Repeating,7499,1,StrModTmpMaxMod[31],,uint16,O,R,,,1
Repeating,7500,1,StrModTmpMin[31],,sint16,M,R,ModTmp_SF,C,1
Repeating,7501,1,StrModTmpMinMod[31],,uint16,O,R,,,1
Repeating,7502,1,StrModTmpAvg[31],,sint16,M,R,ModTmp_SF,C,1
Repeating,7503,1,DisabledReason[31],,enum16,O,R,,,1
Repeating,7504,2,ContactorStatus[31],,bitfield32,O,R,,,1
Repeating,7506,2,StringEvent1[31],,bitfield32,M,R,,,1
Repeating,7508,2,StringEvent2[31],,bitfield32,O,R,,,1
Repeating,7510,2,VendorStringEventBitfield1[31],,bitfield32,O,R,,,1
Repeating,7512,2,VendorStringEventBitfield2[31],,bitfield32,O,R,,,1
Repeating,7514,1,EnableDisableString[31],,enum16,O,RW,,,1
Repeating,7515,1,ConnectDisconnectString[31],,enum16,O,RW,,,1
Repeating,7516,1,Pad[31],,pad,M,R,,,1
Repeating,7517,1,Pad2[31],,pad,M,R,,,1
Repeating,7518,1,ModuleCount[32],,uint16,M,R,,,1
Repeating,7519,2,StringStatus[32],,bitfield32,M,R,,,1
Repeating,7521,1,ConnectionFailureReason[32],,enum16,O,R,,,1
Repeating,7522,1,StringStateofCharge[32],,uint16,M,R,SoC_SF,%,1
Repeating,7523,1,StringStateofHealth[32],,uint16,O,R,SoH_SF,%,1
Repeating,7524,1,StringCurrent[32],,sint16,M,R,A_SF,A,1
Repeating,7525,1,MaxCellVoltage[32],,uint16,M,R,CellV_SF,V,1
Repeating,7526,1,MaxCellVoltageModule[32],,uint16,O,R,,,1
Repeating,7527,1,MinCellVoltage[32],,uint16,M,R,CellV_SF,V,1
Repeating,7528,1,MinCellVoltageModule[32],,uint16,O,R,,,1
Repeating,7529,1,AverageCellVoltage[32],,uint16,M,R,CellV_SF,V,1
Repeating,7530,1,StrModTmpMax[32],,sint16,M,R,ModTmp_SF,C,1
Repeating,7531,1,StrModTmpMaxMod[32],,uint16,O,R,,,1
Repeating,7532,1,StrModTmpMin[32],,sint16,M,R,ModTmp_SF,C,1
Repeating,7533,1,StrModTmpMinMod[32],,uint16,O,R,,,1
Repeating,7534,1,StrModTmpAvg[32],,sint16,M,R,ModTmp_SF,C,1
Repeating,7535,1,DisabledReason[32],,enum16,O,R,,,1
Repeating,7536,2,ContactorStatus[32],,bitfield32,O,R,,,1
Repeating,7538,2,StringEvent1[32],,bitfield32,M,R,,,1
Repeating,7540,2,StringEvent2[32],,bitfield32,O,R,,,1
Repeating,7542,2,VendorStringEventBitfield1[32],,bitfield32,O,R,,,1
Repeating,7544,2,VendorStringEventBitfield2[32],,bitfield32,O,R,,,1
Repeating,7546,1,EnableDisableString[32],,enum16,O,RW,,,1
Repeating,7547,1,ConnectDisconnectString[32],,enum16,O,RW,,,1
Repeating,7548,1,Pad[32],,pad,M,R,,,1
Repeating,7549,1,Pad2[32],,pad,M,R,,,1
Repeating,7550,1,ModuleCount[33],,uint16,M,R,,,1
Repeating,7551,2,StringStatus[33],,bitfield32,M,R,,,1
Repeating,7553,1,ConnectionFailureReason[33],,enum16,O,R,,,1
Repeating,7554,1,StringStateofCharge[33],,uint16,M,R,SoC_SF,%,1
Repeating,7555,1,StringStateofHealth[33],,uint16,O,R,SoH_SF,%,1
Repeating,7556,1,StringCurrent[33],,sint16,M,R,A_SF,A,1
Repeating,7557,1,MaxCellVoltage[33],,uint16,M,R,CellV_SF,V,1
Repeating,7558,1,MaxCellVoltageModule[33],,uint16,O,R,,,1
Repeating,7559,1,MinCellVoltage[33],,uint16,M,R,CellV_SF,V,1
Repeating,7560,1,MinCellVoltageModule[33],,uint16,O,R,,,1
Repeating,7561,1,AverageCellVoltage[33],,uint16,M,R,CellV_SF,V,1
Repeating,7562,1,StrModTmpMax[33],,sint16,M,R,ModTmp_SF,C,1
Repeating,7563,1,StrModTmpMaxMod[33],,uint16,O,R,,,1
Repeating,7564,1,StrModTmpMin[33],,sint16,M,R,ModTmp_SF,C,1
Repeating,7565,1,StrModTmpMinMod[33],,uint16,O,R,,,1
Repeating,7566,1,StrModTmpAvg[33],,sint16,M,R,ModTmp_SF,C,1
Repeating,7567,1,DisabledReason[33],,enum16,O,R,,,1
Repeating,7568,2,ContactorStatus[33],,bitfield32,O,R,,,1
Repeating,7570,2,StringEvent1[33],,bitfield32,M,R,,,1
Repeating,7572,2,StringEvent2[33],,bitfield32,O,R,,,1
Repeating,7574,2,VendorStringEventBitfield1[33],,bitfield32,O,R,,,1
Repeating,7576,2,VendorStringEventBitfield2[33],,bitfield32,O,R,,,1
Repeating,7578,1,EnableDisableString[33],,enum16,O,RW,,,1
Repeating,7579,1,ConnectDisconnectString[33],,enum16,O,RW,,,1
Repeating,7580,1,Pad[33],,pad,M,R,,,1
Repeating,7581,1,Pad2[33],,pad,M,R,,,1
Repeating,7582,1,ModuleCount[34],,uint16,M,R,,,1
Repeating,7583,2,StringStatus[34],,bitfield32,M,R,,,1
Repeating,7585,1,ConnectionFailureReason[34],,enum16,O,R,,,1
Repeating,7586,1,StringStateofCharge[34],,uint16,M,R,SoC_SF,%,1
Repeating,7587,1,StringStateofHealth[34],,uint16,O,R,SoH_SF,%,1
Repeating,7588,1,StringCurrent[34],,sint16,M,R,A_SF,A,1
Repeating,7589,1,MaxCellVoltage[34],,uint16,M,R,CellV_SF,V,1
Repeating,7590,1,MaxCellVoltageModule[34],,uint16,O,R,,,1
Repeating,7591,1,MinCellVoltage[34],,uint16,M,R,CellV_SF,V,1
Repeating,7592,1,MinCellVoltageModule[34],,uint16,O,R,,,1
Repeating,7593,1,AverageCellVoltage[34],,uint16,M,R,CellV_SF,V,1
Repeating,7594,1,StrModTmpMax[34],,sint16,M,R,ModTmp_SF,C,1
Repeating,7595,1,StrModTmpMaxMod[34],,uint16,O,R,,,1
Repeating,7596,1,StrModTmpMin[34],,sint16,M,R,ModTmp_SF,C,1
Repeating,7597,1,StrModTmpMinMod[34],,uint16,O,R,,,1
Repeating,7598,1,StrModTmpAvg[34],,sint16,M,R,ModTmp_SF,C,1
Repeating,7599,1,DisabledReason[34],,enum16,O,R,,,1
Repeating,7600,2,ContactorStatus[34],,bitfield32,O,R,,,1
Repeating,7602,2,StringEvent1[34],,bitfield32,M,R,,,1
Repeating,7604,2,StringEvent2[34],,bitfield32,O,R,,,1
Repeating,7606,2,VendorStringEventBitfield1[34],,bitfield32,O,R,,,1
Repeating,7608,2,VendorStringEventBitfield2[34],,bitfield32,O,R,,,1
Repeating,7610,1,EnableDisableString[34],,enum16,O,RW,,,1
Repeating,7611,1,ConnectDisconnectString[34],,enum16,O,RW,,,1
Repeating,7612,1,Pad[34],,pad,M,R,,,1
Repeating,7613,1,Pad2[34],,pad,M,R,,,1
Repeating,7614,1,ModuleCount[35],,uint16,M,R,,,1
Repeating,7615,2,StringStatus[35],,bitfield32,M,R,,,1
Repeating,7617,1,ConnectionFailureReason[35],,enum16,O,R,,,1
Repeating,7618,1,StringStateofCharge[35],,uint16,M,R,SoC_SF,%,1
Repeating,7619,1,StringStateofHealth[35],,uint16,O,R,SoH_SF,%,1
Repeating,7620,1,StringCurrent[35],,sint16,M,R,A_SF,A,1
Repeating,7621,1,MaxCellVoltage[35],,uint16,M,R,CellV_SF,V,1
Repeating,7622,1,MaxCellVoltageModule[35],,uint16,O,R,,,1
Repeating,7623,1,MinCellVoltage[35],,uint16,M,R,CellV_SF,V,1
Repeating,7624,1,MinCellVoltageModule[35],,uint16,O,R,,,1
Repeating,7625,1,AverageCellVoltage[35],,uint16,M,R,CellV_SF,V,1
Repeating,7626,1,StrModTmpMax[35],,sint16,M,R,ModTmp_SF,C,1
Repeating,7627,1,StrModTmpMaxMod[35],,uint16,O,R,,,1
Repeating,7628,1,StrModTmpMin[35],,sint16,M,R,ModTmp_SF,C,1
Repeating,7629,1,StrModTmpMinMod[35],,uint16,O,R,,,1
Repeating,7630,1,StrModTmpAvg[35],,sint16,M,R,ModTmp_SF,C,1
Repeating,7631,1,DisabledReason[35],,enum16,O,R,,,1
Repeating,7632,2,ContactorStatus[35],,bitfield32,O,R,,,1
Repeating,7634,2,StringEvent1[35],,bitfield32,M,R,,,1
Repeating,7636,2,StringEvent2[35],,bitfield32,O,R,,,1
Repeating,7638,2,VendorStringEventBitfield1[35],,bitfield32,O,R,,,1
Repeating,7640,2,VendorStringEventBitfield2[35],,bitfield32,O,R,,,1
Repeating,7642,1,EnableDisableString[35],,enum16,O,RW,,,1
Repeating,7643,1,ConnectDisconnectString[35],,enum16,O,RW,,,1
Repeating,7644,1,Pad[35],,pad,M,R,,,1
Repeating,7645,1,Pad2[35],,pad,M,R,,,1
Repeating,7646,1,ModuleCount[36],,uint16,M,R,,,1
Repeating,7647,2,StringStatus[36],,bitfield32,M,R,,,1
Repeating,7649,1,ConnectionFailureReason[36],,enum16,O,R,,,1
Repeating,7650,1,StringStateofCharge[36],,uint16,M,R,SoC_SF,%,1
Repeating,7651,1,StringStateofHealth[36],,uint16,O,R,SoH_SF,%,1
Repeating,7652,1,StringCurrent[36],,sint16,M,R,A_SF,A,1
Repeating,7653,1,MaxCellVoltage[36],,uint16,M,R,CellV_SF,V,1
Repeating,7654,1,MaxCellVoltageModule[36],,uint16,O,R,,,1
Repeating,7655,1,MinCellVoltage[36],,uint16,M,R,CellV_SF,V,1
Repeating,7656,1,MinCellVoltageModule[36],,uint16,O,R,,,1
Repeating,7657,1,AverageCellVoltage[36],,uint16,M,R,CellV_SF,V,1
Repeating,7658,1,StrModTmpMax[36],,sint16,M,R,ModTmp_SF,C,1
Repeating,7659,1,StrModTmpMaxMod[36],,uint16,O,R,,,1
Repeating,7660,1,StrModTmpMin[36],,sint16,M,R,ModTmp_SF,C,1
Repeating,7661,1,StrModTmpMinMod[36],,uint16,O,R,,,1
Repeating,7662,1,StrModTmpAvg[36],,sint16,M,R,ModTmp_SF,C,1
Repeating,7663,1,DisabledReason[36],,enum16,O,R,,,1
Repeating,7664,2,ContactorStatus[36],,bitfield32,O,R,,,1
Repeating,7666,2,StringEvent1[36],,bitfield32,M,R,,,1
Repeating,7668,2,StringEvent2[36],,bitfield32,O,R,,,1
Repeating,7670,2,VendorStringEventBitfield1[36],,bitfield32,O,R,,,1
Repeating,7672,2,VendorStringEventBitfield2[36],,bitfield32,O,R,,,1
Repeating,7674,1,EnableDisableString[36],,enum16,O,RW,,,1
Repeating,7675,1,ConnectDisconnectString[36],,enum16,O,RW,,,1
Repeating,7676,1,Pad[36],,pad,M,R,,,1
Repeating,7677,1,Pad2[36],,pad,M,R,,,1
Repeating,7678,1,ModuleCount[37],,uint16,M,R,,,1
Repeating,7679,2,StringStatus[37],,bitfield32,M,R,,,1
Repeating,7681,1,ConnectionFailureReason[37],,enum16,O,R,,,1
Repeating,7682,1,StringStateofCharge[37],,uint16,M,R,SoC_SF,%,1
Repeating,7683,1,StringStateofHealth[37],,uint16,O,R,SoH_SF,%,1
Repeating,7684,1,StringCurrent[37],,sint16,M,R,A_SF,A,1
Repeating,7685,1,MaxCellVoltage[37],,uint16,M,R,CellV_SF,V,1
Repeating,7686,1,MaxCellVoltageModule[37],,uint16,O,R,,,1
Repeating,7687,1,MinCellVoltage[37],,uint16,M,R,CellV_SF,V,1
Repeating,7688,1,MinCellVoltageModule[37],,uint16,O,R,,,1
Repeating,7689,1,AverageCellVoltage[37],,uint16,M,R,CellV_SF,V,1
Repeating,7690,1,StrModTmpMax[37],,sint16,M,R,ModTmp_SF,C,1
Repeating,7691,1,StrModTmpMaxMod[37],,uint16,O,R,,,1
Repeating,7692,1,StrModTmpMin[37],,sint16,M,R,ModTmp_SF,C,1
Repeating,7693,1,StrModTmpMinMod[37],,uint16,O,R,,,1
Repeating,7694,1,StrModTmpAvg[37],,sint16,M,R,ModTmp_SF,C,1
Repeating,7695,1,DisabledReason[37],,enum16,O,R,,,1
Repeating,7696,2,ContactorStatus[37],,bitfield32,O,R,,,1
Repeating,7698,2,StringEvent1[37],,bitfield32,M,R,,,1
Repeating,7700,2,StringEvent2[37],,bitfield32,O,R,,,1
Repeating,7702,2,VendorStringEventBitfield1[37],,bitfield32,O,R,,,1
Repeating,7704,2,VendorStringEventBitfield2[37],,bitfield32,O,R,,,1
Repeating,7706,1,EnableDisableString[37],,enum16,O,RW,,,1
Repeating,7707,1,ConnectDisconnectString[37],,enum16,O,RW,,,1
Repeating,7708,1,Pad[37],,pad,M,R,,,1
Repeating,7709,1,Pad2[37],,pad,M,R,,,1
Repeating,7710,1,ModuleCount[38],,uint16,M,R,,,1
Repeating,7711,2,StringStatus[38],,bitfield32,M,R,,,1
Repeating,7713,1,ConnectionFailureReason[38],,enum16,O,R,,,1
Repeating,7714,1,StringStateofCharge[38],,uint16,M,R,SoC_SF,%,1
Repeating,7715,1,StringStateofHealth[38],,uint16,O,R,SoH_SF,%,1
Repeating,7716,1,StringCurrent[38],,sint16,M,R,A_SF,A,1
Repeating,7717,1,MaxCellVoltage[38],,uint16,M,R,CellV_SF,V,1
Repeating,7718,1,MaxCellVoltageModule[38],,uint16,O,R,,,1
Repeating,7719,1,MinCellVoltage[38],,uint16,M,R,CellV_SF,V,1
Repeating,7720,1,MinCellVoltageModule[38],,uint16,O,R,,,1
Repeating,7721,1,AverageCellVoltage[38],,uint16,M,R,CellV_SF,V,1
Repeating,7722,1,StrModTmpMax[38],,sint16,M,R,ModTmp_SF,C,1
Repeating,7723,1,StrModTmpMaxMod[38],,uint16,O,R,,,1
Repeating,7724,1,StrModTmpMin[38],,sint16,M,R,ModTmp_SF,C,1
Repeating,7725,1,StrModTmpMinMod[38],,uint16,O,R,,,1
Repeating,7726,1,StrModTmpAvg[38],,sint16,M,R,ModTmp_SF,C,1
Repeating,7727,1,DisabledReason[38],,enum16,O,R,,,1
Repeating,7728,2,ContactorStatus[38],,bitfield32,O,R,,,1
Repeating,7730,2,StringEvent1[38],,bitfield32,M,R,,,1
Repeating,7732,2,StringEvent2[38],,bitfield32,O,R,,,1
Repeating,7734,2,VendorStringEventBitfield1[38],,bitfield32,O,R,,,1
Repeating,7736,2,VendorStringEventBitfield2[38],,bitfield32,O,R,,,1
Repeating,7738,1,EnableDisableString[38],,enum16,O,RW,,,1
Repeating,7739,1,ConnectDisconnectString[38],,enum16,O,RW,,,1
Repeating,7740,1,Pad[38],,pad,M,R,,,1
Repeating,7741,1,Pad2[38],,pad,M,R,,,1
Repeating,7742,1,ModuleCount[39],,uint16,M,R,,,1
Repeating,7743,2,StringStatus[39],,bitfield32,M,R,,,1
Repeating,7745,1,ConnectionFailureReason[39],,enum16,O,R,,,1
Repeating,7746,1,StringStateofCharge[39],,uint16,M,R,SoC_SF,%,1
Repeating,7747,1,StringStateofHealth[39],,uint16,O,R,SoH_SF,%,1
Repeating,7748,1,StringCurrent[39],,sint16,M,R,A_SF,A,1
Repeating,7749,1,MaxCellVoltage[39],,uint16,M,R,CellV_SF,V,1
Repeating,7750,1,MaxCellVoltageModule[39],,uint16,O,R,,,1
Repeating,7751,1,MinCellVoltage[39],,uint16,M,R,CellV_SF,V,1
Repeating,7752,1,MinCellVoltageModule[39],,uint16,O,R,,,1
Repeating,7753,1,AverageCellVoltage[39],,uint16,M,R,CellV_SF,V,1
Repeating,7754,1,StrModTmpMax[39],,sint16,M,R,ModTmp_SF,C,1
Repeating,7755,1,StrModTmpMaxMod[39],,uint16,O,R,,,1
Repeating,7756,1,StrModTmpMin[39],,sint16,M,R,ModTmp_SF,C,1
Repeating,7757,1,StrModTmpMinMod[39],,uint16,O,R,,,1
Repeating,7758,1,StrModTmpAvg[39],,sint16,M,R,ModTmp_SF,C,1
Repeating,7759,1,DisabledReason[39],,enum16,O,R,,,1
Repeating,7760,2,ContactorStatus[39],,bitfield32,O,R,,,1
Repeating,7762,2,StringEvent1[39],,bitfield32,M,R,,,1
Repeating,7764,2,StringEvent2[39],,bitfield32,O,R,,,1
Repeating,7766,2,VendorStringEventBitfield1[39],,bitfield32,O,R,,,1
Repeating,7768,2,VendorStringEventBitfield2[39],,bitfield32,O,R,,,1
Repeating,7770,1,EnableDisableString[39],,enum16,O,RW,,,1
Repeating,7771,1,ConnectDisconnectString[39],,enum16,O,RW,,,1
Repeating,7772,1,Pad[39],,pad,M,R,,,1
Repeating,7773,1,Pad2[39],,pad,M,R,,,1
Repeating,7774,1,ModuleCount[40],,uint16,M,R,,,1
Repeating,7775,2,StringStatus[40],,bitfield32,M,R,,,1
Repeating,7777,1,ConnectionFailureReason[40],,enum16,O,R,,,1
Repeating,7778,1,StringStateofCharge[40],,uint16,M,R,SoC_SF,%,1
Repeating,7779,1,StringStateofHealth[40],,uint16,O,R,SoH_SF,%,1
Repeating,7780,1,StringCurrent[40],,sint16,M,R,A_SF,A,1
Repeating,7781,1,MaxCellVoltage[40],,uint16,M,R,CellV_SF,V,1
Repeating,7782,1,MaxCellVoltageModule[40],,uint16,O,R,,,1
Repeating,7783,1,MinCellVoltage[40],,uint16,M,R,CellV_SF,V,1
Repeating,7784,1,MinCellVoltageModule[40],,uint16,O,R,,,1
Repeating,7785,1,AverageCellVoltage[40],,uint16,M,R,CellV_SF,V,1
Repeating,7786,1,StrModTmpMax[40],,sint16,M,R,ModTmp_SF,C,1
Repeating,7787,1,StrModTmpMaxMod[40],,uint16,O,R,,,1
Repeating,7788,1,StrModTmpMin[40],,sint16,M,R,ModTmp_SF,C,1
Repeating,7789,1,StrModTmpMinMod[40],,uint16,O,R,,,1
Repeating,7790,1,StrModTmpAvg[40],,sint16,M,R,ModTmp_SF,C,1
Repeating,7791,1,DisabledReason[40],,enum16,O,R,,,1
Repeating,7792,2,ContactorStatus[40],,bitfield32,O,R,,,1
Repeating,7794,2,StringEvent1[40],,bitfield32,M,R,,,1
Repeating,7796,2,StringEvent2[40],,bitfield32,O,R,,,1
Repeating,7798,2,VendorStringEventBitfield1[40],,bitfield32,O,R,,,1
Repeating,7800,2,VendorStringEventBitfield2[40],,bitfield32,O,R,,,1
Repeating,7802,1,EnableDisableString[40],,enum16,O,RW,,,1
Repeating,7803,1,ConnectDisconnectString[40],,enum16,O,RW,,,1
Repeating,7804,1,Pad[40],,pad,M,R,,,1
Repeating,7805,1,Pad2[40],,pad,M,R,,,1
Header,7806,1,"ID ""LithiumIonBatteryBankModel""",803,uint16,M,R,,,1
Header,7807,1,Length,1306,uint16,M,R,,,1
Fixed,7808,1,StringCount,,uint16,M,R,,,1
Fixed,7809,1,ConnectedStringCount,,uint16,M,R,,,1
Fixed,7810,1,MaxModuleTemperature,,sint16,M,R,ModTmp_SF,,1
Fixed,7811,1,MaxModuleTemperatureString,,uint16,O,R,,,1
Fixed,7812,1,MaxModuleTemperatureModule,,uint16,O,R,,,1
Fixed,7813,1,MinModuleTemperature,,sint16,M,R,ModTmp_SF,C,1
Fixed,7814,1,MinModuleTemperatureString,,uint16,O,R,,,1
Fixed,7815,1,MinModuleTemperatureModule,,uint16,O,R,,,1
Fixed,7816,1,AverageModuleTemperature,,sint16,O,R,ModTmp_SF,C,1
Fixed,7817,1,MaxStringVoltage,,uint16,O,R,V_SF,V,1
Fixed,7818,1,MaxStringVoltageString,,uint16,O,R,,,1
Fixed,7819,1,MinStringVoltage,,uint16,O,R,V_SF,V,1
Fixed,7820,1,MinStringVoltageString,,uint16,O,R,,,1
Fixed,7821,1,AverageStringVoltage,,uint16,O,R,V_SF,V,1
Fixed,7822,1,MaxStringCurrent,,sint16,O,R,A_SF,A,1
Fixed,7823,1,MaxStringCurrentString,,uint16,O,R,,,1
Fixed,7824,1,MinStringCurrent,,sint16,O,R,A_SF,A,1
Fixed,7825,1,MinStringCurrentString,,uint16,O,R,,,1
Fixed,7826,1,AverageStringCurrent,,sint16,O,R,A_SF,A,1
Fixed,7827,1,BatteryCellBalancingCount,,uint16,O,R,,,1
Fixed,7828,1,CellV_SF,,scalefactor,M,R,,,1
Fixed,7829,1,ModTmp_SF,,scalefactor,M,R,,,1
Fixed,7830,1,A_SF,,scalefactor,M,R,,,1
Fixed,7831,1,SoH_SF,,scalefactor,O,R,,,1
Fixed,7832,1,SoC_SF,,scalefactor,M,R,,,1
Fixed,7833,1,V_SF,,scalefactor,O,R,,,1
Repeating,7834,1,ModuleCount[1],,uint16,M,R,,,1
Repeating,7835,2,StringStatus[1],,bitfield32,M,R,,,1
Repeating,7837,1,ConnectionFailureReason[1],,enum16,O,R,,,1
Repeating,7838,1,StringStateofCharge[1],,uint16,M,R,SoC_SF,%,1
Repeating,7839,1,StringStateofHealth[1],,uint16,O,R,SoH_SF,%,1
Repeating,7840,1,StringCurrent[1],,sint16,M,R,A_SF,A,1
Repeating,7841,1,MaxCellVoltage[1],,uint16,M,R,CellV_SF,V,1
Repeating,7842,1,MaxCellVoltageModule[1],,uint16,O,R,,,1
Repeating,7843,1,MinCellVoltage[1],,uint16,M,R,CellV_SF,V,1
Repeating,7844,1,MinCellVoltageModule[1],,uint16,O,R,,,1
Repeating,7845,1,AverageCellVoltage[1],,uint16,M,R,CellV_SF,V,1
Repeating,7846,1,StrModTmpMax[1],,sint16,M,R,ModTmp_SF,C,1
Repeating,7847,1,StrModTmpMaxMod[1],,uint16,O,R,,,1
Repeating,7848,1,StrModTmpMin[1],,sint16,M,R,ModTmp_SF,C,1
Repeating,7849,1,StrModTmpMinMod[1],,uint16,O,R,,,1
Repeating,7850,1,StrModTmpAvg[1],,sint16,M,R,ModTmp_SF,C,1
Repeating,7851,1,DisabledReason[1],,enum16,O,R,,,1
Repeating,7852,2,ContactorStatus[1],,bitfield32,O,R,,,1
Repeating,7854,2,StringEvent1[1],,bitfield32,M,R,,,1
Repeating,7856,2,StringEvent2[1],,bitfield32,O,R,,,1
Repeating,7858,2,VendorStringEventBitfield1[1],,bitfield32,O,R,,,1
Repeating,7860,2,VendorStringEventBitfield2[1],,bitfield32,O,R,,,1
Repeating,7862,1,EnableDisableString[1],,enum16,O,RW,,,1
Repeating,7863,1,ConnectDisconnectString[1],,enum16,O,RW,,,1
Repeating,7864,1,Pad[1],,pad,M,R,,,1
Repeating,7865,1,Pad2[1],,pad,M,R,,,1
Repeating,7866,1,ModuleCount[2],,uint16,M,R,,,1
Repeating,7867,2,StringStatus[2],,bitfield32,M,R,,,1
Repeating,7869,1,ConnectionFailureReason[2],,enum16,O,R,,,1
Repeating,7870,1,StringStateofCharge[2],,uint16,M,R,SoC_SF,%,1
Repeating,7871,1,StringStateofHealth[2],,uint16,O,R,SoH_SF,%,1
Repeating,7872,1,StringCurrent[2],,sint16,M,R,A_SF,A,1
Repeating,7873,1,MaxCellVoltage[2],,uint16,M,R,CellV_SF,V,1
Repeating,7874,1,MaxCellVoltageModule[2],,uint16,O,R,,,1
Repeating,7875,1,MinCellVoltage[2],,uint16,M,R,CellV_SF,V,1
Repeating,7876,1,MinCellVoltageModule[2],,uint16,O,R,,,1
Repeating,7877,1,AverageCellVoltage[2],,uint16,M,R,CellV_SF,V,1
Repeating,7878,1,StrModTmpMax[2],,sint16,M,R,ModTmp_SF,C,1
Repeating,7879,1,StrModTmpMaxMod[2],,uint16,O,R,,,1
Repeating,7880,1,StrModTmpMin[2],,sint16,M,R,ModTmp_SF,C,1
Repeating,7881,1,StrModTmpMinMod[2],,uint16,O,R,,,1
Repeating,7882,1,StrModTmpAvg[2],,sint16,M,R,ModTmp_SF,C,1
Repeating,7883,1,DisabledReason[2],,enum16,O,R,,,1
Repeating,7884,2,ContactorStatus[2],,bitfield32,O,R,,,1
Repeating,7886,2,StringEvent1[2],,bitfield32,M,R,,,1
Repeating,7888,2,StringEvent2[2],,bitfield32,O,R,,,1
Repeating,7890,2,VendorStringEventBitfield1[2],,bitfield32,O,R,,,1
Repeating,7892,2,VendorStringEventBitfield2[2],,bitfield32,O,R,,,1
Repeating,7894,1,EnableDisableString[2],,enum16,O,RW,,,1
Repeating,7895,1,ConnectDisconnectString[2],,enum16,O,RW,,,1
Repeating,7896,1,Pad[2],,pad,M,R,,,1
Repeating,7897,1,Pad2[2],,pad,M,R,,,1
Repeating,7898,1,ModuleCount[3],,uint16,M,R,,,1
Repeating,7899,2,StringStatus[3],,bitfield32,M,R,,,1
Repeating,7901,1,ConnectionFailureReason[3],,enum16,O,R,,,1
Repeating,7902,1,StringStateofCharge[3],,uint16,M,R,SoC_SF,%,1
Repeating,7903,1,StringStateofHealth[3],,uint16,O,R,SoH_SF,%,1
Repeating,7904,1,StringCurrent[3],,sint16,M,R,A_SF,A,1
Repeating,7905,1,MaxCellVoltage[3],,uint16,M,R,CellV_SF,V,1
Repeating,7906,1,MaxCellVoltageModule[3],,uint16,O,R,,,1
Repeating,7907,1,MinCellVoltage[3],,uint16,M,R,CellV_SF,V,1
Repeating,7908,1,MinCellVoltageModule[3],,uint16,O,R,,,1
Repeating,7909,1,AverageCellVoltage[3],,uint16,M,R,CellV_SF,V,1
Repeating,7910,1,StrModTmpMax[3],,sint16,M,R,ModTmp_SF,C,1
Repeating,7911,1,StrModTmpMaxMod[3],,uint16,O,R,,,1
Repeating,7912,1,StrModTmpMin[3],,sint16,M,R,ModTmp_SF,C,1
Repeating,7913,1,StrModTmpMinMod[3],,uint16,O,R,,,1
Repeating,7914,1,StrModTmpAvg[3],,sint16,M,R,ModTmp_SF,C,1
Repeating,7915,1,DisabledReason[3],,enum16,O,R,,,1
Repeating,7916,2,ContactorStatus[3],,bitfield32,O,R,,,1
Repeating,7918,2,StringEvent1[3],,bitfield32,M,R,,,1
Repeating,7920,2,StringEvent2[3],,bitfield32,O,R,,,1
Repeating,7922,2,VendorStringEventBitfield1[3],,bitfield32,O,R,,,1
Repeating,7924,2,VendorStringEventBitfield2[3],,bitfield32,O,R,,,1
Repeating,7926,1,EnableDisableString[3],,enum16,O,RW,,,1
Repeating,7927,1,ConnectDisconnectString[3],,enum16,O,RW,,,1
Repeating,7928,1,Pad[3],,pad,M,R,,,1
Repeating,7929,1,Pad2[3],,pad,M,R,,,1
Repeating,7930,1,ModuleCount[4],,uint16,M,R,,,1
Repeating,7931,2,StringStatus[4],,bitfield32,M,R,,,1
Repeating,7933,1,ConnectionFailureReason[4],,enum16,O,R,,,1
Repeating,7934,1,StringStateofCharge[4],,uint16,M,R,SoC_SF,%,1
Repeating,7935,1,StringStateofHealth[4],,uint16,O,R,SoH_SF,%,1
Repeating,7936,1,StringCurrent[4],,sint16,M,R,A_SF,A,1
Repeating,7937,1,MaxCellVoltage[4],,uint16,M,R,CellV_SF,V,1
Repeating,7938,1,MaxCellVoltageModule[4],,uint16,O,R,,,1
Repeating,7939,1,MinCellVoltage[4],,uint16,M,R,CellV_SF,V,1
Repeating,7940,1,MinCellVoltageModule[4],,uint16,O,R,,,1
Repeating,7941,1,AverageCellVoltage[4],,uint16,M,R,CellV_SF,V,1
Repeating,7942,1,StrModTmpMax[4],,sint16,M,R,ModTmp_SF,C,1
Repeating,7943,1,StrModTmpMaxMod[4],,uint16,O,R,,,1
Repeating,7944,1,StrModTmpMin[4],,sint16,M,R,ModTmp_SF,C,1
Repeating,7945,1,StrModTmpMinMod[4],,uint16,O,R,,,1
Repeating,7946,1,StrModTmpAvg[4],,sint16,M,R,ModTmp_SF,C,1
Repeating,7947,1,DisabledReason[4],,enum16,O,R,,,1
Repeating,7948,2,ContactorStatus[4],,bitfield32,O,R,,,1
Repeating,7950,2,StringEvent1[4],,bitfield32,M,R,,,1
Repeating,7952,2,StringEvent2[4],,bitfield32,O,R,,,1
Repeating,7954,2,VendorStringEventBitfield1[4],,bitfield32,O,R,,,1
Repeating,7956,2,VendorStringEventBitfield2[4],,bitfield32,O,R,,,1
Repeating,7958,1,EnableDisableString[4],,enum16,O,RW,,,1
Repeating,7959,1,ConnectDisconnectString[4],,enum16,O,RW,,,1
Repeating,7960,1,Pad[4],,pad,M,R,,,1
Repeating,7961,1,Pad2[4],,pad,M,R,,,1
Repeating,7962,1,ModuleCount[5],,uint16,M,R,,,1
Repeating,7963,2,StringStatus[5],,bitfield32,M,R,,,1
Repeating,7965,1,ConnectionFailureReason[5],,enum16,O,R,,,1
Repeating,7966,1,StringStateofCharge[5],,uint16,M,R,SoC_SF,%,1
Repeating,7967,1,StringStateofHealth[5],,uint16,O,R,SoH_SF,%,1
Repeating,7968,1,StringCurrent[5],,sint16,M,R,A_SF,A,1
Repeating,7969,1,MaxCellVoltage[5],,uint16,M,R,CellV_SF,V,1
Repeating,7970,1,MaxCellVoltageModule[5],,uint16,O,R,,,1
Repeating,7971,1,MinCellVoltage[5],,uint16,M,R,CellV_SF,V,1
Repeating,7972,1,MinCellVoltageModule[5],,uint16,O,R,,,1
Repeating,7973,1,AverageCellVoltage[5],,uint16,M,R,CellV_SF,V,1
Repeating,7974,1,StrModTmpMax[5],,sint16,M,R,ModTmp_SF,C,1
Repeating,7975,1,StrModTmpMaxMod[5],,uint16,O,R,,,1
Repeating,7976,1,StrModTmpMin[5],,sint16,M,R,ModTmp_SF,C,1
Repeating,7977,1,StrModTmpMinMod[5],,uint16,O,R,,,1
Repeating,7978,1,StrModTmpAvg[5],,sint16,M,R,ModTmp_SF,C,1
Repeating,7979,1,DisabledReason[5],,enum16,O,R,,,1
Repeating,7980,2,ContactorStatus[5],,bitfield32,O,R,,,1
Repeating,7982,2,StringEvent1[5],,bitfield32,M,R,,,1
Repeating,7984,2,StringEvent2[5],,bitfield32,O,R,,,1
Repeating,7986,2,VendorStringEventBitfield1[5],,bitfield32,O,R,,,1
Repeating,7988,2,VendorStringEventBitfield2[5],,bitfield32,O,R,,,1
Repeating,7990,1,EnableDisableString[5],,enum16,O,RW,,,1
Repeating,7991,1,ConnectDisconnectString[5],,enum16,O,RW,,,1
Repeating,7992,1,Pad[5],,pad,M,R,,,1
Repeating,7993,1,Pad2[5],,pad,M,R,,,1
Repeating,7994,1,ModuleCount[6],,uint16,M,R,,,1
Repeating,7995,2,StringStatus[6],,bitfield32,M,R,,,1
Repeating,7997,1,ConnectionFailureReason[6],,enum16,O,R,,,1
Repeating,7998,1,StringStateofCharge[6],,uint16,M,R,SoC_SF,%,1
Repeating,7999,1,StringStateofHealth[6],,uint16,O,R,SoH_SF,%,1
Repeating,8000,1,StringCurrent[6],,sint16,M,R,A_SF,A,1
Repeating,8001,1,MaxCellVoltage[6],,uint16,M,R,CellV_SF,V,1
Repeating,8002,1,MaxCellVoltageModule[6],,uint16,O,R,,,1
Repeating,8003,1,MinCellVoltage[6],,uint16,M,R,CellV_SF,V,1
Repeating,8004,1,MinCellVoltageModule[6],,uint16,O,R,,,1
Repeating,8005,1,AverageCellVoltage[6],,uint16,M,R,CellV_SF,V,1
Repeating,8006,1,StrModTmpMax[6],,sint16,M,R,ModTmp_SF,C,1
Repeating,8007,1,StrModTmpMaxMod[6],,uint16,O,R,,,1
Repeating,8008,1,StrModTmpMin[6],,sint16,M,R,ModTmp_SF,C,1
Repeating,8009,1,StrModTmpMinMod[6],,uint16,O,R,,,1
Repeating,8010,1,StrModTmpAvg[6],,sint16,M,R,ModTmp_SF,C,1
Repeating,8011,1,DisabledReason[6],,enum16,O,R,,,1
Repeating,8012,2,ContactorStatus[6],,bitfield32,O,R,,,1
Repeating,8014,2,StringEvent1[6],,bitfield32,M,R,,,1
Repeating,8016,2,StringEvent2[6],,bitfield32,O,R,,,1
Repeating,8018,2,VendorStringEventBitfield1[6],,bitfield32,O,R,,,1
Repeating,8020,2,VendorStringEventBitfield2[6],,bitfield32,O,R,,,1
Repeating,8022,1,EnableDisableString[6],,enum16,O,RW,,,1
Repeating,8023,1,ConnectDisconnectString[6],,enum16,O,RW,,,1
Repeating,8024,1,Pad[6],,pad,M,R,,,1
Repeating,8025,1,Pad2[6],,pad,M,R,,,1
Repeating,8026,1,ModuleCount[7],,uint16,M,R,,,1
Repeating,8027,2,StringStatus[7],,bitfield32,M,R,,,1
Repeating,8029,1,ConnectionFailureReason[7],,enum16,O,R,,,1
Repeating,8030,1,StringStateofCharge[7],,uint16,M,R,SoC_SF,%,1
Repeating,8031,1,StringStateofHealth[7],,uint16,O,R,SoH_SF,%,1
Repeating,8032,1,StringCurrent[7],,sint16,M,R,A_SF,A,1
Repeating,8033,1,MaxCellVoltage[7],,uint16,M,R,CellV_SF,V,1
Repeating,8034,1,MaxCellVoltageModule[7],,uint16,O,R,,,1
Repeating,8035,1,MinCellVoltage[7],,uint16,M,R,CellV_SF,V,1
Repeating,8036,1,MinCellVoltageModule[7],,uint16,O,R,,,1
Repeating,8037,1,AverageCellVoltage[7],,uint16,M,R,CellV_SF,V,1
Repeating,8038,1,StrModTmpMax[7],,sint16,M,R,ModTmp_SF,C,1
Repeating,8039,1,StrModTmpMaxMod[7],,uint16,O,R,,,1
Repeating,8040,1,StrModTmpMin[7],,sint16,M,R,ModTmp_SF,C,1
Repeating,8041,1,StrModTmpMinMod[7],,uint16,O,R,,,1
Repeating,8042,1,StrModTmpAvg[7],,sint16,M,R,ModTmp_SF,C,1
Repeating,8043,1,DisabledReason[7],,enum16,O,R,,,1
Repeating,8044,2,ContactorStatus[7],,bitfield32,O,R,,,1
Repeating,8046,2,StringEvent1[7],,bitfield32,M,R,,,1
Repeating,8048,2,StringEvent2[7],,bitfield32,O,R,,,1
Repeating,8050,2,VendorStringEventBitfield1[7],,bitfield32,O,R,,,1
Repeating,8052,2,VendorStringEventBitfield2[7],,bitfield32,O,R,,,1
Repeating,8054,1,EnableDisableString[7],,enum16,O,RW,,,1
Repeating,8055,1,ConnectDisconnectString[7],,enum16,O,RW,,,1
Repeating,8056,1,Pad[7],,pad,M,R,,,1
Repeating,8057,1,Pad2[7],,pad,M,R,,,1
Repeating,8058,1,ModuleCount[8],,uint16,M,R,,,1
Repeating,8059,2,StringStatus[8],,bitfield32,M,R,,,1
Repeating,8061,1,ConnectionFailureReason[8],,enum16,O,R,,,1
Repeating,8062,1,StringStateofCharge[8],,uint16,M,R,SoC_SF,%,1
Repeating,8063,1,StringStateofHealth[8],,uint16,O,R,SoH_SF,%,1
Repeating,8064,1,StringCurrent[8],,sint16,M,R,A_SF,A,1
Repeating,8065,1,MaxCellVoltage[8],,uint16,M,R,CellV_SF,V,1
Repeating,8066,1,MaxCellVoltageModule[8],,uint16,O,R,,,1
Repeating,8067,1,MinCellVoltage[8],,uint16,M,R,CellV_SF,V,1
Repeating,8068,1,MinCellVoltageModule[8],,uint16,O,R,,,1
Repeating,8069,1,AverageCellVoltage[8],,uint16,M,R,CellV_SF,V,1
Repeating,8070,1,StrModTmpMax[8],,sint16,M,R,ModTmp_SF,C,1
Repeating,8071,1,StrModTmpMaxMod[8],,uint16,O,R,,,1
Repeating,8072,1,StrModTmpMin[8],,sint16,M,R,ModTmp_SF,C,1
Repeating,8073,1,StrModTmpMinMod[8],,uint16,O,R,,,1
Repeating,8074,1,StrModTmpAvg[8],,sint16,M,R,ModTmp_SF,C,1
Repeating,8075,1,DisabledReason[8],,enum16,O,R,,,1
Repeating,8076,2,ContactorStatus[8],,bitfield32,O,R,,,1
Repeating,8078,2,StringEvent1[8],,bitfield32,M,R,,,1
Repeating,8080,2,StringEvent2[8],,bitfield32,O,R,,,1
Repeating,8082,2,VendorStringEventBitfield1[8],,bitfield32,O,R,,,1
Repeating,8084,2,VendorStringEventBitfield2[8],,bitfield32,O,R,,,1
Repeating,8086,1,EnableDisableString[8],,enum16,O,RW,,,1
Repeating,8087,1,ConnectDisconnectString[8],,enum16,O,RW,,,1
Repeating,8088,1,Pad[8],,pad,M,R,,,1
Repeating,8089,1,Pad2[8],,pad,M,R,,,1
Repeating,8090,1,ModuleCount[9],,uint16,M,R,,,1
Repeating,8091,2,StringStatus[9],,bitfield32,M,R,,,1
Repeating,8093,1,ConnectionFailureReason[9],,enum16,O,R,,,1
Repeating,8094,1,StringStateofCharge[9],,uint16,M,R,SoC_SF,%,1
Repeating,8095,1,StringStateofHealth[9],,uint16,O,R,SoH_SF,%,1
Repeating,8096,1,StringCurrent[9],,sint16,M,R,A_SF,A,1
Repeating,8097,1,MaxCellVoltage[9],,uint16,M,R,CellV_SF,V,1
Repeating,8098,1,MaxCellVoltageModule[9],,uint16,O,R,,,1
Repeating,8099,1,MinCellVoltage[9],,uint16,M,R,CellV_SF,V,1
Repeating,8100,1,MinCellVoltageModule[9],,uint16,O,R,,,1
Repeating,8101,1,AverageCellVoltage[9],,uint16,M,R,CellV_SF,V,1
Repeating,8102,1,StrModTmpMax[9],,sint16,M,R,ModTmp_SF,C,1
Repeating,8103,1,StrModTmpMaxMod[9],,uint16,O,R,,,1
Repeating,8104,1,StrModTmpMin[9],,sint16,M,R,ModTmp_SF,C,1
Repeating,8105,1,StrModTmpMinMod[9],,uint16,O,R,,,1
Repeating,8106,1,StrModTmpAvg[9],,sint16,M,R,ModTmp_SF,C,1
Repeating,8107,1,DisabledReason[9],,enum16,O,R,,,1
Repeating,8108,2,ContactorStatus[9],,bitfield32,O,R,,,1
Repeating,8110,2,StringEvent1[9],,bitfield32,M,R,,,1
Repeating,8112,2,StringEvent2[9],,bitfield32,O,R,,,1
Repeating,8114,2,VendorStringEventBitfield1[9],,bitfield32,O,R,,,1
Repeating,8116,2,VendorStringEventBitfield2[9],,bitfield32,O,R,,,1
Repeating,8118,1,EnableDisableString[9],,enum16,O,RW,,,1
Repeating,8119,1,ConnectDisconnectString[9],,enum16,O,RW,,,1
Repeating,8120,1,Pad[9],,pad,M,R,,,1
Repeating,8121,1,Pad2[9],,pad,M,R,,,1
Repeating,8122,1,ModuleCount[10],,uint16,M,R,,,1
Repeating,8123,2,StringStatus[10],,bitfield32,M,R,,,1
Repeating,8125,1,ConnectionFailureReason[10],,enum16,O,R,,,1
Repeating,8126,1,StringStateofCharge[10],,uint16,M,R,SoC_SF,%,1
Repeating,8127,1,StringStateofHealth[10],,uint16,O,R,SoH_SF,%,1
Repeating,8128,1,StringCurrent[10],,sint16,M,R,A_SF,A,1
Repeating,8129,1,MaxCellVoltage[10],,uint16,M,R,CellV_SF,V,1
Repeating,8130,1,MaxCellVoltageModule[10],,uint16,O,R,,,1
Repeating,8131,1,MinCellVoltage[10],,uint16,M,R,CellV_SF,V,1
Repeating,8132,1,MinCellVoltageModule[10],,uint16,O,R,,,1
Repeating,8133,1,AverageCellVoltage[10],,uint16,M,R,CellV_SF,V,1
Repeating,8134,1,StrModTmpMax[10],,sint16,M,R,ModTmp_SF,C,1
Repeating,8135,1,StrModTmpMaxMod[10],,uint16,O,R,,,1
Repeating,8136,1,StrModTmpMin[10],,sint16,M,R,ModTmp_SF,C,1
Repeating,8137,1,StrModTmpMinMod[10],,uint16,O,R,,,1
Repeating,8138,1,StrModTmpAvg[10],,sint16,M,R,ModTmp_SF,C,1
Repeating,8139,1,DisabledReason[10],,enum16,O,R,,,1
Repeating,8140,2,ContactorStatus[10],,bitfield32,O,R,,,1
Repeating,8142,2,StringEvent1[10],,bitfield32,M,R,,,1
Repeating,8144,2,StringEvent2[10],,bitfield32,O,R,,,1
Repeating,8146,2,VendorStringEventBitfield1[10],,bitfield32,O,R,,,1
Repeating,8148,2,VendorStringEventBitfield2[10],,bitfield32,O,R,,,1
Repeating,8150,1,EnableDisableString[10],,enum16,O,RW,,,1
Repeating,8151,1,ConnectDisconnectString[10],,enum16,O,RW,,,1
Repeating,8152,1,Pad[10],,pad,M,R,,,1
Repeating,8153,1,Pad2[10],,pad,M,R,,,1
Repeating,8154,1,ModuleCount[11],,uint16,M,R,,,1
Repeating,8155,2,StringStatus[11],,bitfield32,M,R,,,1
Repeating,8157,1,ConnectionFailureReason[11],,enum16,O,R,,,1
Repeating,8158,1,StringStateofCharge[11],,uint16,M,R,SoC_SF,%,1
Repeating,8159,1,StringStateofHealth[11],,uint16,O,R,SoH_SF,%,1
Repeating,8160,1,StringCurrent[11],,sint16,M,R,A_SF,A,1
Repeating,8161,1,MaxCellVoltage[11],,uint16,M,R,CellV_SF,V,1
Repeating,8162,1,MaxCellVoltageModule[11],,uint16,O,R,,,1
Repeating,8163,1,MinCellVoltage[11],,uint16,M,R,CellV_SF,V,1
Repeating,8164,1,MinCellVoltageModule[11],,uint16,O,R,,,1
Repeating,8165,1,AverageCellVoltage[11],,uint16,M,R,CellV_SF,V,1
Repeating,8166,1,StrModTmpMax[11],,sint16,M,R,ModTmp_SF,C,1
Repeating,8167,1,StrModTmpMaxMod[11],,uint16,O,R,,,1
Repeating,8168,1,StrModTmpMin[11],,sint16,M,R,ModTmp_SF,C,1
Repeating,8169,1,StrModTmpMinMod[11],,uint16,O,R,,,1
Repeating,8170,1,StrModTmpAvg[11],,sint16,M,R,ModTmp_SF,C,1
Repeating,8171,1,DisabledReason[11],,enum16,O,R,,,1
Repeating,8172,2,ContactorStatus[11],,bitfield32,O,R,,,1
Repeating,8174,2,StringEvent1[11],,bitfield32,M,R,,,1
Repeating,8176,2,StringEvent2[11],,bitfield32,O,R,,,1
Repeating,8178,2,VendorStringEventBitfield1[11],,bitfield32,O,R,,,1
Repeating,8180,2,VendorStringEventBitfield2[11],,bitfield32,O,R,,,1
Repeating,8182,1,EnableDisableString[11],,enum16,O,RW,,,1
Repeating,8183,1,ConnectDisconnectString[11],,enum16,O,RW,,,1
Repeating,8184,1,Pad[11],,pad,M,R,,,1
Repeating,8185,1,Pad2[11],,pad,M,R,,,1
Repeating,8186,1,ModuleCount[12],,uint16,M,R,,,1
Repeating,8187,2,StringStatus[12],,bitfield32,M,R,,,1
Repeating,8189,1,ConnectionFailureReason[12],,enum16,O,R,,,1
Repeating,8190,1,StringStateofCharge[12],,uint16,M,R,SoC_SF,%,1
Repeating,8191,1,StringStateofHealth[12],,uint16,O,R,SoH_SF,%,1
Repeating,8192,1,StringCurrent[12],,sint16,M,R,A_SF,A,1
Repeating,8193,1,MaxCellVoltage[12],,uint16,M,R,CellV_SF,V,1
Repeating,8194,1,MaxCellVoltageModule[12],,uint16,O,R,,,1
Repeating,8195,1,MinCellVoltage[12],,uint16,M,R,CellV_SF,V,1
Repeating,8196,1,MinCellVoltageModule[12],,uint16,O,R,,,1
Repeating,8197,1,AverageCellVoltage[12],,uint16,M,R,CellV_SF,V,1
Repeating,8198,1,StrModTmpMax[12],,sint16,M,R,ModTmp_SF,C,1
Repeating,8199,1,StrModTmpMaxMod[12],,uint16,O,R,,,1
Repeating,8200,1,StrModTmpMin[12],,sint16,M,R,ModTmp_SF,C,1
Repeating,8201,1,StrModTmpMinMod[12],,uint16,O,R,,,1
Repeating,8202,1,StrModTmpAvg[12],,sint16,M,R,ModTmp_SF,C,1
Repeating,8203,1,DisabledReason[12],,enum16,O,R,,,1
Repeating,8204,2,ContactorStatus[12],,bitfield32,O,R,,,1
Repeating,8206,2,StringEvent1[12],,bitfield32,M,R,,,1
Repeating,8208,2,StringEvent2[12],,bitfield32,O,R,,,1
Repeating,8210,2,VendorStringEventBitfield1[12],,bitfield32,O,R,,,1
Repeating,8212,2,VendorStringEventBitfield2[12],,bitfield32,O,R,,,1
Repeating,8214,1,EnableDisableString[12],,enum16,O,RW,,,1
Repeating,8215,1,ConnectDisconnectString[12],,enum16,O,RW,,,1
Repeating,8216,1,Pad[12],,pad,M,R,,,1
Repeating,8217,1,Pad2[12],,pad,M,R,,,1
Repeating,8218,1,ModuleCount[13],,uint16,M,R,,,1
Repeating,8219,2,StringStatus[13],,bitfield32,M,R,,,1
Repeating,8221,1,ConnectionFailureReason[13],,enum16,O,R,,,1
Repeating,8222,1,StringStateofCharge[13],,uint16,M,R,SoC_SF,%,1
Repeating,8223,1,StringStateofHealth[13],,uint16,O,R,SoH_SF,%,1
Repeating,8224,1,StringCurrent[13],,sint16,M,R,A_SF,A,1
Repeating,8225,1,MaxCellVoltage[13],,uint16,M,R,CellV_SF,V,1
Repeating,8226,1,MaxCellVoltageModule[13],,uint16,O,R,,,1
Repeating,8227,1,MinCellVoltage[13],,uint16,M,R,CellV_SF,V,1
Repeating,8228,1,MinCellVoltageModule[13],,uint16,O,R,,,1
Repeating,8229,1,AverageCellVoltage[13],,uint16,M,R,CellV_SF,V,1
Repeating,8230,1,StrModTmpMax[13],,sint16,M,R,ModTmp_SF,C,1
Repeating,8231,1,StrModTmpMaxMod[13],,uint16,O,R,,,1
Repeating,8232,1,StrModTmpMin[13],,sint16,M,R,ModTmp_SF,C,1
Repeating,8233,1,StrModTmpMinMod[13],,uint16,O,R,,,1
Repeating,8234,1,StrModTmpAvg[13],,sint16,M,R,ModTmp_SF,C,1
Repeating,8235,1,DisabledReason[13],,enum16,O,R,,,1
Repeating,8236,2,ContactorStatus[13],,bitfield32,O,R,,,1
Repeating,8238,2,StringEvent1[13],,bitfield32,M,R,,,1
Repeating,8240,2,StringEvent2[13],,bitfield32,O,R,,,1
Repeating,8242,2,VendorStringEventBitfield1[13],,bitfield32,O,R,,,1
Repeating,8244,2,VendorStringEventBitfield2[13],,bitfield32,O,R,,,1
Repeating,8246,1,EnableDisableString[13],,enum16,O,RW,,,1
Repeating,8247,1,ConnectDisconnectString[13],,enum16,O,RW,,,1
Repeating,8248,1,Pad[13],,pad,M,R,,,1
Repeating,8249,1,Pad2[13],,pad,M,R,,,1
Repeating,8250,1,ModuleCount[14],,uint16,M,R,,,1
Repeating,8251,2,StringStatus[14],,bitfield32,M,R,,,1
Repeating,8253,1,ConnectionFailureReason[14],,enum16,O,R,,,1
Repeating,8254,1,StringStateofCharge[14],,uint16,M,R,SoC_SF,%,1
Repeating,8255,1,StringStateofHealth[14],,uint16,O,R,SoH_SF,%,1
Repeating,8256,1,StringCurrent[14],,sint16,M,R,A_SF,A,1
Repeating,8257,1,MaxCellVoltage[14],,uint16,M,R,CellV_SF,V,1
Repeating,8258,1,MaxCellVoltageModule[14],,uint16,O,R,,,1
Repeating,8259,1,MinCellVoltage[14],,uint16,M,R,CellV_SF,V,1
Repeating,8260,1,MinCellVoltageModule[14],,uint16,O,R,,,1
Repeating,8261,1,AverageCellVoltage[14],,uint16,M,R,CellV_SF,V,1
Repeating,8262,1,StrModTmpMax[14],,sint16,M,R,ModTmp_SF,C,1
Repeating,8263,1,StrModTmpMaxMod[14],,uint16,O,R,,,1
Repeating,8264,1,StrModTmpMin[14],,sint16,M,R,ModTmp_SF,C,1
Repeating,8265,1,StrModTmpMinMod[14],,uint16,O,R,,,1
Repeating,8266,1,StrModTmpAvg[14],,sint16,M,R,ModTmp_SF,C,1
Repeating,8267,1,DisabledReason[14],,enum16,O,R,,,1
Repeating,8268,2,ContactorStatus[14],,bitfield32,O,R,,,1
Repeating,8270,2,StringEvent1[14],,bitfield32,M,R,,,1
Repeating,8272,2,StringEvent2[14],,bitfield32,O,R,,,1
Repeating,8274,2,VendorStringEventBitfield1[14],,bitfield32,O,R,,,1
Repeating,8276,2,VendorStringEventBitfield2[14],,bitfield32,O,R,,,1
Repeating,8278,1,EnableDisableString[14],,enum16,O,RW,,,1
Repeating,8279,1,ConnectDisconnectString[14],,enum16,O,RW,,,1
Repeating,8280,1,Pad[14],,pad,M,R,,,1
Repeating,8281,1,Pad2[14],,pad,M,R,,,1
Repeating,8282,1,ModuleCount[15],,uint16,M,R,,,1
Repeating,8283,2,StringStatus[15],,bitfield32,M,R,,,1
Repeating,8285,1,ConnectionFailureReason[15],,enum16,O,R,,,1
Repeating,8286,1,StringStateofCharge[15],,uint16,M,R,SoC_SF,%,1
Repeating,8287,1,StringStateofHealth[15],,uint16,O,R,SoH_SF,%,1
Repeating,8288,1,StringCurrent[15],,sint16,M,R,A_SF,A,1
Repeating,8289,1,MaxCellVoltage[15],,uint16,M,R,CellV_SF,V,1
Repeating,8290,1,MaxCellVoltageModule[15],,uint16,O,R,,,1
Repeating,8291,1,MinCellVoltage[15],,uint16,M,R,CellV_SF,V,1
Repeating,8292,1,MinCellVoltageModule[15],,uint16,O,R,,,1
Repeating,8293,1,AverageCellVoltage[15],,uint16,M,R,CellV_SF,V,1
Repeating,8294,1,StrModTmpMax[15],,sint16,M,R,ModTmp_SF,C,1
Repeating,8295,1,StrModTmpMaxMod[15],,uint16,O,R,,,1
Repeating,8296,1,StrModTmpMin[15],,sint16,M,R,ModTmp_SF,C,1
Repeating,8297,1,StrModTmpMinMod[15],,uint16,O,R,,,1
Repeating,8298,1,StrModTmpAvg[15],,sint16,M,R,ModTmp_SF,C,1
Repeating,8299,1,DisabledReason[15],,enum16,O,R,,,1
Repeating,8300,2,ContactorStatus[15],,bitfield32,O,R,,,1
Repeating,8302,2,StringEvent1[15],,bitfield32,M,R,,,1
Repeating,8304,2,StringEvent2[15],,bitfield32,O,R,,,1
Repeating,8306,2,VendorStringEventBitfield1[15],,bitfield32,O,R,,,1
Repeating,8308,2,VendorStringEventBitfield2[15],,bitfield32,O,R,,,1
Repeating,8310,1,EnableDisableString[15],,enum16,O,RW,,,1
Repeating,8311,1,ConnectDisconnectString[15],,enum16,O,RW,,,1
Repeating,8312,1,Pad[15],,pad,M,R,,,1
Repeating,8313,1,Pad2[15],,pad,M,R,,,1
Repeating,8314,1,ModuleCount[16],,uint16,M,R,,,1
Repeating,8315,2,StringStatus[16],,bitfield32,M,R,,,1
Repeating,8317,1,ConnectionFailureReason[16],,enum16,O,R,,,1
Repeating,8318,1,StringStateofCharge[16],,uint16,M,R,SoC_SF,%,1
Repeating,8319,1,StringStateofHealth[16],,uint16,O,R,SoH_SF,%,1
Repeating,8320,1,StringCurrent[16],,sint16,M,R,A_SF,A,1
Repeating,8321,1,MaxCellVoltage[16],,uint16,M,R,CellV_SF,V,1
Repeating,8322,1,MaxCellVoltageModule[16],,uint16,O,R,,,1
Repeating,8323,1,MinCellVoltage[16],,uint16,M,R,CellV_SF,V,1
Repeating,8324,1,MinCellVoltageModule[16],,uint16,O,R,,,1
Repeating,8325,1,AverageCellVoltage[16],,uint16,M,R,CellV_SF,V,1
Repeating,8326,1,StrModTmpMax[16],,sint16,M,R,ModTmp_SF,C,1
Repeating,8327,1,StrModTmpMaxMod[16],,uint16,O,R,,,1
Repeating,8328,1,StrModTmpMin[16],,sint16,M,R,ModTmp_SF,C,1
Repeating,8329,1,StrModTmpMinMod[16],,uint16,O,R,,,1
Repeating,8330,1,StrModTmpAvg[16],,sint16,M,R,ModTmp_SF,C,1
Repeating,8331,1,DisabledReason[16],,enum16,O,R,,,1
Repeating,8332,2,ContactorStatus[16],,bitfield32,O,R,,,1
Repeating,8334,2,StringEvent1[16],,bitfield32,M,R,,,1
Repeating,8336,2,StringEvent2[16],,bitfield32,O,R,,,1
Repeating,8338,2,VendorStringEventBitfield1[16],,bitfield32,O,R,,,1
Repeating,8340,2,VendorStringEventBitfield2[16],,bitfield32,O,R,,,1
Repeating,8342,1,EnableDisableString[16],,enum16,O,RW,,,1
Repeating,8343,1,ConnectDisconnectString[16],,enum16,O,RW,,,1
Repeating,8344,1,Pad[16],,pad,M,R,,,1
Repeating,8345,1,Pad2[16],,pad,M,R,,,1
Repeating,8346,1,ModuleCount[17],,uint16,M,R,,,1
Repeating,8347,2,StringStatus[17],,bitfield32,M,R,,,1
Repeating,8349,1,ConnectionFailureReason[17],,enum16,O,R,,,1
Repeating,8350,1,StringStateofCharge[17],,uint16,M,R,SoC_SF,%,1
Repeating,8351,1,StringStateofHealth[17],,uint16,O,R,SoH_SF,%,1
Repeating,8352,1,StringCurrent[17],,sint16,M,R,A_SF,A,1
Repeating,8353,1,MaxCellVoltage[17],,uint16,M,R,CellV_SF,V,1
Repeating,8354,1,MaxCellVoltageModule[17],,uint16,O,R,,,1
Repeating,8355,1,MinCellVoltage[17],,uint16,M,R,CellV_SF,V,1
Repeating,8356,1,MinCellVoltageModule[17],,uint16,O,R,,,1
Repeating,8357,1,AverageCellVoltage[17],,uint16,M,R,CellV_SF,V,1
Repeating,8358,1,StrModTmpMax[17],,sint16,M,R,ModTmp_SF,C,1
Repeating,8359,1,StrModTmpMaxMod[17],,uint16,O,R,,,1
Repeating,8360,1,StrModTmpMin[17],,sint16,M,R,ModTmp_SF,C,1
Repeating,8361,1,StrModTmpMinMod[17],,uint16,O,R,,,1
Repeating,8362,1,StrModTmpAvg[17],,sint16,M,R,ModTmp_SF,C,1
Repeating,8363,1,DisabledReason[17],,enum16,O,R,,,1
Repeating,8364,2,ContactorStatus[17],,bitfield32,O,R,,,1
Repeating,8366,2,StringEvent1[17],,bitfield32,M,R,,,1
Repeating,8368,2,StringEvent2[17],,bitfield32,O,R,,,1
Repeating,8370,2,VendorStringEventBitfield1[17],,bitfield32,O,R,,,1
Repeating,8372,2,VendorStringEventBitfield2[17],,bitfield32,O,R,,,1
Repeating,8374,1,EnableDisableString[17],,enum16,O,RW,,,1
Repeating,8375,1,ConnectDisconnectString[17],,enum16,O,RW,,,1
Repeating,8376,1,Pad[17],,pad,M,R,,,1
Repeating,8377,1,Pad2[17],,pad,M,R,,,1
Repeating,8378,1,ModuleCount[18],,uint16,M,R,,,1
Repeating,8379,2,StringStatus[18],,bitfield32,M,R,,,1
Repeating,8381,1,ConnectionFailureReason[18],,enum16,O,R,,,1
Repeating,8382,1,StringStateofCharge[18],,uint16,M,R,SoC_SF,%,1
Repeating,8383,1,StringStateofHealth[18],,uint16,O,R,SoH_SF,%,1
Repeating,8384,1,StringCurrent[18],,sint16,M,R,A_SF,A,1
Repeating,8385,1,MaxCellVoltage[18],,uint16,M,R,CellV_SF,V,1
Repeating,8386,1,MaxCellVoltageModule[18],,uint16,O,R,,,1
Repeating,8387,1,MinCellVoltage[18],,uint16,M,R,CellV_SF,V,1
Repeating,8388,1,MinCellVoltageModule[18],,uint16,O,R,,,1
Repeating,8389,1,AverageCellVoltage[18],,uint16,M,R,CellV_SF,V,1
Repeating,8390,1,StrModTmpMax[18],,sint16,M,R,ModTmp_SF,C,1
Repeating,8391,1,StrModTmpMaxMod[18],,uint16,O,R,,,1
Repeating,8392,1,StrModTmpMin[18],,sint16,M,R,ModTmp_SF,C,1
Repeating,8393,1,StrModTmpMinMod[18],,uint16,O,R,,,1
Repeating,8394,1,StrModTmpAvg[18],,sint16,M,R,ModTmp_SF,C,1
Repeating,8395,1,DisabledReason[18],,enum16,O,R,,,1
Repeating,8396,2,ContactorStatus[18],,bitfield32,O,R,,,1
Repeating,8398,2,StringEvent1[18],,bitfield32,M,R,,,1
Repeating,8400,2,StringEvent2[18],,bitfield32,O,R,,,1
Repeating,8402,2,VendorStringEventBitfield1[18],,bitfield32,O,R,,,1
Repeating,8404,2,VendorStringEventBitfield2[18],,bitfield32,O,R,,,1
Repeating,8406,1,EnableDisableString[18],,enum16,O,RW,,,1
Repeating,8407,1,ConnectDisconnectString[18],,enum16,O,RW,,,1
Repeating,8408,1,Pad[18],,pad,M,R,,,1
Repeating,8409,1,Pad2[18],,pad,M,R,,,1
Repeating,8410,1,ModuleCount[19],,uint16,M,R,,,1
Repeating,8411,2,StringStatus[19],,bitfield32,M,R,,,1
Repeating,8413,1,ConnectionFailureReason[19],,enum16,O,R,,,1
Repeating,8414,1,StringStateofCharge[19],,uint16,M,R,SoC_SF,%,1
Repeating,8415,1,StringStateofHealth[19],,uint16,O,R,SoH_SF,%,1
Repeating,8416,1,StringCurrent[19],,sint16,M,R,A_SF,A,1
Repeating,8417,1,MaxCellVoltage[19],,uint16,M,R,CellV_SF,V,1
Repeating,8418,1,MaxCellVoltageModule[19],,uint16,O,R,,,1
Repeating,8419,1,MinCellVoltage[19],,uint16,M,R,CellV_SF,V,1
Repeating,8420,1,MinCellVoltageModule[19],,uint16,O,R,,,1
Repeating,8421,1,AverageCellVoltage[19],,uint16,M,R,CellV_SF,V,1
Repeating,8422,1,StrModTmpMax[19],,sint16,M,R,ModTmp_SF,C,1
Repeating,8423,1,StrModTmpMaxMod[19],,uint16,O,R,,,1
Repeating,8424,1,StrModTmpMin[19],,sint16,M,R,ModTmp_SF,C,1
Repeating,8425,1,StrModTmpMinMod[19],,uint16,O,R,,,1
Repeating,8426,1,StrModTmpAvg[19],,sint16,M,R,ModTmp_SF,C,1
Repeating,8427,1,DisabledReason[19],,enum16,O,R,,,1
Repeating,8428,2,ContactorStatus[19],,bitfield32,O,R,,,1
Repeating,8430,2,StringEvent1[19],,bitfield32,M,R,,,1
Repeating,8432,2,StringEvent2[19],,bitfield32,O,R,,,1
Repeating,8434,2,VendorStringEventBitfield1[19],,bitfield32,O,R,,,1
Repeating,8436,2,VendorStringEventBitfield2[19],,bitfield32,O,R,,,1
Repeating,8438,1,EnableDisableString[19],,enum16,O,RW,,,1
Repeating,8439,1,ConnectDisconnectString[19],,enum16,O,RW,,,1
Repeating,8440,1,Pad[19],,pad,M,R,,,1
Repeating,8441,1,Pad2[19],,pad,M,R,,,1
Repeating,8442,1,ModuleCount[20],,uint16,M,R,,,1
Repeating,8443,2,StringStatus[20],,bitfield32,M,R,,,1
Repeating,8445,1,ConnectionFailureReason[20],,enum16,O,R,,,1
Repeating,8446,1,StringStateofCharge[20],,uint16,M,R,SoC_SF,%,1
Repeating,8447,1,StringStateofHealth[20],,uint16,O,R,SoH_SF,%,1
Repeating,8448,1,StringCurrent[20],,sint16,M,R,A_SF,A,1
Repeating,8449,1,MaxCellVoltage[20],,uint16,M,R,CellV_SF,V,1
Repeating,8450,1,MaxCellVoltageModule[20],,uint16,O,R,,,1
Repeating,8451,1,MinCellVoltage[20],,uint16,M,R,CellV_SF,V,1
Repeating,8452,1,MinCellVoltageModule[20],,uint16,O,R,,,1
Repeating,8453,1,AverageCellVoltage[20],,uint16,M,R,CellV_SF,V,1
Repeating,8454,1,StrModTmpMax[20],,sint16,M,R,ModTmp_SF,C,1
Repeating,8455,1,StrModTmpMaxMod[20],,uint16,O,R,,,1
Repeating,8456,1,StrModTmpMin[20],,sint16,M,R,ModTmp_SF,C,1
Repeating,8457,1,StrModTmpMinMod[20],,uint16,O,R,,,1
Repeating,8458,1,StrModTmpAvg[20],,sint16,M,R,ModTmp_SF,C,1
Repeating,8459,1,DisabledReason[20],,enum16,O,R,,,1
Repeating,8460,2,ContactorStatus[20],,bitfield32,O,R,,,1
Repeating,8462,2,StringEvent1[20],,bitfield32,M,R,,,1
Repeating,8464,2,StringEvent2[20],,bitfield32,O,R,,,1
Repeating,8466,2,VendorStringEventBitfield1[20],,bitfield32,O,R,,,1
Repeating,8468,2,VendorStringEventBitfield2[20],,bitfield32,O,R,,,1
Repeating,8470,1,EnableDisableString[20],,enum16,O,RW,,,1
Repeating,8471,1,ConnectDisconnectString[20],,enum16,O,RW,,,1
Repeating,8472,1,Pad[20],,pad,M,R,,,1
Repeating,8473,1,Pad2[20],,pad,M,R,,,1
Repeating,8474,1,ModuleCount[21],,uint16,M,R,,,1
Repeating,8475,2,StringStatus[21],,bitfield32,M,R,,,1
Repeating,8477,1,ConnectionFailureReason[21],,enum16,O,R,,,1
Repeating,8478,1,StringStateofCharge[21],,uint16,M,R,SoC_SF,%,1
Repeating,8479,1,StringStateofHealth[21],,uint16,O,R,SoH_SF,%,1
Repeating,8480,1,StringCurrent[21],,sint16,M,R,A_SF,A,1
Repeating,8481,1,MaxCellVoltage[21],,uint16,M,R,CellV_SF,V,1
Repeating,8482,1,MaxCellVoltageModule[21],,uint16,O,R,,,1
Repeating,8483,1,MinCellVoltage[21],,uint16,M,R,CellV_SF,V,1
Repeating,8484,1,MinCellVoltageModule[21],,uint16,O,R,,,1
Repeating,8485,1,AverageCellVoltage[21],,uint16,M,R,CellV_SF,V,1
Repeating,8486,1,StrModTmpMax[21],,sint16,M,R,ModTmp_SF,C,1
Repeating,8487,1,StrModTmpMaxMod[21],,uint16,O,R,,,1
Repeating,8488,1,StrModTmpMin[21],,sint16,M,R,ModTmp_SF,C,1
Repeating,8489,1,StrModTmpMinMod[21],,uint16,O,R,,,1
Repeating,8490,1,StrModTmpAvg[21],,sint16,M,R,ModTmp_SF,C,1
Repeating,8491,1,DisabledReason[21],,enum16,O,R,,,1
Repeating,8492,2,ContactorStatus[21],,bitfield32,O,R,,,1
Repeating,8494,2,StringEvent1[21],,bitfield32,M,R,,,1
Repeating,8496,2,StringEvent2[21],,bitfield32,O,R,,,1
Repeating,8498,2,VendorStringEventBitfield1[21],,bitfield32,O,R,,,1
Repeating,8500,2,VendorStringEventBitfield2[21],,bitfield32,O,R,,,1
Repeating,8502,1,EnableDisableString[21],,enum16,O,RW,,,1
Repeating,8503,1,ConnectDisconnectString[21],,enum16,O,RW,,,1
Repeating,8504,1,Pad[21],,pad,M,R,,,1
Repeating,8505,1,Pad2[21],,pad,M,R,,,1
Repeating,8506,1,ModuleCount[22],,uint16,M,R,,,1
Repeating,8507,2,StringStatus[22],,bitfield32,M,R,,,1
Repeating,8509,1,ConnectionFailureReason[22],,enum16,O,R,,,1
Repeating,8510,1,StringStateofCharge[22],,uint16,M,R,SoC_SF,%,1
Repeating,8511,1,StringStateofHealth[22],,uint16,O,R,SoH_SF,%,1
Repeating,8512,1,StringCurrent[22],,sint16,M,R,A_SF,A,1
Repeating,8513,1,MaxCellVoltage[22],,uint16,M,R,CellV_SF,V,1
Repeating,8514,1,MaxCellVoltageModule[22],,uint16,O,R,,,1
Repeating,8515,1,MinCellVoltage[22],,uint16,M,R,CellV_SF,V,1
Repeating,8516,1,MinCellVoltageModule[22],,uint16,O,R,,,1
Repeating,8517,1,AverageCellVoltage[22],,uint16,M,R,CellV_SF,V,1
Repeating,8518,1,StrModTmpMax[22],,sint16,M,R,ModTmp_SF,C,1
Repeating,8519,1,StrModTmpMaxMod[22],,uint16,O,R,,,1
Repeating,8520,1,StrModTmpMin[22],,sint16,M,R,ModTmp_SF,C,1
Repeating,8521,1,StrModTmpMinMod[22],,uint16,O,R,,,1
Repeating,8522,1,StrModTmpAvg[22],,sint16,M,R,ModTmp_SF,C,1
Repeating,8523,1,DisabledReason[22],,enum16,O,R,,,1
Repeating,8524,2,ContactorStatus[22],,bitfield32,O,R,,,1
Repeating,8526,2,StringEvent1[22],,bitfield32,M,R,,,1
Repeating,8528,2,StringEvent2[22],,bitfield32,O,R,,,1
Repeating,8530,2,VendorStringEventBitfield1[22],,bitfield32,O,R,,,1
Repeating,8532,2,VendorStringEventBitfield2[22],,bitfield32,O,R,,,1
Repeating,8534,1,EnableDisableString[22],,enum16,O,RW,,,1
Repeating,8535,1,ConnectDisconnectString[22],,enum16,O,RW,,,1
Repeating,8536,1,Pad[22],,pad,M,R,,,1
Repeating,8537,1,Pad2[22],,pad,M,R,,,1
Repeating,8538,1,ModuleCount[23],,uint16,M,R,,,1
Repeating,8539,2,StringStatus[23],,bitfield32,M,R,,,1
Repeating,8541,1,ConnectionFailureReason[23],,enum16,O,R,,,1
Repeating,8542,1,StringStateofCharge[23],,uint16,M,R,SoC_SF,%,1
Repeating,8543,1,StringStateofHealth[23],,uint16,O,R,SoH_SF,%,1
Repeating,8544,1,StringCurrent[23],,sint16,M,R,A_SF,A,1
Repeating,8545,1,MaxCellVoltage[23],,uint16,M,R,CellV_SF,V,1
Repeating,8546,1,MaxCellVoltageModule[23],,uint16,O,R,,,1
Repeating,8547,1,MinCellVoltage[23],,uint16,M,R,CellV_SF,V,1
Repeating,8548,1,MinCellVoltageModule[23],,uint16,O,R,,,1
Repeating,8549,1,AverageCellVoltage[23],,uint16,M,R,CellV_SF,V,1
Repeating,8550,1,StrModTmpMax[23],,sint16,M,R,ModTmp_SF,C,1
Repeating,8551,1,StrModTmpMaxMod[23],,uint16,O,R,,,1
Repeating,8552,1,StrModTmpMin[23],,sint16,M,R,ModTmp_SF,C,1
Repeating,8553,1,StrModTmpMinMod[23],,uint16,O,R,,,1
Repeating,8554,1,StrModTmpAvg[23],,sint16,M,R,ModTmp_SF,C,1
Repeating,8555,1,DisabledReason[23],,enum16,O,R,,,1
Repeating,8556,2,ContactorStatus[23],,bitfield32,O,R,,,1
Repeating,8558,2,StringEvent1[23],,bitfield32,M,R,,,1
Repeating,8560,2,StringEvent2[23],,bitfield32,O,R,,,1
Repeating,8562,2,VendorStringEventBitfield1[23],,bitfield32,O,R,,,1
Repeating,8564,2,VendorStringEventBitfield2[23],,bitfield32,O,R,,,1
Repeating,8566,1,EnableDisableString[23],,enum16,O,RW,,,1
Repeating,8567,1,ConnectDisconnectString[23],,enum16,O,RW,,,1
Repeating,8568,1,Pad[23],,pad,M,R,,,1
Repeating,8569,1,Pad2[23],,pad,M,R,,,1
Repeating,8570,1,ModuleCount[24],,uint16,M,R,,,1
Repeating,8571,2,StringStatus[24],,bitfield32,M,R,,,1
Repeating,8573,1,ConnectionFailureReason[24],,enum16,O,R,,,1
Repeating,8574,1,StringStateofCharge[24],,uint16,M,R,SoC_SF,%,1
Repeating,8575,1,StringStateofHealth[24],,uint16,O,R,SoH_SF,%,1
Repeating,8576,1,StringCurrent[24],,sint16,M,R,A_SF,A,1
Repeating,8577,1,MaxCellVoltage[24],,uint16,M,R,CellV_SF,V,1
Repeating,8578,1,MaxCellVoltageModule[24],,uint16,O,R,,,1
Repeating,8579,1,MinCellVoltage[24],,uint16,M,R,CellV_SF,V,1
Repeating,8580,1,MinCellVoltageModule[24],,uint16,O,R,,,1
Repeating,8581,1,AverageCellVoltage[24],,uint16,M,R,CellV_SF,V,1
Repeating,8582,1,StrModTmpMax[24],,sint16,M,R,ModTmp_SF,C,1
Repeating,8583,1,StrModTmpMaxMod[24],,uint16,O,R,,,1
Repeating,8584,1,StrModTmpMin[24],,sint16,M,R,ModTmp_SF,C,1
Repeating,8585,1,StrModTmpMinMod[24],,uint16,O,R,,,1
Repeating,8586,1,StrModTmpAvg[24],,sint16,M,R,ModTmp_SF,C,1
Repeating,8587,1,DisabledReason[24],,enum16,O,R,,,1
Repeating,8588,2,ContactorStatus[24],,bitfield32,O,R,,,1
Repeating,8590,2,StringEvent1[24],,bitfield32,M,R,,,1
Repeating,8592,2,StringEvent2[24],,bitfield32,O,R,,,1
Repeating,8594,2,VendorStringEventBitfield1[24],,bitfield32,O,R,,,1
Repeating,8596,2,VendorStringEventBitfield2[24],,bitfield32,O,R,,,1
Repeating,8598,1,EnableDisableString[24],,enum16,O,RW,,,1
Repeating,8599,1,ConnectDisconnectString[24],,enum16,O,RW,,,1
Repeating,8600,1,Pad[24],,pad,M,R,,,1
Repeating,8601,1,Pad2[24],,pad,M,R,,,1
Repeating,8602,1,ModuleCount[25],,uint16,M,R,,,1
Repeating,8603,2,StringStatus[25],,bitfield32,M,R,,,1
Repeating,8605,1,ConnectionFailureReason[25],,enum16,O,R,,,1
Repeating,8606,1,StringStateofCharge[25],,uint16,M,R,SoC_SF,%,1
Repeating,8607,1,StringStateofHealth[25],,uint16,O,R,SoH_SF,%,1
Repeating,8608,1,StringCurrent[25],,sint16,M,R,A_SF,A,1
Repeating,8609,1,MaxCellVoltage[25],,uint16,M,R,CellV_SF,V,1
Repeating,8610,1,MaxCellVoltageModule[25],,uint16,O,R,,,1
Repeating,8611,1,MinCellVoltage[25],,uint16,M,R,CellV_SF,V,1
Repeating,8612,1,MinCellVoltageModule[25],,uint16,O,R,,,1
Repeating,8613,1,AverageCellVoltage[25],,uint16,M,R,CellV_SF,V,1
Repeating,8614,1,StrModTmpMax[25],,sint16,M,R,ModTmp_SF,C,1
Repeating,8615,1,StrModTmpMaxMod[25],,uint16,O,R,,,1
Repeating,8616,1,StrModTmpMin[25],,sint16,M,R,ModTmp_SF,C,1
Repeating,8617,1,StrModTmpMinMod[25],,uint16,O,R,,,1
Repeating,8618,1,StrModTmpAvg[25],,sint16,M,R,ModTmp_SF,C,1
Repeating,8619,1,DisabledReason[25],,enum16,O,R,,,1
Repeating,8620,2,ContactorStatus[25],,bitfield32,O,R,,,1
Repeating,8622,2,StringEvent1[25],,bitfield32,M,R,,,1
Repeating,8624,2,StringEvent2[25],,bitfield32,O,R,,,1
Repeating,8626,2,VendorStringEventBitfield1[25],,bitfield32,O,R,,,1
Repeating,8628,2,VendorStringEventBitfield2[25],,bitfield32,O,R,,,1
Repeating,8630,1,EnableDisableString[25],,enum16,O,RW,,,1
Repeating,8631,1,ConnectDisconnectString[25],,enum16,O,RW,,,1
Repeating,8632,1,Pad[25],,pad,M,R,,,1
Repeating,8633,1,Pad2[25],,pad,M,R,,,1
Repeating,8634,1,ModuleCount[26],,uint16,M,R,,,1
Repeating,8635,2,StringStatus[26],,bitfield32,M,R,,,1
Repeating,8637,1,ConnectionFailureReason[26],,enum16,O,R,,,1
Repeating,8638,1,StringStateofCharge[26],,uint16,M,R,SoC_SF,%,1
Repeating,8639,1,StringStateofHealth[26],,uint16,O,R,SoH_SF,%,1
Repeating,8640,1,StringCurrent[26],,sint16,M,R,A_SF,A,1
Repeating,8641,1,MaxCellVoltage[26],,uint16,M,R,CellV_SF,V,1
Repeating,8642,1,MaxCellVoltageModule[26],,uint16,O,R,,,1
Repeating,8643,1,MinCellVoltage[26],,uint16,M,R,CellV_SF,V,1
Repeating,8644,1,MinCellVoltageModule[26],,uint16,O,R,,,1
Repeating,8645,1,AverageCellVoltage[26],,uint16,M,R,CellV_SF,V,1
Repeating,8646,1,StrModTmpMax[26],,sint16,M,R,ModTmp_SF,C,1
Repeating,8647,1,StrModTmpMaxMod[26],,uint16,O,R,,,1
Repeating,8648,1,StrModTmpMin[26],,sint16,M,R,ModTmp_SF,C,1
Repeating,8649,1,StrModTmpMinMod[26],,uint16,O,R,,,1
Repeating,8650,1,StrModTmpAvg[26],,sint16,M,R,ModTmp_SF,C,1
Repeating,8651,1,DisabledReason[26],,enum16,O,R,,,1
Repeating,8652,2,ContactorStatus[26],,bitfield32,O,R,,,1
Repeating,8654,2,StringEvent1[26],,bitfield32,M,R,,,1
Repeating,8656,2,StringEvent2[26],,bitfield32,O,R,,,1
Repeating,8658,2,VendorStringEventBitfield1[26],,bitfield32,O,R,,,1
Repeating,8660,2,VendorStringEventBitfield2[26],,bitfield32,O,R,,,1
Repeating,8662,1,EnableDisableString[26],,enum16,O,RW,,,1
Repeating,8663,1,ConnectDisconnectString[26],,enum16,O,RW,,,1
Repeating,8664,1,Pad[26],,pad,M,R,,,1
Repeating,8665,1,Pad2[26],,pad,M,R,,,1
Repeating,8666,1,ModuleCount[27],,uint16,M,R,,,1
Repeating,8667,2,StringStatus[27],,bitfield32,M,R,,,1
Repeating,8669,1,ConnectionFailureReason[27],,enum16,O,R,,,1
Repeating,8670,1,StringStateofCharge[27],,uint16,M,R,SoC_SF,%,1
Repeating,8671,1,StringStateofHealth[27],,uint16,O,R,SoH_SF,%,1
Repeating,8672,1,StringCurrent[27],,sint16,M,R,A_SF,A,1
Repeating,8673,1,MaxCellVoltage[27],,uint16,M,R,CellV_SF,V,1
Repeating,8674,1,MaxCellVoltageModule[27],,uint16,O,R,,,1
Repeating,8675,1,MinCellVoltage[27],,uint16,M,R,CellV_SF,V,1
Repeating,8676,1,MinCellVoltageModule[27],,uint16,O,R,,,1
Repeating,8677,1,AverageCellVoltage[27],,uint16,M,R,CellV_SF,V,1
Repeating,8678,1,StrModTmpMax[27],,sint16,M,R,ModTmp_SF,C,1
Repeating,8679,1,StrModTmpMaxMod[27],,uint16,O,R,,,1
Repeating,8680,1,StrModTmpMin[27],,sint16,M,R,ModTmp_SF,C,1
Repeating,8681,1,StrModTmpMinMod[27],,uint16,O,R,,,1
Repeating,8682,1,StrModTmpAvg[27],,sint16,M,R,ModTmp_SF,C,1
Repeating,8683,1,DisabledReason[27],,enum16,O,R,,,1
Repeating,8684,2,ContactorStatus[27],,bitfield32,O,R,,,1
Repeating,8686,2,StringEvent1[27],,bitfield32,M,R,,,1
Repeating,8688,2,StringEvent2[27],,bitfield32,O,R,,,1
Repeating,8690,2,VendorStringEventBitfield1[27],,bitfield32,O,R,,,1
Repeating,8692,2,VendorStringEventBitfield2[27],,bitfield32,O,R,,,1
Repeating,8694,1,EnableDisableString[27],,enum16,O,RW,,,1
Repeating,8695,1,ConnectDisconnectString[27],,enum16,O,RW,,,1
Repeating,8696,1,Pad[27],,pad,M,R,,,1
Repeating,8697,1,Pad2[27],,pad,M,R,,,1
Repeating,8698,1,ModuleCount[28],,uint16,M,R,,,1
Repeating,8699,2,StringStatus[28],,bitfield32,M,R,,,1
Repeating,8701,1,ConnectionFailureReason[28],,enum16,O,R,,,1
Repeating,8702,1,StringStateofCharge[28],,uint16,M,R,SoC_SF,%,1
Repeating,8703,1,StringStateofHealth[28],,uint16,O,R,SoH_SF,%,1
Repeating,8704,1,StringCurrent[28],,sint16,M,R,A_SF,A,1
Repeating,8705,1,MaxCellVoltage[28],,uint16,M,R,CellV_SF,V,1
Repeating,8706,1,MaxCellVoltageModule[28],,uint16,O,R,,,1
Repeating,8707,1,MinCellVoltage[28],,uint16,M,R,CellV_SF,V,1
Repeating,8708,1,MinCellVoltageModule[28],,uint16,O,R,,,1
Repeating,8709,1,AverageCellVoltage[28],,uint16,M,R,CellV_SF,V,1
Repeating,8710,1,StrModTmpMax[28],,sint16,M,R,ModTmp_SF,C,1
Repeating,8711,1,StrModTmpMaxMod[28],,uint16,O,R,,,1
Repeating,8712,1,StrModTmpMin[28],,sint16,M,R,ModTmp_SF,C,1
Repeating,8713,1,StrModTmpMinMod[28],,uint16,O,R,,,1
Repeating,8714,1,StrModTmpAvg[28],,sint16,M,R,ModTmp_SF,C,1
Repeating,8715,1,DisabledReason[28],,enum16,O,R,,,1
Repeating,8716,2,ContactorStatus[28],,bitfield32,O,R,,,1
Repeating,8718,2,StringEvent1[28],,bitfield32,M,R,,,1
Repeating,8720,2,StringEvent2[28],,bitfield32,O,R,,,1
Repeating,8722,2,VendorStringEventBitfield1[28],,bitfield32,O,R,,,1
Repeating,8724,2,VendorStringEventBitfield2[28],,bitfield32,O,R,,,1
Repeating,8726,1,EnableDisableString[28],,enum16,O,RW,,,1
Repeating,8727,1,ConnectDisconnectString[28],,enum16,O,RW,,,1
Repeating,8728,1,Pad[28],,pad,M,R,,,1
Repeating,8729,1,Pad2[28],,pad,M,R,,,1
Repeating,8730,1,ModuleCount[29],,uint16,M,R,,,1
Repeating,8731,2,StringStatus[29],,bitfield32,M,R,,,1
Repeating,8733,1,ConnectionFailureReason[29],,enum16,O,R,,,1
Repeating,8734,1,StringStateofCharge[29],,uint16,M,R,SoC_SF,%,1
Repeating,8735,1,StringStateofHealth[29],,uint16,O,R,SoH_SF,%,1
Repeating,8736,1,StringCurrent[29],,sint16,M,R,A_SF,A,1
Repeating,8737,1,MaxCellVoltage[29],,uint16,M,R,CellV_SF,V,1
Repeating,8738,1,MaxCellVoltageModule[29],,uint16,O,R,,,1
Repeating,8739,1,MinCellVoltage[29],,uint16,M,R,CellV_SF,V,1
Repeating,8740,1,MinCellVoltageModule[29],,uint16,O,R,,,1
Repeating,8741,1,AverageCellVoltage[29],,uint16,M,R,CellV_SF,V,1
Repeating,8742,1,StrModTmpMax[29],,sint16,M,R,ModTmp_SF,C,1
Repeating,8743,1,StrModTmpMaxMod[29],,uint16,O,R,,,1
Repeating,8744,1,StrModTmpMin[29],,sint16,M,R,ModTmp_SF,C,1
Repeating,8745,1,StrModTmpMinMod[29],,uint16,O,R,,,1
Repeating,8746,1,StrModTmpAvg[29],,sint16,M,R,ModTmp_SF,C,1
Repeating,8747,1,DisabledReason[29],,enum16,O,R,,,1
Repeating,8748,2,ContactorStatus[29],,bitfield32,O,R,,,1
Repeating,8750,2,StringEvent1[29],,bitfield32,M,R,,,1
Repeating,8752,2,StringEvent2[29],,bitfield32,O,R,,,1
Repeating,8754,2,VendorStringEventBitfield1[29],,bitfield32,O,R,,,1
Repeating,8756,2,VendorStringEventBitfield2[29],,bitfield32,O,R,,,1
Repeating,8758,1,EnableDisableString[29],,enum16,O,RW,,,1
Repeating,8759,1,ConnectDisconnectString[29],,enum16,O,RW,,,1
Repeating,8760,1,Pad[29],,pad,M,R,,,1
Repeating,8761,1,Pad2[29],,pad,M,R,,,1
Repeating,8762,1,ModuleCount[30],,uint16,M,R,,,1
Repeating,8763,2,StringStatus[30],,bitfield32,M,R,,,1
Repeating,8765,1,ConnectionFailureReason[30],,enum16,O,R,,,1
Repeating,8766,1,StringStateofCharge[30],,uint16,M,R,SoC_SF,%,1
Repeating,8767,1,StringStateofHealth[30],,uint16,O,R,SoH_SF,%,1
Repeating,8768,1,StringCurrent[30],,sint16,M,R,A_SF,A,1
Repeating,8769,1,MaxCellVoltage[30],,uint16,M,R,CellV_SF,V,1
Repeating,8770,1,MaxCellVoltageModule[30],,uint16,O,R,,,1
Repeating,8771,1,MinCellVoltage[30],,uint16,M,R,CellV_SF,V,1
Repeating,8772,1,MinCellVoltageModule[30],,uint16,O,R,,,1
Repeating,8773,1,AverageCellVoltage[30],,uint16,M,R,CellV_SF,V,1
Repeating,8774,1,StrModTmpMax[30],,sint16,M,R,ModTmp_SF,C,1
Repeating,8775,1,StrModTmpMaxMod[30],,uint16,O,R,,,1
Repeating,8776,1,StrModTmpMin[30],,sint16,M,R,ModTmp_SF,C,1
Repeating,8777,1,StrModTmpMinMod[30],,uint16,O,R,,,1
Repeating,8778,1,StrModTmpAvg[30],,sint16,M,R,ModTmp_SF,C,1
Repeating,8779,1,DisabledReason[30],,enum16,O,R,,,1
Repeating,8780,2,ContactorStatus[30],,bitfield32,O,R,,,1
Repeating,8782,2,StringEvent1[30],,bitfield32,M,R,,,1
Repeating,8784,2,StringEvent2[30],,bitfield32,O,R,,,1
Repeating,8786,2,VendorStringEventBitfield1[30],,bitfield32,O,R,,,1
Repeating,8788,2,VendorStringEventBitfield2[30],,bitfield32,O,R,,,1
Repeating,8790,1,EnableDisableString[30],,enum16,O,RW,,,1
Repeating,8791,1,ConnectDisconnectString[30],,enum16,O,RW,,,1
Repeating,8792,1,Pad[30],,pad,M,R,,,1
Repeating,8793,1,Pad2[30],,pad,M,R,,,1
Repeating,8794,1,ModuleCount[31],,uint16,M,R,,,1
Repeating,8795,2,StringStatus[31],,bitfield32,M,R,,,1
Repeating,8797,1,ConnectionFailureReason[31],,enum16,O,R,,,1
Repeating,8798,1,StringStateofCharge[31],,uint16,M,R,SoC_SF,%,1
Repeating,8799,1,StringStateofHealth[31],,uint16,O,R,SoH_SF,%,1
Repeating,8800,1,StringCurrent[31],,sint16,M,R,A_SF,A,1
Repeating,8801,1,MaxCellVoltage[31],,uint16,M,R,CellV_SF,V,1
Repeating,8802,1,MaxCellVoltageModule[31],,uint16,O,R,,,1
Repeating,8803,1,MinCellVoltage[31],,uint16,M,R,CellV_SF,V,1
Repeating,8804,1,MinCellVoltageModule[31],,uint16,O,R,,,1
Repeating,8805,1,AverageCellVoltage[31],,uint16,M,R,CellV_SF,V,1
Repeating,8806,1,StrModTmpMax[31],,sint16,M,R,ModTmp_SF,C,1
Repeating,8807,1,StrModTmpMaxMod[31],,uint16,O,R,,,1
Repeating,8808,1,StrModTmpMin[31],,sint16,M,R,ModTmp_SF,C,1
Repeating,8809,1,StrModTmpMinMod[31],,uint16,O,R,,,1
Repeating,8810,1,StrModTmpAvg[31],,sint16,M,R,ModTmp_SF,C,1
Repeating,8811,1,DisabledReason[31],,enum16,O,R,,,1
Repeating,8812,2,ContactorStatus[31],,bitfield32,O,R,,,1
Repeating,8814,2,StringEvent1[31],,bitfield32,M,R,,,1
Repeating,8816,2,StringEvent2[31],,bitfield32,O,R,,,1
Repeating,8818,2,VendorStringEventBitfield1[31],,bitfield32,O,R,,,1
Repeating,8820,2,VendorStringEventBitfield2[31],,bitfield32,O,R,,,1
Repeating,8822,1,EnableDisableString[31],,enum16,O,RW,,,1
Repeating,8823,1,ConnectDisconnectString[31],,enum16,O,RW,,,1
Repeating,8824,1,Pad[31],,pad,M,R,,,1
Repeating,8825,1,Pad2[31],,pad,M,R,,,1
Repeating,8826,1,ModuleCount[32],,uint16,M,R,,,1
Repeating,8827,2,StringStatus[32],,bitfield32,M,R,,,1
Repeating,8829,1,ConnectionFailureReason[32],,enum16,O,R,,,1
Repeating,8830,1,StringStateofCharge[32],,uint16,M,R,SoC_SF,%,1
Repeating,8831,1,StringStateofHealth[32],,uint16,O,R,SoH_SF,%,1
Repeating,8832,1,StringCurrent[32],,sint16,M,R,A_SF,A,1
Repeating,8833,1,MaxCellVoltage[32],,uint16,M,R,CellV_SF,V,1
Repeating,8834,1,MaxCellVoltageModule[32],,uint16,O,R,,,1
Repeating,8835,1,MinCellVoltage[32],,uint16,M,R,CellV_SF,V,1
Repeating,8836,1,MinCellVoltageModule[32],,uint16,O,R,,,1
Repeating,8837,1,AverageCellVoltage[32],,uint16,M,R,CellV_SF,V,1
Repeating,8838,1,StrModTmpMax[32],,sint16,M,R,ModTmp_SF,C,1
Repeating,8839,1,StrModTmpMaxMod[32],,uint16,O,R,,,1
Repeating,8840,1,StrModTmpMin[32],,sint16,M,R,ModTmp_SF,C,1
Repeating,8841,1,StrModTmpMinMod[32],,uint16,O,R,,,1
Repeating,8842,1,StrModTmpAvg[32],,sint16,M,R,ModTmp_SF,C,1
Repeating,8843,1,DisabledReason[32],,enum16,O,R,,,1
Repeating,8844,2,ContactorStatus[32],,bitfield32,O,R,,,1
Repeating,8846,2,StringEvent1[32],,bitfield32,M,R,,,1
Repeating,8848,2,StringEvent2[32],,bitfield32,O,R,,,1
Repeating,8850,2,VendorStringEventBitfield1[32],,bitfield32,O,R,,,1
Repeating,8852,2,VendorStringEventBitfield2[32],,bitfield32,O,R,,,1
Repeating,8854,1,EnableDisableString[32],,enum16,O,RW,,,1
Repeating,8855,1,ConnectDisconnectString[32],,enum16,O,RW,,,1
Repeating,8856,1,Pad[32],,pad,M,R,,,1
Repeating,8857,1,Pad2[32],,pad,M,R,,,1
Repeating,8858,1,ModuleCount[33],,uint16,M,R,,,1
Repeating,8859,2,StringStatus[33],,bitfield32,M,R,,,1
Repeating,8861,1,ConnectionFailureReason[33],,enum16,O,R,,,1
Repeating,8862,1,StringStateofCharge[33],,uint16,M,R,SoC_SF,%,1
Repeating,8863,1,StringStateofHealth[33],,uint16,O,R,SoH_SF,%,1
Repeating,8864,1,StringCurrent[33],,sint16,M,R,A_SF,A,1
Repeating,8865,1,MaxCellVoltage[33],,uint16,M,R,CellV_SF,V,1
Repeating,8866,1,MaxCellVoltageModule[33],,uint16,O,R,,,1
Repeating,8867,1,MinCellVoltage[33],,uint16,M,R,CellV_SF,V,1
Repeating,8868,1,MinCellVoltageModule[33],,uint16,O,R,,,1
Repeating,8869,1,AverageCellVoltage[33],,uint16,M,R,CellV_SF,V,1
Repeating,8870,1,StrModTmpMax[33],,sint16,M,R,ModTmp_SF,C,1
Repeating,8871,1,StrModTmpMaxMod[33],,uint16,O,R,,,1
Repeating,8872,1,StrModTmpMin[33],,sint16,M,R,ModTmp_SF,C,1
Repeating,8873,1,StrModTmpMinMod[33],,uint16,O,R,,,1
Repeating,8874,1,StrModTmpAvg[33],,sint16,M,R,ModTmp_SF,C,1
Repeating,8875,1,DisabledReason[33],,enum16,O,R,,,1
Repeating,8876,2,ContactorStatus[33],,bitfield32,O,R,,,1
Repeating,8878,2,StringEvent1[33],,bitfield32,M,R,,,1
Repeating,8880,2,StringEvent2[33],,bitfield32,O,R,,,1
Repeating,8882,2,VendorStringEventBitfield1[33],,bitfield32,O,R,,,1
Repeating,8884,2,VendorStringEventBitfield2[33],,bitfield32,O,R,,,1
Repeating,8886,1,EnableDisableString[33],,enum16,O,RW,,,1
Repeating,8887,1,ConnectDisconnectString[33],,enum16,O,RW,,,1
Repeating,8888,1,Pad[33],,pad,M,R,,,1
Repeating,8889,1,Pad2[33],,pad,M,R,,,1
Repeating,8890,1,ModuleCount[34],,uint16,M,R,,,1
Repeating,8891,2,StringStatus[34],,bitfield32,M,R,,,1
Repeating,8893,1,ConnectionFailureReason[34],,enum16,O,R,,,1
Repeating,8894,1,StringStateofCharge[34],,uint16,M,R,SoC_SF,%,1
Repeating,8895,1,StringStateofHealth[34],,uint16,O,R,SoH_SF,%,1
Repeating,8896,1,StringCurrent[34],,sint16,M,R,A_SF,A,1
Repeating,8897,1,MaxCellVoltage[34],,uint16,M,R,CellV_SF,V,1
Repeating,8898,1,MaxCellVoltageModule[34],,uint16,O,R,,,1
Repeating,8899,1,MinCellVoltage[34],,uint16,M,R,CellV_SF,V,1
Repeating,8900,1,MinCellVoltageModule[34],,uint16,O,R,,,1
Repeating,8901,1,AverageCellVoltage[34],,uint16,M,R,CellV_SF,V,1
Repeating,8902,1,StrModTmpMax[34],,sint16,M,R,ModTmp_SF,C,1
Repeating,8903,1,StrModTmpMaxMod[34],,uint16,O,R,,,1
Repeating,8904,1,StrModTmpMin[34],,sint16,M,R,ModTmp_SF,C,1
Repeating,8905,1,StrModTmpMinMod[34],,uint16,O,R,,,1
Repeating,8906,1,StrModTmpAvg[34],,sint16,M,R,ModTmp_SF,C,1
Repeating,8907,1,DisabledReason[34],,enum16,O,R,,,1
Repeating,8908,2,ContactorStatus[34],,bitfield32,O,R,,,1
Repeating,8910,2,StringEvent1[34],,bitfield32,M,R,,,1
Repeating,8912,2,StringEvent2[34],,bitfield32,O,R,,,1
Repeating,8914,2,VendorStringEventBitfield1[34],,bitfield32,O,R,,,1
Repeating,8916,2,VendorStringEventBitfield2[34],,bitfield32,O,R,,,1
Repeating,8918,1,EnableDisableString[34],,enum16,O,RW,,,1
Repeating,8919,1,ConnectDisconnectString[34],,enum16,O,RW,,,1
Repeating,8920,1,Pad[34],,pad,M,R,,,1
Repeating,8921,1,Pad2[34],,pad,M,R,,,1
Repeating,8922,1,ModuleCount[35],,uint16,M,R,,,1
Repeating,8923,2,StringStatus[35],,bitfield32,M,R,,,1
Repeating,8925,1,ConnectionFailureReason[35],,enum16,O,R,,,1
Repeating,8926,1,StringStateofCharge[35],,uint16,M,R,SoC_SF,%,1
Repeating,8927,1,StringStateofHealth[35],,uint16,O,R,SoH_SF,%,1
Repeating,8928,1,StringCurrent[35],,sint16,M,R,A_SF,A,1
Repeating,8929,1,MaxCellVoltage[35],,uint16,M,R,CellV_SF,V,1
Repeating,8930,1,MaxCellVoltageModule[35],,uint16,O,R,,,1
Repeating,8931,1,MinCellVoltage[35],,uint16,M,R,CellV_SF,V,1
Repeating,8932,1,MinCellVoltageModule[35],,uint16,O,R,,,1
Repeating,8933,1,AverageCellVoltage[35],,uint16,M,R,CellV_SF,V,1
Repeating,8934,1,StrModTmpMax[35],,sint16,M,R,ModTmp_SF,C,1
Repeating,8935,1,StrModTmpMaxMod[35],,uint16,O,R,,,1
Repeating,8936,1,StrModTmpMin[35],,sint16,M,R,ModTmp_SF,C,1
Repeating,8937,1,StrModTmpMinMod[35],,uint16,O,R,,,1
Repeating,8938,1,StrModTmpAvg[35],,sint16,M,R,ModTmp_SF,C,1
Repeating,8939,1,DisabledReason[35],,enum16,O,R,,,1
Repeating,8940,2,ContactorStatus[35],,bitfield32,O,R,,,1
Repeating,8942,2,StringEvent1[35],,bitfield32,M,R,,,1
Repeating,8944,2,StringEvent2[35],,bitfield32,O,R,,,1
Repeating,8946,2,VendorStringEventBitfield1[35],,bitfield32,O,R,,,1
Repeating,8948,2,VendorStringEventBitfield2[35],,bitfield32,O,R,,,1
Repeating,8950,1,EnableDisableString[35],,enum16,O,RW,,,1
Repeating,8951,1,ConnectDisconnectString[35],,enum16,O,RW,,,1
Repeating,8952,1,Pad[35],,pad,M,R,,,1
Repeating,8953,1,Pad2[35],,pad,M,R,,,1
Repeating,8954,1,ModuleCount[36],,uint16,M,R,,,1
Repeating,8955,2,StringStatus[36],,bitfield32,M,R,,,1
Repeating,8957,1,ConnectionFailureReason[36],,enum16,O,R,,,1
Repeating,8958,1,StringStateofCharge[36],,uint16,M,R,SoC_SF,%,1
Repeating,8959,1,StringStateofHealth[36],,uint16,O,R,SoH_SF,%,1
Repeating,8960,1,StringCurrent[36],,sint16,M,R,A_SF,A,1
Repeating,8961,1,MaxCellVoltage[36],,uint16,M,R,CellV_SF,V,1
Repeating,8962,1,MaxCellVoltageModule[36],,uint16,O,R,,,1
Repeating,8963,1,MinCellVoltage[36],,uint16,M,R,CellV_SF,V,1
Repeating,8964,1,MinCellVoltageModule[36],,uint16,O,R,,,1
Repeating,8965,1,AverageCellVoltage[36],,uint16,M,R,CellV_SF,V,1
Repeating,8966,1,StrModTmpMax[36],,sint16,M,R,ModTmp_SF,C,1
Repeating,8967,1,StrModTmpMaxMod[36],,uint16,O,R,,,1
Repeating,8968,1,StrModTmpMin[36],,sint16,M,R,ModTmp_SF,C,1
Repeating,8969,1,StrModTmpMinMod[36],,uint16,O,R,,,1
Repeating,8970,1,StrModTmpAvg[36],,sint16,M,R,ModTmp_SF,C,1
Repeating,8971,1,DisabledReason[36],,enum16,O,R,,,1
Repeating,8972,2,ContactorStatus[36],,bitfield32,O,R,,,1
Repeating,8974,2,StringEvent1[36],,bitfield32,M,R,,,1
Repeating,8976,2,StringEvent2[36],,bitfield32,O,R,,,1
Repeating,8978,2,VendorStringEventBitfield1[36],,bitfield32,O,R,,,1
Repeating,8980,2,VendorStringEventBitfield2[36],,bitfield32,O,R,,,1
Repeating,8982,1,EnableDisableString[36],,enum16,O,RW,,,1
Repeating,8983,1,ConnectDisconnectString[36],,enum16,O,RW,,,1
Repeating,8984,1,Pad[36],,pad,M,R,,,1
Repeating,8985,1,Pad2[36],,pad,M,R,,,1
Repeating,8986,1,ModuleCount[37],,uint16,M,R,,,1
Repeating,8987,2,StringStatus[37],,bitfield32,M,R,,,1
Repeating,8989,1,ConnectionFailureReason[37],,enum16,O,R,,,1
Repeating,8990,1,StringStateofCharge[37],,uint16,M,R,SoC_SF,%,1
Repeating,8991,1,StringStateofHealth[37],,uint16,O,R,SoH_SF,%,1
Repeating,8992,1,StringCurrent[37],,sint16,M,R,A_SF,A,1
Repeating,8993,1,MaxCellVoltage[37],,uint16,M,R,CellV_SF,V,1
Repeating,8994,1,MaxCellVoltageModule[37],,uint16,O,R,,,1
Repeating,8995,1,MinCellVoltage[37],,uint16,M,R,CellV_SF,V,1
Repeating,8996,1,MinCellVoltageModule[37],,uint16,O,R,,,1
Repeating,8997,1,AverageCellVoltage[37],,uint16,M,R,CellV_SF,V,1
Repeating,8998,1,StrModTmpMax[37],,sint16,M,R,ModTmp_SF,C,1
Repeating,8999,1,StrModTmpMaxMod[37],,uint16,O,R,,,1
Repeating,9000,1,StrModTmpMin[37],,sint16,M,R,ModTmp_SF,C,1
Repeating,9001,1,StrModTmpMinMod[37],,uint16,O,R,,,1
Repeating,9002,1,StrModTmpAvg[37],,sint16,M,R,ModTmp_SF,C,1
Repeating,9003,1,DisabledReason[37],,enum16,O,R,,,1
Repeating,9004,2,ContactorStatus[37],,bitfield32,O,R,,,1
Repeating,9006,2,StringEvent1[37],,bitfield32,M,R,,,1
Repeating,9008,2,StringEvent2[37],,bitfield32,O,R,,,1
Repeating,9010,2,VendorStringEventBitfield1[37],,bitfield32,O,R,,,1
Repeating,9012,2,VendorStringEventBitfield2[37],,bitfield32,O,R,,,1
Repeating,9014,1,EnableDisableString[37],,enum16,O,RW,,,1
Repeating,9015,1,ConnectDisconnectString[37],,enum16,O,RW,,,1
Repeating,9016,1,Pad[37],,pad,M,R,,,1
Repeating,9017,1,Pad2[37],,pad,M,R,,,1
Repeating,9018,1,ModuleCount[38],,uint16,M,R,,,1
Repeating,9019,2,StringStatus[38],,bitfield32,M,R,,,1
Repeating,9021,1,ConnectionFailureReason[38],,enum16,O,R,,,1
Repeating,9022,1,StringStateofCharge[38],,uint16,M,R,SoC_SF,%,1
Repeating,9023,1,StringStateofHealth[38],,uint16,O,R,SoH_SF,%,1
Repeating,9024,1,StringCurrent[38],,sint16,M,R,A_SF,A,1
Repeating,9025,1,MaxCellVoltage[38],,uint16,M,R,CellV_SF,V,1
Repeating,9026,1,MaxCellVoltageModule[38],,uint16,O,R,,,1
Repeating,9027,1,MinCellVoltage[38],,uint16,M,R,CellV_SF,V,1
Repeating,9028,1,MinCellVoltageModule[38],,uint16,O,R,,,1
Repeating,9029,1,AverageCellVoltage[38],,uint16,M,R,CellV_SF,V,1
Repeating,9030,1,StrModTmpMax[38],,sint16,M,R,ModTmp_SF,C,1
Repeating,9031,1,StrModTmpMaxMod[38],,uint16,O,R,,,1
Repeating,9032,1,StrModTmpMin[38],,sint16,M,R,ModTmp_SF,C,1
Repeating,9033,1,StrModTmpMinMod[38],,uint16,O,R,,,1
Repeating,9034,1,StrModTmpAvg[38],,sint16,M,R,ModTmp_SF,C,1
Repeating,9035,1,DisabledReason[38],,enum16,O,R,,,1
Repeating,9036,2,ContactorStatus[38],,bitfield32,O,R,,,1
Repeating,9038,2,StringEvent1[38],,bitfield32,M,R,,,1
Repeating,9040,2,StringEvent2[38],,bitfield32,O,R,,,1
Repeating,9042,2,VendorStringEventBitfield1[38],,bitfield32,O,R,,,1
Repeating,9044,2,VendorStringEventBitfield2[38],,bitfield32,O,R,,,1
Repeating,9046,1,EnableDisableString[38],,enum16,O,RW,,,1
Repeating,9047,1,ConnectDisconnectString[38],,enum16,O,RW,,,1
Repeating,9048,1,Pad[38],,pad,M,R,,,1
Repeating,9049,1,Pad2[38],,pad,M,R,,,1
Repeating,9050,1,ModuleCount[39],,uint16,M,R,,,1
Repeating,9051,2,StringStatus[39],,bitfield32,M,R,,,1
Repeating,9053,1,ConnectionFailureReason[39],,enum16,O,R,,,1
Repeating,9054,1,StringStateofCharge[39],,uint16,M,R,SoC_SF,%,1
Repeating,9055,1,StringStateofHealth[39],,uint16,O,R,SoH_SF,%,1
Repeating,9056,1,StringCurrent[39],,sint16,M,R,A_SF,A,1
Repeating,9057,1,MaxCellVoltage[39],,uint16,M,R,CellV_SF,V,1
Repeating,9058,1,MaxCellVoltageModule[39],,uint16,O,R,,,1
Repeating,9059,1,MinCellVoltage[39],,uint16,M,R,CellV_SF,V,1
Repeating,9060,1,MinCellVoltageModule[39],,uint16,O,R,,,1
Repeating,9061,1,AverageCellVoltage[39],,uint16,M,R,CellV_SF,V,1
Repeating,9062,1,StrModTmpMax[39],,sint16,M,R,ModTmp_SF,C,1
Repeating,9063,1,StrModTmpMaxMod[39],,uint16,O,R,,,1
Repeating,9064,1,StrModTmpMin[39],,sint16,M,R,ModTmp_SF,C,1
Repeating,9065,1,StrModTmpMinMod[39],,uint16,O,R,,,1
Repeating,9066,1,StrModTmpAvg[39],,sint16,M,R,ModTmp_SF,C,1
Repeating,9067,1,DisabledReason[39],,enum16,O,R,,,1
Repeating,9068,2,ContactorStatus[39],,bitfield32,O,R,,,1
Repeating,9070,2,StringEvent1[39],,bitfield32,M,R,,,1
Repeating,9072,2,StringEvent2[39],,bitfield32,O,R,,,1
Repeating,9074,2,VendorStringEventBitfield1[39],,bitfield32,O,R,,,1
Repeating,9076,2,VendorStringEventBitfield2[39],,bitfield32,O,R,,,1
Repeating,9078,1,EnableDisableString[39],,enum16,O,RW,,,1
Repeating,9079,1,ConnectDisconnectString[39],,enum16,O,RW,,,1
Repeating,9080,1,Pad[39],,pad,M,R,,,1
Repeating,9081,1,Pad2[39],,pad,M,R,,,1
Repeating,9082,1,ModuleCount[40],,uint16,M,R,,,1
Repeating,9083,2,StringStatus[40],,bitfield32,M,R,,,1
Repeating,9085,1,ConnectionFailureReason[40],,enum16,O,R,,,1
Repeating,9086,1,StringStateofCharge[40],,uint16,M,R,SoC_SF,%,1
Repeating,9087,1,StringStateofHealth[40],,uint16,O,R,SoH_SF,%,1
Repeating,9088,1,StringCurrent[40],,sint16,M,R,A_SF,A,1
Repeating,9089,1,MaxCellVoltage[40],,uint16,M,R,CellV_SF,V,1
Repeating,9090,1,MaxCellVoltageModule[40],,uint16,O,R,,,1
Repeating,9091,1,MinCellVoltage[40],,uint16,M,R,CellV_SF,V,1
Repeating,9092,1,MinCellVoltageModule[40],,uint16,O,R,,,1
Repeating,9093,1,AverageCellVoltage[40],,uint16,M,R,CellV_SF,V,1
Repeating,9094,1,StrModTmpMax[40],,sint16,M,R,ModTmp_SF,C,1
Repeating,9095,1,StrModTmpMaxMod[40],,uint16,O,R,,,1
Repeating,9096,1,StrModTmpMin[40],,sint16,M,R,ModTmp_SF,C,1
Repeating,9097,1,StrModTmpMinMod[40],,uint16,O,R,,,1
Repeating,9098,1,StrModTmpAvg[40],,sint16,M,R,ModTmp_SF,C,1
Repeating,9099,1,DisabledReason[40],,enum16,O,R,,,1
Repeating,9100,2,ContactorStatus[40],,bitfield32,O,R,,,1
Repeating,9102,2,StringEvent1[40],,bitfield32,M,R,,,1
Repeating,9104,2,StringEvent2[40],,bitfield32,O,R,,,1
Repeating,9106,2,VendorStringEventBitfield1[40],,bitfield32,O,R,,,1
Repeating,9108,2,VendorStringEventBitfield2[40],,bitfield32,O,R,,,1
Repeating,9110,1,EnableDisableString[40],,enum16,O,RW,,,1
Repeating,9111,1,ConnectDisconnectString[40],,enum16,O,RW,,,1
Repeating,9112,1,Pad[40],,pad,M,R,,,1
Repeating,9113,1,Pad2[40],,pad,M,R,,,1
Header,9114,1,"ID ""LithiumIonBatteryBankModel""",803,uint16,M,R,,,1
Header,9115,1,Length,1306,uint16,M,R,,,1
Fixed,9116,1,StringCount,,uint16,M,R,,,1
Fixed,9117,1,ConnectedStringCount,,uint16,M,R,,,1
Fixed,9118,1,MaxModuleTemperature,,sint16,M,R,ModTmp_SF,,1
Fixed,9119,1,MaxModuleTemperatureString,,uint16,O,R,,,1
Fixed,9120,1,MaxModuleTemperatureModule,,uint16,O,R,,,1
Fixed,9121,1,MinModuleTemperature,,sint16,M,R,ModTmp_SF,C,1
Fixed,9122,1,MinModuleTemperatureString,,uint16,O,R,,,1
Fixed,9123,1,MinModuleTemperatureModule,,uint16,O,R,,,1
Fixed,9124,1,AverageModuleTemperature,,sint16,O,R,ModTmp_SF,C,1
Fixed,9125,1,MaxStringVoltage,,uint16,O,R,V_SF,V,1
Fixed,9126,1,MaxStringVoltageString,,uint16,O,R,,,1
Fixed,9127,1,MinStringVoltage,,uint16,O,R,V_SF,V,1
Fixed,9128,1,MinStringVoltageString,,uint16,O,R,,,1
Fixed,9129,1,AverageStringVoltage,,uint16,O,R,V_SF,V,1
Fixed,9130,1,MaxStringCurrent,,sint16,O,R,A_SF,A,1
Fixed,9131,1,MaxStringCurrentString,,uint16,O,R,,,1
Fixed,9132,1,MinStringCurrent,,sint16,O,R,A_SF,A,1
Fixed,9133,1,MinStringCurrentString,,uint16,O,R,,,1
Fixed,9134,1,AverageStringCurrent,,sint16,O,R,A_SF,A,1
Fixed,9135,1,BatteryCellBalancingCount,,uint16,O,R,,,1
Fixed,9136,1,CellV_SF,,scalefactor,M,R,,,1
Fixed,9137,1,ModTmp_SF,,scalefactor,M,R,,,1
Fixed,9138,1,A_SF,,scalefactor,M,R,,,1
Fixed,9139,1,SoH_SF,,scalefactor,O,R,,,1
Fixed,9140,1,SoC_SF,,scalefactor,M,R,,,1
Fixed,9141,1,V_SF,,scalefactor,O,R,,,1
Repeating,9142,1,ModuleCount[1],,uint16,M,R,,,1
Repeating,9143,2,StringStatus[1],,bitfield32,M,R,,,1
Repeating,9145,1,ConnectionFailureReason[1],,enum16,O,R,,,1
Repeating,9146,1,StringStateofCharge[1],,uint16,M,R,SoC_SF,%,1
Repeating,9147,1,StringStateofHealth[1],,uint16,O,R,SoH_SF,%,1
Repeating,9148,1,StringCurrent[1],,sint16,M,R,A_SF,A,1
Repeating,9149,1,MaxCellVoltage[1],,uint16,M,R,CellV_SF,V,1
Repeating,9150,1,MaxCellVoltageModule[1],,uint16,O,R,,,1
Repeating,9151,1,MinCellVoltage[1],,uint16,M,R,CellV_SF,V,1
Repeating,9152,1,MinCellVoltageModule[1],,uint16,O,R,,,1
Repeating,9153,1,AverageCellVoltage[1],,uint16,M,R,CellV_SF,V,1
Repeating,9154,1,StrModTmpMax[1],,sint16,M,R,ModTmp_SF,C,1
Repeating,9155,1,StrModTmpMaxMod[1],,uint16,O,R,,,1
Repeating,9156,1,StrModTmpMin[1],,sint16,M,R,ModTmp_SF,C,1
Repeating,9157,1,StrModTmpMinMod[1],,uint16,O,R,,,1
Repeating,9158,1,StrModTmpAvg[1],,sint16,M,R,ModTmp_SF,C,1
Repeating,9159,1,DisabledReason[1],,enum16,O,R,,,1
Repeating,9160,2,ContactorStatus[1],,bitfield32,O,R,,,1
Repeating,9162,2,StringEvent1[1],,bitfield32,M,R,,,1
Repeating,9164,2,StringEvent2[1],,bitfield32,O,R,,,1
Repeating,9166,2,VendorStringEventBitfield1[1],,bitfield32,O,R,,,1
Repeating,9168,2,VendorStringEventBitfield2[1],,bitfield32,O,R,,,1
Repeating,9170,1,EnableDisableString[1],,enum16,O,RW,,,1
Repeating,9171,1,ConnectDisconnectString[1],,enum16,O,RW,,,1
Repeating,9172,1,Pad[1],,pad,M,R,,,1
Repeating,9173,1,Pad2[1],,pad,M,R,,,1
Repeating,9174,1,ModuleCount[2],,uint16,M,R,,,1
Repeating,9175,2,StringStatus[2],,bitfield32,M,R,,,1
Repeating,9177,1,ConnectionFailureReason[2],,enum16,O,R,,,1
Repeating,9178,1,StringStateofCharge[2],,uint16,M,R,SoC_SF,%,1
Repeating,9179,1,StringStateofHealth[2],,uint16,O,R,SoH_SF,%,1
Repeating,9180,1,StringCurrent[2],,sint16,M,R,A_SF,A,1
Repeating,9181,1,MaxCellVoltage[2],,uint16,M,R,CellV_SF,V,1
Repeating,9182,1,MaxCellVoltageModule[2],,uint16,O,R,,,1
Repeating,9183,1,MinCellVoltage[2],,uint16,M,R,CellV_SF,V,1
Repeating,9184,1,MinCellVoltageModule[2],,uint16,O,R,,,1
Repeating,9185,1,AverageCellVoltage[2],,uint16,M,R,CellV_SF,V,1
Repeating,9186,1,StrModTmpMax[2],,sint16,M,R,ModTmp_SF,C,1
Repeating,9187,1,StrModTmpMaxMod[2],,uint16,O,R,,,1
Repeating,9188,1,StrModTmpMin[2],,sint16,M,R,ModTmp_SF,C,1
Repeating,9189,1,StrModTmpMinMod[2],,uint16,O,R,,,1
Repeating,9190,1,StrModTmpAvg[2],,sint16,M,R,ModTmp_SF,C,1
Repeating,9191,1,DisabledReason[2],,enum16,O,R,,,1
Repeating,9192,2,ContactorStatus[2],,bitfield32,O,R,,,1
Repeating,9194,2,StringEvent1[2],,bitfield32,M,R,,,1
Repeating,9196,2,StringEvent2[2],,bitfield32,O,R,,,1
Repeating,9198,2,VendorStringEventBitfield1[2],,bitfield32,O,R,,,1
Repeating,9200,2,VendorStringEventBitfield2[2],,bitfield32,O,R,,,1
Repeating,9202,1,EnableDisableString[2],,enum16,O,RW,,,1
Repeating,9203,1,ConnectDisconnectString[2],,enum16,O,RW,,,1
Repeating,9204,1,Pad[2],,pad,M,R,,,1
Repeating,9205,1,Pad2[2],,pad,M,R,,,1
Repeating,9206,1,ModuleCount[3],,uint16,M,R,,,1
Repeating,9207,2,StringStatus[3],,bitfield32,M,R,,,1
Repeating,9209,1,ConnectionFailureReason[3],,enum16,O,R,,,1
Repeating,9210,1,StringStateofCharge[3],,uint16,M,R,SoC_SF,%,1
Repeating,9211,1,StringStateofHealth[3],,uint16,O,R,SoH_SF,%,1
Repeating,9212,1,StringCurrent[3],,sint16,M,R,A_SF,A,1
Repeating,9213,1,MaxCellVoltage[3],,uint16,M,R,CellV_SF,V,1
Repeating,9214,1,MaxCellVoltageModule[3],,uint16,O,R,,,1
Repeating,9215,1,MinCellVoltage[3],,uint16,M,R,CellV_SF,V,1
Repeating,9216,1,MinCellVoltageModule[3],,uint16,O,R,,,1
Repeating,9217,1,AverageCellVoltage[3],,uint16,M,R,CellV_SF,V,1
Repeating,9218,1,StrModTmpMax[3],,sint16,M,R,ModTmp_SF,C,1
Repeating,9219,1,StrModTmpMaxMod[3],,uint16,O,R,,,1
Repeating,9220,1,StrModTmpMin[3],,sint16,M,R,ModTmp_SF,C,1
Repeating,9221,1,StrModTmpMinMod[3],,uint16,O,R,,,1
Repeating,9222,1,StrModTmpAvg[3],,sint16,M,R,ModTmp_SF,C,1
Repeating,9223,1,DisabledReason[3],,enum16,O,R,,,1
Repeating,9224,2,ContactorStatus[3],,bitfield32,O,R,,,1
Repeating,9226,2,StringEvent1[3],,bitfield32,M,R,,,1
Repeating,9228,2,StringEvent2[3],,bitfield32,O,R,,,1
Repeating,9230,2,VendorStringEventBitfield1[3],,bitfield32,O,R,,,1
Repeating,9232,2,VendorStringEventBitfield2[3],,bitfield32,O,R,,,1
Repeating,9234,1,EnableDisableString[3],,enum16,O,RW,,,1
Repeating,9235,1,ConnectDisconnectString[3],,enum16,O,RW,,,1
Repeating,9236,1,Pad[3],,pad,M,R,,,1
Repeating,9237,1,Pad2[3],,pad,M,R,,,1
Repeating,9238,1,ModuleCount[4],,uint16,M,R,,,1
Repeating,9239,2,StringStatus[4],,bitfield32,M,R,,,1
Repeating,9241,1,ConnectionFailureReason[4],,enum16,O,R,,,1
Repeating,9242,1,StringStateofCharge[4],,uint16,M,R,SoC_SF,%,1
Repeating,9243,1,StringStateofHealth[4],,uint16,O,R,SoH_SF,%,1
Repeating,9244,1,StringCurrent[4],,sint16,M,R,A_SF,A,1
Repeating,9245,1,MaxCellVoltage[4],,uint16,M,R,CellV_SF,V,1
Repeating,9246,1,MaxCellVoltageModule[4],,uint16,O,R,,,1
Repeating,9247,1,MinCellVoltage[4],,uint16,M,R,CellV_SF,V,1
Repeating,9248,1,MinCellVoltageModule[4],,uint16,O,R,,,1
Repeating,9249,1,AverageCellVoltage[4],,uint16,M,R,CellV_SF,V,1
Repeating,9250,1,StrModTmpMax[4],,sint16,M,R,ModTmp_SF,C,1
Repeating,9251,1,StrModTmpMaxMod[4],,uint16,O,R,,,1
Repeating,9252,1,StrModTmpMin[4],,sint16,M,R,ModTmp_SF,C,1
Repeating,9253,1,StrModTmpMinMod[4],,uint16,O,R,,,1
Repeating,9254,1,StrModTmpAvg[4],,sint16,M,R,ModTmp_SF,C,1
Repeating,9255,1,DisabledReason[4],,enum16,O,R,,,1
Repeating,9256,2,ContactorStatus[4],,bitfield32,O,R,,,1
Repeating,9258,2,StringEvent1[4],,bitfield32,M,R,,,1
Repeating,9260,2,StringEvent2[4],,bitfield32,O,R,,,1
Repeating,9262,2,VendorStringEventBitfield1[4],,bitfield32,O,R,,,1
Repeating,9264,2,VendorStringEventBitfield2[4],,bitfield32,O,R,,,1
Repeating,9266,1,EnableDisableString[4],,enum16,O,RW,,,1
Repeating,9267,1,ConnectDisconnectString[4],,enum16,O,RW,,,1
Repeating,9268,1,Pad[4],,pad,M,R,,,1
Repeating,9269,1,Pad2[4],,pad,M,R,,,1
Repeating,9270,1,ModuleCount[5],,uint16,M,R,,,1
Repeating,9271,2,StringStatus[5],,bitfield32,M,R,,,1
Repeating,9273,1,ConnectionFailureReason[5],,enum16,O,R,,,1
Repeating,9274,1,StringStateofCharge[5],,uint16,M,R,SoC_SF,%,1
Repeating,9275,1,StringStateofHealth[5],,uint16,O,R,SoH_SF,%,1
Repeating,9276,1,StringCurrent[5],,sint16,M,R,A_SF,A,1
Repeating,9277,1,MaxCellVoltage[5],,uint16,M,R,CellV_SF,V,1
Repeating,9278,1,MaxCellVoltageModule[5],,uint16,O,R,,,1
Repeating,9279,1,MinCellVoltage[5],,uint16,M,R,CellV_SF,V,1
Repeating,9280,1,MinCellVoltageModule[5],,uint16,O,R,,,1
Repeating,9281,1,AverageCellVoltage[5],,uint16,M,R,CellV_SF,V,1
Repeating,9282,1,StrModTmpMax[5],,sint16,M,R,ModTmp_SF,C,1
Repeating,9283,1,StrModTmpMaxMod[5],,uint16,O,R,,,1
Repeating,9284,1,StrModTmpMin[5],,sint16,M,R,ModTmp_SF,C,1
Repeating,9285,1,StrModTmpMinMod[5],,uint16,O,R,,,1
Repeating,9286,1,StrModTmpAvg[5],,sint16,M,R,ModTmp_SF,C,1
Repeating,9287,1,DisabledReason[5],,enum16,O,R,,,1
Repeating,9288,2,ContactorStatus[5],,bitfield32,O,R,,,1
Repeating,9290,2,StringEvent1[5],,bitfield32,M,R,,,1
Repeating,9292,2,StringEvent2[5],,bitfield32,O,R,,,1
Repeating,9294,2,VendorStringEventBitfield1[5],,bitfield32,O,R,,,1
Repeating,9296,2,VendorStringEventBitfield2[5],,bitfield32,O,R,,,1
Repeating,9298,1,EnableDisableString[5],,enum16,O,RW,,,1
Repeating,9299,1,ConnectDisconnectString[5],,enum16,O,RW,,,1
Repeating,9300,1,Pad[5],,pad,M,R,,,1
Repeating,9301,1,Pad2[5],,pad,M,R,,,1
Repeating,9302,1,ModuleCount[6],,uint16,M,R,,,1
Repeating,9303,2,StringStatus[6],,bitfield32,M,R,,,1
Repeating,9305,1,ConnectionFailureReason[6],,enum16,O,R,,,1
Repeating,9306,1,StringStateofCharge[6],,uint16,M,R,SoC_SF,%,1
Repeating,9307,1,StringStateofHealth[6],,uint16,O,R,SoH_SF,%,1
Repeating,9308,1,StringCurrent[6],,sint16,M,R,A_SF,A,1
Repeating,9309,1,MaxCellVoltage[6],,uint16,M,R,CellV_SF,V,1
Repeating,9310,1,MaxCellVoltageModule[6],,uint16,O,R,,,1
Repeating,9311,1,MinCellVoltage[6],,uint16,M,R,CellV_SF,V,1
Repeating,9312,1,MinCellVoltageModule[6],,uint16,O,R,,,1
Repeating,9313,1,AverageCellVoltage[6],,uint16,M,R,CellV_SF,V,1
Repeating,9314,1,StrModTmpMax[6],,sint16,M,R,ModTmp_SF,C,1
Repeating,9315,1,StrModTmpMaxMod[6],,uint16,O,R,,,1
Repeating,9316,1,StrModTmpMin[6],,sint16,M,R,ModTmp_SF,C,1
Repeating,9317,1,StrModTmpMinMod[6],,uint16,O,R,,,1
Repeating,9318,1,StrModTmpAvg[6],,sint16,M,R,ModTmp_SF,C,1
Repeating,9319,1,DisabledReason[6],,enum16,O,R,,,1
Repeating,9320,2,ContactorStatus[6],,bitfield32,O,R,,,1
Repeating,9322,2,StringEvent1[6],,bitfield32,M,R,,,1
Repeating,9324,2,StringEvent2[6],,bitfield32,O,R,,,1
Repeating,9326,2,VendorStringEventBitfield1[6],,bitfield32,O,R,,,1
Repeating,9328,2,VendorStringEventBitfield2[6],,bitfield32,O,R,,,1
Repeating,9330,1,EnableDisableString[6],,enum16,O,RW,,,1
Repeating,9331,1,ConnectDisconnectString[6],,enum16,O,RW,,,1
Repeating,9332,1,Pad[6],,pad,M,R,,,1
Repeating,9333,1,Pad2[6],,pad,M,R,,,1
Repeating,9334,1,ModuleCount[7],,uint16,M,R,,,1
Repeating,9335,2,StringStatus[7],,bitfield32,M,R,,,1
Repeating,9337,1,ConnectionFailureReason[7],,enum16,O,R,,,1
Repeating,9338,1,StringStateofCharge[7],,uint16,M,R,SoC_SF,%,1
Repeating,9339,1,StringStateofHealth[7],,uint16,O,R,SoH_SF,%,1
Repeating,9340,1,StringCurrent[7],,sint16,M,R,A_SF,A,1
Repeating,9341,1,MaxCellVoltage[7],,uint16,M,R,CellV_SF,V,1
Repeating,9342,1,MaxCellVoltageModule[7],,uint16,O,R,,,1
Repeating,9343,1,MinCellVoltage[7],,uint16,M,R,CellV_SF,V,1
Repeating,9344,1,MinCellVoltageModule[7],,uint16,O,R,,,1
Repeating,9345,1,AverageCellVoltage[7],,uint16,M,R,CellV_SF,V,1
Repeating,9346,1,StrModTmpMax[7],,sint16,M,R,ModTmp_SF,C,1
Repeating,9347,1,StrModTmpMaxMod[7],,uint16,O,R,,,1
Repeating,9348,1,StrModTmpMin[7],,sint16,M,R,ModTmp_SF,C,1
Repeating,9349,1,StrModTmpMinMod[7],,uint16,O,R,,,1
Repeating,9350,1,StrModTmpAvg[7],,sint16,M,R,ModTmp_SF,C,1
Repeating,9351,1,DisabledReason[7],,enum16,O,R,,,1
Repeating,9352,2,ContactorStatus[7],,bitfield32,O,R,,,1
Repeating,9354,2,StringEvent1[7],,bitfield32,M,R,,,1
Repeating,9356,2,StringEvent2[7],,bitfield32,O,R,,,1
Repeating,9358,2,VendorStringEventBitfield1[7],,bitfield32,O,R,,,1
Repeating,9360,2,VendorStringEventBitfield2[7],,bitfield32,O,R,,,1
Repeating,9362,1,EnableDisableString[7],,enum16,O,RW,,,1
Repeating,9363,1,ConnectDisconnectString[7],,enum16,O,RW,,,1
Repeating,9364,1,Pad[7],,pad,M,R,,,1
Repeating,9365,1,Pad2[7],,pad,M,R,,,1
Repeating,9366,1,ModuleCount[8],,uint16,M,R,,,1
Repeating,9367,2,StringStatus[8],,bitfield32,M,R,,,1
Repeating,9369,1,ConnectionFailureReason[8],,enum16,O,R,,,1
Repeating,9370,1,StringStateofCharge[8],,uint16,M,R,SoC_SF,%,1
Repeating,9371,1,StringStateofHealth[8],,uint16,O,R,SoH_SF,%,1
Repeating,9372,1,StringCurrent[8],,sint16,M,R,A_SF,A,1
Repeating,9373,1,MaxCellVoltage[8],,uint16,M,R,CellV_SF,V,1
Repeating,9374,1,MaxCellVoltageModule[8],,uint16,O,R,,,1
Repeating,9375,1,MinCellVoltage[8],,uint16,M,R,CellV_SF,V,1
Repeating,9376,1,MinCellVoltageModule[8],,uint16,O,R,,,1
Repeating,9377,1,AverageCellVoltage[8],,uint16,M,R,CellV_SF,V,1
Repeating,9378,1,StrModTmpMax[8],,sint16,M,R,ModTmp_SF,C,1
Repeating,9379,1,StrModTmpMaxMod[8],,uint16,O,R,,,1
Repeating,9380,1,StrModTmpMin[8],,sint16,M,R,ModTmp_SF,C,1
Repeating,9381,1,StrModTmpMinMod[8],,uint16,O,R,,,1
Repeating,9382,1,StrModTmpAvg[8],,sint16,M,R,ModTmp_SF,C,1
Repeating,9383,1,DisabledReason[8],,enum16,O,R,,,1
Repeating,9384,2,ContactorStatus[8],,bitfield32,O,R,,,1
Repeating,9386,2,StringEvent1[8],,bitfield32,M,R,,,1
Repeating,9388,2,StringEvent2[8],,bitfield32,O,R,,,1
Repeating,9390,2,VendorStringEventBitfield1[8],,bitfield32,O,R,,,1
Repeating,9392,2,VendorStringEventBitfield2[8],,bitfield32,O,R,,,1
Repeating,9394,1,EnableDisableString[8],,enum16,O,RW,,,1
Repeating,9395,1,ConnectDisconnectString[8],,enum16,O,RW,,,1
Repeating,9396,1,Pad[8],,pad,M,R,,,1
Repeating,9397,1,Pad2[8],,pad,M,R,,,1
Repeating,9398,1,ModuleCount[9],,uint16,M,R,,,1
Repeating,9399,2,StringStatus[9],,bitfield32,M,R,,,1
Repeating,9401,1,ConnectionFailureReason[9],,enum16,O,R,,,1
Repeating,9402,1,StringStateofCharge[9],,uint16,M,R,SoC_SF,%,1
Repeating,9403,1,StringStateofHealth[9],,uint16,O,R,SoH_SF,%,1
Repeating,9404,1,StringCurrent[9],,sint16,M,R,A_SF,A,1
Repeating,9405,1,MaxCellVoltage[9],,uint16,M,R,CellV_SF,V,1
Repeating,9406,1,MaxCellVoltageModule[9],,uint16,O,R,,,1
Repeating,9407,1,MinCellVoltage[9],,uint16,M,R,CellV_SF,V,1
Repeating,9408,1,MinCellVoltageModule[9],,uint16,O,R,,,1
Repeating,9409,1,AverageCellVoltage[9],,uint16,M,R,CellV_SF,V,1
Repeating,9410,1,StrModTmpMax[9],,sint16,M,R,ModTmp_SF,C,1
Repeating,9411,1,StrModTmpMaxMod[9],,uint16,O,R,,,1
Repeating,9412,1,StrModTmpMin[9],,sint16,M,R,ModTmp_SF,C,1
Repeating,9413,1,StrModTmpMinMod[9],,uint16,O,R,,,1
Repeating,9414,1,StrModTmpAvg[9],,sint16,M,R,ModTmp_SF,C,1
Repeating,9415,1,DisabledReason[9],,enum16,O,R,,,1
Repeating,9416,2,ContactorStatus[9],,bitfield32,O,R,,,1
Repeating,9418,2,StringEvent1[9],,bitfield32,M,R,,,1
Repeating,9420,2,StringEvent2[9],,bitfield32,O,R,,,1
Repeating,9422,2,VendorStringEventBitfield1[9],,bitfield32,O,R,,,1
Repeating,9424,2,VendorStringEventBitfield2[9],,bitfield32,O,R,,,1
Repeating,9426,1,EnableDisableString[9],,enum16,O,RW,,,1
Repeating,9427,1,ConnectDisconnectString[9],,enum16,O,RW,,,1
Repeating,9428,1,Pad[9],,pad,M,R,,,1
Repeating,9429,1,Pad2[9],,pad,M,R,,,1
Repeating,9430,1,ModuleCount[10],,uint16,M,R,,,1
Repeating,9431,2,StringStatus[10],,bitfield32,M,R,,,1
Repeating,9433,1,ConnectionFailureReason[10],,enum16,O,R,,,1
Repeating,9434,1,StringStateofCharge[10],,uint16,M,R,SoC_SF,%,1
Repeating,9435,1,StringStateofHealth[10],,uint16,O,R,SoH_SF,%,1
Repeating,9436,1,StringCurrent[10],,sint16,M,R,A_SF,A,1
Repeating,9437,1,MaxCellVoltage[10],,uint16,M,R,CellV_SF,V,1
Repeating,9438,1,MaxCellVoltageModule[10],,uint16,O,R,,,1
Repeating,9439,1,MinCellVoltage[10],,uint16,M,R,CellV_SF,V,1
Repeating,9440,1,MinCellVoltageModule[10],,uint16,O,R,,,1
Repeating,9441,1,AverageCellVoltage[10],,uint16,M,R,CellV_SF,V,1
Repeating,9442,1,StrModTmpMax[10],,sint16,M,R,ModTmp_SF,C,1
Repeating,9443,1,StrModTmpMaxMod[10],,uint16,O,R,,,1
Repeating,9444,1,StrModTmpMin[10],,sint16,M,R,ModTmp_SF,C,1
Repeating,9445,1,StrModTmpMinMod[10],,uint16,O,R,,,1
Repeating,9446,1,StrModTmpAvg[10],,sint16,M,R,ModTmp_SF,C,1
Repeating,9447,1,DisabledReason[10],,enum16,O,R,,,1
Repeating,9448,2,ContactorStatus[10],,bitfield32,O,R,,,1
Repeating,9450,2,StringEvent1[10],,bitfield32,M,R,,,1
Repeating,9452,2,StringEvent2[10],,bitfield32,O,R,,,1
Repeating,9454,2,VendorStringEventBitfield1[10],,bitfield32,O,R,,,1
Repeating,9456,2,VendorStringEventBitfield2[10],,bitfield32,O,R,,,1
Repeating,9458,1,EnableDisableString[10],,enum16,O,RW,,,1
Repeating,9459,1,ConnectDisconnectString[10],,enum16,O,RW,,,1
Repeating,9460,1,Pad[10],,pad,M,R,,,1
Repeating,9461,1,Pad2[10],,pad,M,R,,,1
Repeating,9462,1,ModuleCount[11],,uint16,M,R,,,1
Repeating,9463,2,StringStatus[11],,bitfield32,M,R,,,1
Repeating,9465,1,ConnectionFailureReason[11],,enum16,O,R,,,1
Repeating,9466,1,StringStateofCharge[11],,uint16,M,R,SoC_SF,%,1
Repeating,9467,1,StringStateofHealth[11],,uint16,O,R,SoH_SF,%,1
Repeating,9468,1,StringCurrent[11],,sint16,M,R,A_SF,A,1
Repeating,9469,1,MaxCellVoltage[11],,uint16,M,R,CellV_SF,V,1
Repeating,9470,1,MaxCellVoltageModule[11],,uint16,O,R,,,1
Repeating,9471,1,MinCellVoltage[11],,uint16,M,R,CellV_SF,V,1
Repeating,9472,1,MinCellVoltageModule[11],,uint16,O,R,,,1
Repeating,9473,1,AverageCellVoltage[11],,uint16,M,R,CellV_SF,V,1
Repeating,9474,1,StrModTmpMax[11],,sint16,M,R,ModTmp_SF,C,1
Repeating,9475,1,StrModTmpMaxMod[11],,uint16,O,R,,,1
Repeating,9476,1,StrModTmpMin[11],,sint16,M,R,ModTmp_SF,C,1
Repeating,9477,1,StrModTmpMinMod[11],,uint16,O,R,,,1
Repeating,9478,1,StrModTmpAvg[11],,sint16,M,R,ModTmp_SF,C,1
Repeating,9479,1,DisabledReason[11],,enum16,O,R,,,1
Repeating,9480,2,ContactorStatus[11],,bitfield32,O,R,,,1
Repeating,9482,2,StringEvent1[11],,bitfield32,M,R,,,1
Repeating,9484,2,StringEvent2[11],,bitfield32,O,R,,,1
Repeating,9486,2,VendorStringEventBitfield1[11],,bitfield32,O,R,,,1
Repeating,9488,2,VendorStringEventBitfield2[11],,bitfield32,O,R,,,1
Repeating,9490,1,EnableDisableString[11],,enum16,O,RW,,,1
Repeating,9491,1,ConnectDisconnectString[11],,enum16,O,RW,,,1
Repeating,9492,1,Pad[11],,pad,M,R,,,1
Repeating,9493,1,Pad2[11],,pad,M,R,,,1
Repeating,9494,1,ModuleCount[12],,uint16,M,R,,,1
Repeating,9495,2,StringStatus[12],,bitfield32,M,R,,,1
Repeating,9497,1,ConnectionFailureReason[12],,enum16,O,R,,,1
Repeating,9498,1,StringStateofCharge[12],,uint16,M,R,SoC_SF,%,1
Repeating,9499,1,StringStateofHealth[12],,uint16,O,R,SoH_SF,%,1
Repeating,9500,1,StringCurrent[12],,sint16,M,R,A_SF,A,1
Repeating,9501,1,MaxCellVoltage[12],,uint16,M,R,CellV_SF,V,1
Repeating,9502,1,MaxCellVoltageModule[12],,uint16,O,R,,,1
Repeating,9503,1,MinCellVoltage[12],,uint16,M,R,CellV_SF,V,1
Repeating,9504,1,MinCellVoltageModule[12],,uint16,O,R,,,1
Repeating,9505,1,AverageCellVoltage[12],,uint16,M,R,CellV_SF,V,1
Repeating,9506,1,StrModTmpMax[12],,sint16,M,R,ModTmp_SF,C,1
Repeating,9507,1,StrModTmpMaxMod[12],,uint16,O,R,,,1
Repeating,9508,1,StrModTmpMin[12],,sint16,M,R,ModTmp_SF,C,1
Repeating,9509,1,StrModTmpMinMod[12],,uint16,O,R,,,1
Repeating,9510,1,StrModTmpAvg[12],,sint16,M,R,ModTmp_SF,C,1
Repeating,9511,1,DisabledReason[12],,enum16,O,R,,,1
Repeating,9512,2,ContactorStatus[12],,bitfield32,O,R,,,1
Repeating,9514,2,StringEvent1[12],,bitfield32,M,R,,,1
Repeating,9516,2,StringEvent2[12],,bitfield32,O,R,,,1
Repeating,9518,2,VendorStringEventBitfield1[12],,bitfield32,O,R,,,1
Repeating,9520,2,VendorStringEventBitfield2[12],,bitfield32,O,R,,,1
Repeating,9522,1,EnableDisableString[12],,enum16,O,RW,,,1
Repeating,9523,1,ConnectDisconnectString[12],,enum16,O,RW,,,1
Repeating,9524,1,Pad[12],,pad,M,R,,,1
Repeating,9525,1,Pad2[12],,pad,M,R,,,1
Repeating,9526,1,ModuleCount[13],,uint16,M,R,,,1
Repeating,9527,2,StringStatus[13],,bitfield32,M,R,,,1
Repeating,9529,1,ConnectionFailureReason[13],,enum16,O,R,,,1
Repeating,9530,1,StringStateofCharge[13],,uint16,M,R,SoC_SF,%,1
Repeating,9531,1,StringStateofHealth[13],,uint16,O,R,SoH_SF,%,1
Repeating,9532,1,StringCurrent[13],,sint16,M,R,A_SF,A,1
Repeating,9533,1,MaxCellVoltage[13],,uint16,M,R,CellV_SF,V,1
Repeating,9534,1,MaxCellVoltageModule[13],,uint16,O,R,,,1
Repeating,9535,1,MinCellVoltage[13],,uint16,M,R,CellV_SF,V,1
Repeating,9536,1,MinCellVoltageModule[13],,uint16,O,R,,,1
Repeating,9537,1,AverageCellVoltage[13],,uint16,M,R,CellV_SF,V,1
Repeating,9538,1,StrModTmpMax[13],,sint16,M,R,ModTmp_SF,C,1
Repeating,9539,1,StrModTmpMaxMod[13],,uint16,O,R,,,1
Repeating,9540,1,StrModTmpMin[13],,sint16,M,R,ModTmp_SF,C,1
Repeating,9541,1,StrModTmpMinMod[13],,uint16,O,R,,,1
Repeating,9542,1,StrModTmpAvg[13],,sint16,M,R,ModTmp_SF,C,1
Repeating,9543,1,DisabledReason[13],,enum16,O,R,,,1
Repeating,9544,2,ContactorStatus[13],,bitfield32,O,R,,,1
Repeating,9546,2,StringEvent1[13],,bitfield32,M,R,,,1
Repeating,9548,2,StringEvent2[13],,bitfield32,O,R,,,1
Repeating,9550,2,VendorStringEventBitfield1[13],,bitfield32,O,R,,,1
Repeating,9552,2,VendorStringEventBitfield2[13],,bitfield32,O,R,,,1
Repeating,9554,1,EnableDisableString[13],,enum16,O,RW,,,1
Repeating,9555,1,ConnectDisconnectString[13],,enum16,O,RW,,,1
Repeating,9556,1,Pad[13],,pad,M,R,,,1
Repeating,9557,1,Pad2[13],,pad,M,R,,,1
Repeating,9558,1,ModuleCount[14],,uint16,M,R,,,1
Repeating,9559,2,StringStatus[14],,bitfield32,M,R,,,1
Repeating,9561,1,ConnectionFailureReason[14],,enum16,O,R,,,1
Repeating,9562,1,StringStateofCharge[14],,uint16,M,R,SoC_SF,%,1
Repeating,9563,1,StringStateofHealth[14],,uint16,O,R,SoH_SF,%,1
Repeating,9564,1,StringCurrent[14],,sint16,M,R,A_SF,A,1
Repeating,9565,1,MaxCellVoltage[14],,uint16,M,R,CellV_SF,V,1
Repeating,9566,1,MaxCellVoltageModule[14],,uint16,O,R,,,1
Repeating,9567,1,MinCellVoltage[14],,uint16,M,R,CellV_SF,V,1
Repeating,9568,1,MinCellVoltageModule[14],,uint16,O,R,,,1
Repeating,9569,1,AverageCellVoltage[14],,uint16,M,R,CellV_SF,V,1
Repeating,9570,1,StrModTmpMax[14],,sint16,M,R,ModTmp_SF,C,1
Repeating,9571,1,StrModTmpMaxMod[14],,uint16,O,R,,,1
Repeating,9572,1,StrModTmpMin[14],,sint16,M,R,ModTmp_SF,C,1
Repeating,9573,1,StrModTmpMinMod[14],,uint16,O,R,,,1
Repeating,9574,1,StrModTmpAvg[14],,sint16,M,R,ModTmp_SF,C,1
Repeating,9575,1,DisabledReason[14],,enum16,O,R,,,1
Repeating,9576,2,ContactorStatus[14],,bitfield32,O,R,,,1
Repeating,9578,2,StringEvent1[14],,bitfield32,M,R,,,1
Repeating,9580,2,StringEvent2[14],,bitfield32,O,R,,,1
Repeating,9582,2,VendorStringEventBitfield1[14],,bitfield32,O,R,,,1
Repeating,9584,2,VendorStringEventBitfield2[14],,bitfield32,O,R,,,1
Repeating,9586,1,EnableDisableString[14],,enum16,O,RW,,,1
Repeating,9587,1,ConnectDisconnectString[14],,enum16,O,RW,,,1
Repeating,9588,1,Pad[14],,pad,M,R,,,1
Repeating,9589,1,Pad2[14],,pad,M,R,,,1
Repeating,9590,1,ModuleCount[15],,uint16,M,R,,,1
Repeating,9591,2,StringStatus[15],,bitfield32,M,R,,,1
Repeating,9593,1,ConnectionFailureReason[15],,enum16,O,R,,,1
Repeating,9594,1,StringStateofCharge[15],,uint16,M,R,SoC_SF,%,1
Repeating,9595,1,StringStateofHealth[15],,uint16,O,R,SoH_SF,%,1
Repeating,9596,1,StringCurrent[15],,sint16,M,R,A_SF,A,1
Repeating,9597,1,MaxCellVoltage[15],,uint16,M,R,CellV_SF,V,1
Repeating,9598,1,MaxCellVoltageModule[15],,uint16,O,R,,,1
Repeating,9599,1,MinCellVoltage[15],,uint16,M,R,CellV_SF,V,1
Repeating,9600,1,MinCellVoltageModule[15],,uint16,O,R,,,1
Repeating,9601,1,AverageCellVoltage[15],,uint16,M,R,CellV_SF,V,1
Repeating,9602,1,StrModTmpMax[15],,sint16,M,R,ModTmp_SF,C,1
Repeating,9603,1,StrModTmpMaxMod[15],,uint16,O,R,,,1
Repeating,9604,1,StrModTmpMin[15],,sint16,M,R,ModTmp_SF,C,1
Repeating,9605,1,StrModTmpMinMod[15],,uint16,O,R,,,1
Repeating,9606,1,StrModTmpAvg[15],,sint16,M,R,ModTmp_SF,C,1
Repeating,9607,1,DisabledReason[15],,enum16,O,R,,,1
Repeating,9608,2,ContactorStatus[15],,bitfield32,O,R,,,1
Repeating,9610,2,StringEvent1[15],,bitfield32,M,R,,,1
Repeating,9612,2,StringEvent2[15],,bitfield32,O,R,,,1
Repeating,9614,2,VendorStringEventBitfield1[15],,bitfield32,O,R,,,1
Repeating,9616,2,VendorStringEventBitfield2[15],,bitfield32,O,R,,,1
Repeating,9618,1,EnableDisableString[15],,enum16,O,RW,,,1
Repeating,9619,1,ConnectDisconnectString[15],,enum16,O,RW,,,1
Repeating,9620,1,Pad[15],,pad,M,R,,,1
Repeating,9621,1,Pad2[15],,pad,M,R,,,1
Repeating,9622,1,ModuleCount[16],,uint16,M,R,,,1
Repeating,9623,2,StringStatus[16],,bitfield32,M,R,,,1
Repeating,9625,1,ConnectionFailureReason[16],,enum16,O,R,,,1
Repeating,9626,1,StringStateofCharge[16],,uint16,M,R,SoC_SF,%,1
Repeating,9627,1,StringStateofHealth[16],,uint16,O,R,SoH_SF,%,1
Repeating,9628,1,StringCurrent[16],,sint16,M,R,A_SF,A,1
Repeating,9629,1,MaxCellVoltage[16],,uint16,M,R,CellV_SF,V,1
Repeating,9630,1,MaxCellVoltageModule[16],,uint16,O,R,,,1
Repeating,9631,1,MinCellVoltage[16],,uint16,M,R,CellV_SF,V,1
Repeating,9632,1,MinCellVoltageModule[16],,uint16,O,R,,,1
Repeating,9633,1,AverageCellVoltage[16],,uint16,M,R,CellV_SF,V,1
Repeating,9634,1,StrModTmpMax[16],,sint16,M,R,ModTmp_SF,C,1
Repeating,9635,1,StrModTmpMaxMod[16],,uint16,O,R,,,1
Repeating,9636,1,StrModTmpMin[16],,sint16,M,R,ModTmp_SF,C,1
Repeating,9637,1,StrModTmpMinMod[16],,uint16,O,R,,,1
Repeating,9638,1,StrModTmpAvg[16],,sint16,M,R,ModTmp_SF,C,1
Repeating,9639,1,DisabledReason[16],,enum16,O,R,,,1
Repeating,9640,2,ContactorStatus[16],,bitfield32,O,R,,,1
Repeating,9642,2,StringEvent1[16],,bitfield32,M,R,,,1
Repeating,9644,2,StringEvent2[16],,bitfield32,O,R,,,1
Repeating,9646,2,VendorStringEventBitfield1[16],,bitfield32,O,R,,,1
Repeating,9648,2,VendorStringEventBitfield2[16],,bitfield32,O,R,,,1
Repeating,9650,1,EnableDisableString[16],,enum16,O,RW,,,1
Repeating,9651,1,ConnectDisconnectString[16],,enum16,O,RW,,,1
Repeating,9652,1,Pad[16],,pad,M,R,,,1
Repeating,9653,1,Pad2[16],,pad,M,R,,,1
Repeating,9654,1,ModuleCount[17],,uint16,M,R,,,1
Repeating,9655,2,StringStatus[17],,bitfield32,M,R,,,1
Repeating,9657,1,ConnectionFailureReason[17],,enum16,O,R,,,1
Repeating,9658,1,StringStateofCharge[17],,uint16,M,R,SoC_SF,%,1
Repeating,9659,1,StringStateofHealth[17],,uint16,O,R,SoH_SF,%,1
Repeating,9660,1,StringCurrent[17],,sint16,M,R,A_SF,A,1
Repeating,9661,1,MaxCellVoltage[17],,uint16,M,R,CellV_SF,V,1
Repeating,9662,1,MaxCellVoltageModule[17],,uint16,O,R,,,1
Repeating,9663,1,MinCellVoltage[17],,uint16,M,R,CellV_SF,V,1
Repeating,9664,1,MinCellVoltageModule[17],,uint16,O,R,,,1
Repeating,9665,1,AverageCellVoltage[17],,uint16,M,R,CellV_SF,V,1
Repeating,9666,1,StrModTmpMax[17],,sint16,M,R,ModTmp_SF,C,1
Repeating,9667,1,StrModTmpMaxMod[17],,uint16,O,R,,,1
Repeating,9668,1,StrModTmpMin[17],,sint16,M,R,ModTmp_SF,C,1
Repeating,9669,1,StrModTmpMinMod[17],,uint16,O,R,,,1
Repeating,9670,1,StrModTmpAvg[17],,sint16,M,R,ModTmp_SF,C,1
Repeating,9671,1,DisabledReason[17],,enum16,O,R,,,1
Repeating,9672,2,ContactorStatus[17],,bitfield32,O,R,,,1
Repeating,9674,2,StringEvent1[17],,bitfield32,M,R,,,1
Repeating,9676,2,StringEvent2[17],,bitfield32,O,R,,,1
Repeating,9678,2,VendorStringEventBitfield1[17],,bitfield32,O,R,,,1
Repeating,9680,2,VendorStringEventBitfield2[17],,bitfield32,O,R,,,1
Repeating,9682,1,EnableDisableString[17],,enum16,O,RW,,,1
Repeating,9683,1,ConnectDisconnectString[17],,enum16,O,RW,,,1
Repeating,9684,1,Pad[17],,pad,M,R,,,1
Repeating,9685,1,Pad2[17],,pad,M,R,,,1
Repeating,9686,1,ModuleCount[18],,uint16,M,R,,,1
Repeating,9687,2,StringStatus[18],,bitfield32,M,R,,,1
Repeating,9689,1,ConnectionFailureReason[18],,enum16,O,R,,,1
Repeating,9690,1,StringStateofCharge[18],,uint16,M,R,SoC_SF,%,1
Repeating,9691,1,StringStateofHealth[18],,uint16,O,R,SoH_SF,%,1
Repeating,9692,1,StringCurrent[18],,sint16,M,R,A_SF,A,1
Repeating,9693,1,MaxCellVoltage[18],,uint16,M,R,CellV_SF,V,1
Repeating,9694,1,MaxCellVoltageModule[18],,uint16,O,R,,,1
Repeating,9695,1,MinCellVoltage[18],,uint16,M,R,CellV_SF,V,1
Repeating,9696,1,MinCellVoltageModule[18],,uint16,O,R,,,1
Repeating,9697,1,AverageCellVoltage[18],,uint16,M,R,CellV_SF,V,1
Repeating,9698,1,StrModTmpMax[18],,sint16,M,R,ModTmp_SF,C,1
Repeating,9699,1,StrModTmpMaxMod[18],,uint16,O,R,,,1
Repeating,9700,1,StrModTmpMin[18],,sint16,M,R,ModTmp_SF,C,1
Repeating,9701,1,StrModTmpMinMod[18],,uint16,O,R,,,1
Repeating,9702,1,StrModTmpAvg[18],,sint16,M,R,ModTmp_SF,C,1
Repeating,9703,1,DisabledReason[18],,enum16,O,R,,,1
Repeating,9704,2,ContactorStatus[18],,bitfield32,O,R,,,1
Repeating,9706,2,StringEvent1[18],,bitfield32,M,R,,,1
Repeating,9708,2,StringEvent2[18],,bitfield32,O,R,,,1
Repeating,9710,2,VendorStringEventBitfield1[18],,bitfield32,O,R,,,1
Repeating,9712,2,VendorStringEventBitfield2[18],,bitfield32,O,R,,,1
Repeating,9714,1,EnableDisableString[18],,enum16,O,RW,,,1
Repeating,9715,1,ConnectDisconnectString[18],,enum16,O,RW,,,1
Repeating,9716,1,Pad[18],,pad,M,R,,,1
Repeating,9717,1,Pad2[18],,pad,M,R,,,1
Repeating,9718,1,ModuleCount[19],,uint16,M,R,,,1
Repeating,9719,2,StringStatus[19],,bitfield32,M,R,,,1
Repeating,9721,1,ConnectionFailureReason[19],,enum16,O,R,,,1
Repeating,9722,1,StringStateofCharge[19],,uint16,M,R,SoC_SF,%,1
Repeating,9723,1,StringStateofHealth[19],,uint16,O,R,SoH_SF,%,1
Repeating,9724,1,StringCurrent[19],,sint16,M,R,A_SF,A,1
Repeating,9725,1,MaxCellVoltage[19],,uint16,M,R,CellV_SF,V,1
Repeating,9726,1,MaxCellVoltageModule[19],,uint16,O,R,,,1
Repeating,9727,1,MinCellVoltage[19],,uint16,M,R,CellV_SF,V,1
Repeating,9728,1,MinCellVoltageModule[19],,uint16,O,R,,,1
Repeating,9729,1,AverageCellVoltage[19],,uint16,M,R,CellV_SF,V,1
Repeating,9730,1,StrModTmpMax[19],,sint16,M,R,ModTmp_SF,C,1
Repeating,9731,1,StrModTmpMaxMod[19],,uint16,O,R,,,1
Repeating,9732,1,StrModTmpMin[19],,sint16,M,R,ModTmp_SF,C,1
Repeating,9733,1,StrModTmpMinMod[19],,uint16,O,R,,,1
Repeating,9734,1,StrModTmpAvg[19],,sint16,M,R,ModTmp_SF,C,1
Repeating,9735,1,DisabledReason[19],,enum16,O,R,,,1
Repeating,9736,2,ContactorStatus[19],,bitfield32,O,R,,,1
Repeating,9738,2,StringEvent1[19],,bitfield32,M,R,,,1
Repeating,9740,2,StringEvent2[19],,bitfield32,O,R,,,1
Repeating,9742,2,VendorStringEventBitfield1[19],,bitfield32,O,R,,,1
Repeating,9744,2,VendorStringEventBitfield2[19],,bitfield32,O,R,,,1
Repeating,9746,1,EnableDisableString[19],,enum16,O,RW,,,1
Repeating,9747,1,ConnectDisconnectString[19],,enum16,O,RW,,,1
Repeating,9748,1,Pad[19],,pad,M,R,,,1
Repeating,9749,1,Pad2[19],,pad,M,R,,,1
Repeating,9750,1,ModuleCount[20],,uint16,M,R,,,1
Repeating,9751,2,StringStatus[20],,bitfield32,M,R,,,1
Repeating,9753,1,ConnectionFailureReason[20],,enum16,O,R,,,1
Repeating,9754,1,StringStateofCharge[20],,uint16,M,R,SoC_SF,%,1
Repeating,9755,1,StringStateofHealth[20],,uint16,O,R,SoH_SF,%,1
Repeating,9756,1,StringCurrent[20],,sint16,M,R,A_SF,A,1
Repeating,9757,1,MaxCellVoltage[20],,uint16,M,R,CellV_SF,V,1
Repeating,9758,1,MaxCellVoltageModule[20],,uint16,O,R,,,1
Repeating,9759,1,MinCellVoltage[20],,uint16,M,R,CellV_SF,V,1
Repeating,9760,1,MinCellVoltageModule[20],,uint16,O,R,,,1
Repeating,9761,1,AverageCellVoltage[20],,uint16,M,R,CellV_SF,V,1
Repeating,9762,1,StrModTmpMax[20],,sint16,M,R,ModTmp_SF,C,1
Repeating,9763,1,StrModTmpMaxMod[20],,uint16,O,R,,,1
Repeating,9764,1,StrModTmpMin[20],,sint16,M,R,ModTmp_SF,C,1
Repeating,9765,1,StrModTmpMinMod[20],,uint16,O,R,,,1
Repeating,9766,1,StrModTmpAvg[20],,sint16,M,R,ModTmp_SF,C,1
Repeating,9767,1,DisabledReason[20],,enum16,O,R,,,1
Repeating,9768,2,ContactorStatus[20],,bitfield32,O,R,,,1
Repeating,9770,2,StringEvent1[20],,bitfield32,M,R,,,1
Repeating,9772,2,StringEvent2[20],,bitfield32,O,R,,,1
Repeating,9774,2,VendorStringEventBitfield1[20],,bitfield32,O,R,,,1
Repeating,9776,2,VendorStringEventBitfield2[20],,bitfield32,O,R,,,1
Repeating,9778,1,EnableDisableString[20],,enum16,O,RW,,,1
Repeating,9779,1,ConnectDisconnectString[20],,enum16,O,RW,,,1
Repeating,9780,1,Pad[20],,pad,M,R,,,1
Repeating,9781,1,Pad2[20],,pad,M,R,,,1
Repeating,9782,1,ModuleCount[21],,uint16,M,R,,,1
Repeating,9783,2,StringStatus[21],,bitfield32,M,R,,,1
Repeating,9785,1,ConnectionFailureReason[21],,enum16,O,R,,,1
Repeating,9786,1,StringStateofCharge[21],,uint16,M,R,SoC_SF,%,1
Repeating,9787,1,StringStateofHealth[21],,uint16,O,R,SoH_SF,%,1
Repeating,9788,1,StringCurrent[21],,sint16,M,R,A_SF,A,1
Repeating,9789,1,MaxCellVoltage[21],,uint16,M,R,CellV_SF,V,1
Repeating,9790,1,MaxCellVoltageModule[21],,uint16,O,R,,,1
Repeating,9791,1,MinCellVoltage[21],,uint16,M,R,CellV_SF,V,1
Repeating,9792,1,MinCellVoltageModule[21],,uint16,O,R,,,1
Repeating,9793,1,AverageCellVoltage[21],,uint16,M,R,CellV_SF,V,1
Repeating,9794,1,StrModTmpMax[21],,sint16,M,R,ModTmp_SF,C,1
Repeating,9795,1,StrModTmpMaxMod[21],,uint16,O,R,,,1
Repeating,9796,1,StrModTmpMin[21],,sint16,M,R,ModTmp_SF,C,1
Repeating,9797,1,StrModTmpMinMod[21],,uint16,O,R,,,1
Repeating,9798,1,StrModTmpAvg[21],,sint16,M,R,ModTmp_SF,C,1
Repeating,9799,1,DisabledReason[21],,enum16,O,R,,,1
Repeating,9800,2,ContactorStatus[21],,bitfield32,O,R,,,1
Repeating,9802,2,StringEvent1[21],,bitfield32,M,R,,,1
Repeating,9804,2,StringEvent2[21],,bitfield32,O,R,,,1
Repeating,9806,2,VendorStringEventBitfield1[21],,bitfield32,O,R,,,1
Repeating,9808,2,VendorStringEventBitfield2[21],,bitfield32,O,R,,,1
Repeating,9810,1,EnableDisableString[21],,enum16,O,RW,,,1
Repeating,9811,1,ConnectDisconnectString[21],,enum16,O,RW,,,1
Repeating,9812,1,Pad[21],,pad,M,R,,,1
Repeating,9813,1,Pad2[21],,pad,M,R,,,1
Repeating,9814,1,ModuleCount[22],,uint16,M,R,,,1
Repeating,9815,2,StringStatus[22],,bitfield32,M,R,,,1
Repeating,9817,1,ConnectionFailureReason[22],,enum16,O,R,,,1
Repeating,9818,1,StringStateofCharge[22],,uint16,M,R,SoC_SF,%,1
Repeating,9819,1,StringStateofHealth[22],,uint16,O,R,SoH_SF,%,1
Repeating,9820,1,StringCurrent[22],,sint16,M,R,A_SF,A,1
Repeating,9821,1,MaxCellVoltage[22],,uint16,M,R,CellV_SF,V,1
Repeating,9822,1,MaxCellVoltageModule[22],,uint16,O,R,,,1
Repeating,9823,1,MinCellVoltage[22],,uint16,M,R,CellV_SF,V,1
Repeating,9824,1,MinCellVoltageModule[22],,uint16,O,R,,,1
Repeating,9825,1,AverageCellVoltage[22],,uint16,M,R,CellV_SF,V,1
Repeating,9826,1,StrModTmpMax[22],,sint16,M,R,ModTmp_SF,C,1
Repeating,9827,1,StrModTmpMaxMod[22],,uint16,O,R,,,1
Repeating,9828,1,StrModTmpMin[22],,sint16,M,R,ModTmp_SF,C,1
Repeating,9829,1,StrModTmpMinMod[22],,uint16,O,R,,,1
Repeating,9830,1,StrModTmpAvg[22],,sint16,M,R,ModTmp_SF,C,1
Repeating,9831,1,DisabledReason[22],,enum16,O,R,,,1
Repeating,9832,2,ContactorStatus[22],,bitfield32,O,R,,,1
Repeating,9834,2,StringEvent1[22],,bitfield32,M,R,,,1
Repeating,9836,2,StringEvent2[22],,bitfield32,O,R,,,1
Repeating,9838,2,VendorStringEventBitfield1[22],,bitfield32,O,R,,,1
Repeating,9840,2,VendorStringEventBitfield2[22],,bitfield32,O,R,,,1
Repeating,9842,1,EnableDisableString[22],,enum16,O,RW,,,1
Repeating,9843,1,ConnectDisconnectString[22],,enum16,O,RW,,,1
Repeating,9844,1,Pad[22],,pad,M,R,,,1
Repeating,9845,1,Pad2[22],,pad,M,R,,,1
Repeating,9846,1,ModuleCount[23],,uint16,M,R,,,1
Repeating,9847,2,StringStatus[23],,bitfield32,M,R,,,1
Repeating,9849,1,ConnectionFailureReason[23],,enum16,O,R,,,1
Repeating,9850,1,StringStateofCharge[23],,uint16,M,R,SoC_SF,%,1
Repeating,9851,1,StringStateofHealth[23],,uint16,O,R,SoH_SF,%,1
Repeating,9852,1,StringCurrent[23],,sint16,M,R,A_SF,A,1
Repeating,9853,1,MaxCellVoltage[23],,uint16,M,R,CellV_SF,V,1
Repeating,9854,1,MaxCellVoltageModule[23],,uint16,O,R,,,1
Repeating,9855,1,MinCellVoltage[23],,uint16,M,R,CellV_SF,V,1
Repeating,9856,1,MinCellVoltageModule[23],,uint16,O,R,,,1
Repeating,9857,1,AverageCellVoltage[23],,uint16,M,R,CellV_SF,V,1
Repeating,9858,1,StrModTmpMax[23],,sint16,M,R,ModTmp_SF,C,1
Repeating,9859,1,StrModTmpMaxMod[23],,uint16,O,R,,,1
Repeating,9860,1,StrModTmpMin[23],,sint16,M,R,ModTmp_SF,C,1
Repeating,9861,1,StrModTmpMinMod[23],,uint16,O,R,,,1
Repeating,9862,1,StrModTmpAvg[23],,sint16,M,R,ModTmp_SF,C,1
Repeating,9863,1,DisabledReason[23],,enum16,O,R,,,1
Repeating,9864,2,ContactorStatus[23],,bitfield32,O,R,,,1
Repeating,9866,2,StringEvent1[23],,bitfield32,M,R,,,1
Repeating,9868,2,StringEvent2[23],,bitfield32,O,R,,,1
Repeating,9870,2,VendorStringEventBitfield1[23],,bitfield32,O,R,,,1
Repeating,9872,2,VendorStringEventBitfield2[23],,bitfield32,O,R,,,1
Repeating,9874,1,EnableDisableString[23],,enum16,O,RW,,,1
Repeating,9875,1,ConnectDisconnectString[23],,enum16,O,RW,,,1
Repeating,9876,1,Pad[23],,pad,M,R,,,1
Repeating,9877,1,Pad2[23],,pad,M,R,,,1
Repeating,9878,1,ModuleCount[24],,uint16,M,R,,,1
Repeating,9879,2,StringStatus[24],,bitfield32,M,R,,,1
Repeating,9881,1,ConnectionFailureReason[24],,enum16,O,R,,,1
Repeating,9882,1,StringStateofCharge[24],,uint16,M,R,SoC_SF,%,1
Repeating,9883,1,StringStateofHealth[24],,uint16,O,R,SoH_SF,%,1
Repeating,9884,1,StringCurrent[24],,sint16,M,R,A_SF,A,1
Repeating,9885,1,MaxCellVoltage[24],,uint16,M,R,CellV_SF,V,1
Repeating,9886,1,MaxCellVoltageModule[24],,uint16,O,R,,,1
Repeating,9887,1,MinCellVoltage[24],,uint16,M,R,CellV_SF,V,1
Repeating,9888,1,MinCellVoltageModule[24],,uint16,O,R,,,1
Repeating,9889,1,AverageCellVoltage[24],,uint16,M,R,CellV_SF,V,1
Repeating,9890,1,StrModTmpMax[24],,sint16,M,R,ModTmp_SF,C,1
Repeating,9891,1,StrModTmpMaxMod[24],,uint16,O,R,,,1
Repeating,9892,1,StrModTmpMin[24],,sint16,M,R,ModTmp_SF,C,1
Repeating,9893,1,StrModTmpMinMod[24],,uint16,O,R,,,1
Repeating,9894,1,StrModTmpAvg[24],,sint16,M,R,ModTmp_SF,C,1
Repeating,9895,1,DisabledReason[24],,enum16,O,R,,,1
Repeating,9896,2,ContactorStatus[24],,bitfield32,O,R,,,1
Repeating,9898,2,StringEvent1[24],,bitfield32,M,R,,,1
Repeating,9900,2,StringEvent2[24],,bitfield32,O,R,,,1
Repeating,9902,2,VendorStringEventBitfield1[24],,bitfield32,O,R,,,1
Repeating,9904,2,VendorStringEventBitfield2[24],,bitfield32,O,R,,,1
Repeating,9906,1,EnableDisableString[24],,enum16,O,RW,,,1
Repeating,9907,1,ConnectDisconnectString[24],,enum16,O,RW,,,1
Repeating,9908,1,Pad[24],,pad,M,R,,,1
Repeating,9909,1,Pad2[24],,pad,M,R,,,1
Repeating,9910,1,ModuleCount[25],,uint16,M,R,,,1
Repeating,9911,2,StringStatus[25],,bitfield32,M,R,,,1
Repeating,9913,1,ConnectionFailureReason[25],,enum16,O,R,,,1
Repeating,9914,1,StringStateofCharge[25],,uint16,M,R,SoC_SF,%,1
Repeating,9915,1,StringStateofHealth[25],,uint16,O,R,SoH_SF,%,1
Repeating,9916,1,StringCurrent[25],,sint16,M,R,A_SF,A,1
Repeating,9917,1,MaxCellVoltage[25],,uint16,M,R,CellV_SF,V,1
Repeating,9918,1,MaxCellVoltageModule[25],,uint16,O,R,,,1
Repeating,9919,1,MinCellVoltage[25],,uint16,M,R,CellV_SF,V,1
Repeating,9920,1,MinCellVoltageModule[25],,uint16,O,R,,,1
Repeating,9921,1,AverageCellVoltage[25],,uint16,M,R,CellV_SF,V,1
Repeating,9922,1,StrModTmpMax[25],,sint16,M,R,ModTmp_SF,C,1
Repeating,9923,1,StrModTmpMaxMod[25],,uint16,O,R,,,1
Repeating,9924,1,StrModTmpMin[25],,sint16,M,R,ModTmp_SF,C,1
Repeating,9925,1,StrModTmpMinMod[25],,uint16,O,R,,,1
Repeating,9926,1,StrModTmpAvg[25],,sint16,M,R,ModTmp_SF,C,1
Repeating,9927,1,DisabledReason[25],,enum16,O,R,,,1
Repeating,9928,2,ContactorStatus[25],,bitfield32,O,R,,,1
Repeating,9930,2,StringEvent1[25],,bitfield32,M,R,,,1
Repeating,9932,2,StringEvent2[25],,bitfield32,O,R,,,1
Repeating,9934,2,VendorStringEventBitfield1[25],,bitfield32,O,R,,,1
Repeating,9936,2,VendorStringEventBitfield2[25],,bitfield32,O,R,,,1
Repeating,9938,1,EnableDisableString[25],,enum16,O,RW,,,1
Repeating,9939,1,ConnectDisconnectString[25],,enum16,O,RW,,,1
Repeating,9940,1,Pad[25],,pad,M,R,,,1
Repeating,9941,1,Pad2[25],,pad,M,R,,,1
Repeating,9942,1,ModuleCount[26],,uint16,M,R,,,1
Repeating,9943,2,StringStatus[26],,bitfield32,M,R,,,1
Repeating,9945,1,ConnectionFailureReason[26],,enum16,O,R,,,1
Repeating,9946,1,StringStateofCharge[26],,uint16,M,R,SoC_SF,%,1
Repeating,9947,1,StringStateofHealth[26],,uint16,O,R,SoH_SF,%,1
Repeating,9948,1,StringCurrent[26],,sint16,M,R,A_SF,A,1
Repeating,9949,1,MaxCellVoltage[26],,uint16,M,R,CellV_SF,V,1
Repeating,9950,1,MaxCellVoltageModule[26],,uint16,O,R,,,1
Repeating,9951,1,MinCellVoltage[26],,uint16,M,R,CellV_SF,V,1
Repeating,9952,1,MinCellVoltageModule[26],,uint16,O,R,,,1
Repeating,9953,1,AverageCellVoltage[26],,uint16,M,R,CellV_SF,V,1
Repeating,9954,1,StrModTmpMax[26],,sint16,M,R,ModTmp_SF,C,1
Repeating,9955,1,StrModTmpMaxMod[26],,uint16,O,R,,,1
Repeating,9956,1,StrModTmpMin[26],,sint16,M,R,ModTmp_SF,C,1
Repeating,9957,1,StrModTmpMinMod[26],,uint16,O,R,,,1
Repeating,9958,1,StrModTmpAvg[26],,sint16,M,R,ModTmp_SF,C,1
Repeating,9959,1,DisabledReason[26],,enum16,O,R,,,1
Repeating,9960,2,ContactorStatus[26],,bitfield32,O,R,,,1
Repeating,9962,2,StringEvent1[26],,bitfield32,M,R,,,1
Repeating,9964,2,StringEvent2[26],,bitfield32,O,R,,,1
Repeating,9966,2,VendorStringEventBitfield1[26],,bitfield32,O,R,,,1
Repeating,9968,2,VendorStringEventBitfield2[26],,bitfield32,O,R,,,1
Repeating,9970,1,EnableDisableString[26],,enum16,O,RW,,,1
Repeating,9971,1,ConnectDisconnectString[26],,enum16,O,RW,,,1
Repeating,9972,1,Pad[26],,pad,M,R,,,1
Repeating,9973,1,Pad2[26],,pad,M,R,,,1
Repeating,9974,1,ModuleCount[27],,uint16,M,R,,,1
Repeating,9975,2,StringStatus[27],,bitfield32,M,R,,,1
Repeating,9977,1,ConnectionFailureReason[27],,enum16,O,R,,,1
Repeating,9978,1,StringStateofCharge[27],,uint16,M,R,SoC_SF,%,1
Repeating,9979,1,StringStateofHealth[27],,uint16,O,R,SoH_SF,%,1
Repeating,9980,1,StringCurrent[27],,sint16,M,R,A_SF,A,1
Repeating,9981,1,MaxCellVoltage[27],,uint16,M,R,CellV_SF,V,1
Repeating,9982,1,MaxCellVoltageModule[27],,uint16,O,R,,,1
Repeating,9983,1,MinCellVoltage[27],,uint16,M,R,CellV_SF,V,1
Repeating,9984,1,MinCellVoltageModule[27],,uint16,O,R,,,1
Repeating,9985,1,AverageCellVoltage[27],,uint16,M,R,CellV_SF,V,1
Repeating,9986,1,StrModTmpMax[27],,sint16,M,R,ModTmp_SF,C,1
Repeating,9987,1,StrModTmpMaxMod[27],,uint16,O,R,,,1
Repeating,9988,1,StrModTmpMin[27],,sint16,M,R,ModTmp_SF,C,1
Repeating,9989,1,StrModTmpMinMod[27],,uint16,O,R,,,1
Repeating,9990,1,StrModTmpAvg[27],,sint16,M,R,ModTmp_SF,C,1
Repeating,9991,1,DisabledReason[27],,enum16,O,R,,,1
Repeating,9992,2,ContactorStatus[27],,bitfield32,O,R,,,1
Repeating,9994,2,StringEvent1[27],,bitfield32,M,R,,,1
Repeating,9996,2,StringEvent2[27],,bitfield32,O,R,,,1
Repeating,9998,2,VendorStringEventBitfield1[27],,bitfield32,O,R,,,1
Repeating,10000,2,VendorStringEventBitfield2[27],,bitfield32,O,R,,,1
Repeating,10002,1,EnableDisableString[27],,enum16,O,RW,,,1
Repeating,10003,1,ConnectDisconnectString[27],,enum16,O,RW,,,1
Repeating,10004,1,Pad[27],,pad,M,R,,,1
Repeating,10005,1,Pad2[27],,pad,M,R,,,1
Repeating,10006,1,ModuleCount[28],,uint16,M,R,,,1
Repeating,10007,2,StringStatus[28],,bitfield32,M,R,,,1
Repeating,10009,1,ConnectionFailureReason[28],,enum16,O,R,,,1
Repeating,10010,1,StringStateofCharge[28],,uint16,M,R,SoC_SF,%,1
Repeating,10011,1,StringStateofHealth[28],,uint16,O,R,SoH_SF,%,1
Repeating,10012,1,StringCurrent[28],,sint16,M,R,A_SF,A,1
Repeating,10013,1,MaxCellVoltage[28],,uint16,M,R,CellV_SF,V,1
Repeating,10014,1,MaxCellVoltageModule[28],,uint16,O,R,,,1
Repeating,10015,1,MinCellVoltage[28],,uint16,M,R,CellV_SF,V,1
Repeating,10016,1,MinCellVoltageModule[28],,uint16,O,R,,,1
Repeating,10017,1,AverageCellVoltage[28],,uint16,M,R,CellV_SF,V,1
Repeating,10018,1,StrModTmpMax[28],,sint16,M,R,ModTmp_SF,C,1
Repeating,10019,1,StrModTmpMaxMod[28],,uint16,O,R,,,1
Repeating,10020,1,StrModTmpMin[28],,sint16,M,R,ModTmp_SF,C,1
Repeating,10021,1,StrModTmpMinMod[28],,uint16,O,R,,,1
Repeating,10022,1,StrModTmpAvg[28],,sint16,M,R,ModTmp_SF,C,1
Repeating,10023,1,DisabledReason[28],,enum16,O,R,,,1
Repeating,10024,2,ContactorStatus[28],,bitfield32,O,R,,,1
Repeating,10026,2,StringEvent1[28],,bitfield32,M,R,,,1
Repeating,10028,2,StringEvent2[28],,bitfield32,O,R,,,1
Repeating,10030,2,VendorStringEventBitfield1[28],,bitfield32,O,R,,,1
Repeating,10032,2,VendorStringEventBitfield2[28],,bitfield32,O,R,,,1
Repeating,10034,1,EnableDisableString[28],,enum16,O,RW,,,1
Repeating,10035,1,ConnectDisconnectString[28],,enum16,O,RW,,,1
Repeating,10036,1,Pad[28],,pad,M,R,,,1
Repeating,10037,1,Pad2[28],,pad,M,R,,,1
Repeating,10038,1,ModuleCount[29],,uint16,M,R,,,1
Repeating,10039,2,StringStatus[29],,bitfield32,M,R,,,1
Repeating,10041,1,ConnectionFailureReason[29],,enum16,O,R,,,1
Repeating,10042,1,StringStateofCharge[29],,uint16,M,R,SoC_SF,%,1
Repeating,10043,1,StringStateofHealth[29],,uint16,O,R,SoH_SF,%,1
Repeating,10044,1,StringCurrent[29],,sint16,M,R,A_SF,A,1
Repeating,10045,1,MaxCellVoltage[29],,uint16,M,R,CellV_SF,V,1
Repeating,10046,1,MaxCellVoltageModule[29],,uint16,O,R,,,1
Repeating,10047,1,MinCellVoltage[29],,uint16,M,R,CellV_SF,V,1
Repeating,10048,1,MinCellVoltageModule[29],,uint16,O,R,,,1
Repeating,10049,1,AverageCellVoltage[29],,uint16,M,R,CellV_SF,V,1
Repeating,10050,1,StrModTmpMax[29],,sint16,M,R,ModTmp_SF,C,1
Repeating,10051,1,StrModTmpMaxMod[29],,uint16,O,R,,,1
Repeating,10052,1,StrModTmpMin[29],,sint16,M,R,ModTmp_SF,C,1
Repeating,10053,1,StrModTmpMinMod[29],,uint16,O,R,,,1
Repeating,10054,1,StrModTmpAvg[29],,sint16,M,R,ModTmp_SF,C,1
Repeating,10055,1,DisabledReason[29],,enum16,O,R,,,1
Repeating,10056,2,ContactorStatus[29],,bitfield32,O,R,,,1
Repeating,10058,2,StringEvent1[29],,bitfield32,M,R,,,1
Repeating,10060,2,StringEvent2[29],,bitfield32,O,R,,,1
Repeating,10062,2,VendorStringEventBitfield1[29],,bitfield32,O,R,,,1
Repeating,10064,2,VendorStringEventBitfield2[29],,bitfield32,O,R,,,1
Repeating,10066,1,EnableDisableString[29],,enum16,O,RW,,,1
Repeating,10067,1,ConnectDisconnectString[29],,enum16,O,RW,,,1
Repeating,10068,1,Pad[29],,pad,M,R,,,1
Repeating,10069,1,Pad2[29],,pad,M,R,,,1
Repeating,10070,1,ModuleCount[30],,uint16,M,R,,,1
Repeating,10071,2,StringStatus[30],,bitfield32,M,R,,,1
Repeating,10073,1,ConnectionFailureReason[30],,enum16,O,R,,,1
Repeating,10074,1,StringStateofCharge[30],,uint16,M,R,SoC_SF,%,1
Repeating,10075,1,StringStateofHealth[30],,uint16,O,R,SoH_SF,%,1
Repeating,10076,1,StringCurrent[30],,sint16,M,R,A_SF,A,1
Repeating,10077,1,MaxCellVoltage[30],,uint16,M,R,CellV_SF,V,1
Repeating,10078,1,MaxCellVoltageModule[30],,uint16,O,R,,,1
Repeating,10079,1,MinCellVoltage[30],,uint16,M,R,CellV_SF,V,1
Repeating,10080,1,MinCellVoltageModule[30],,uint16,O,R,,,1
Repeating,10081,1,AverageCellVoltage[30],,uint16,M,R,CellV_SF,V,1
Repeating,10082,1,StrModTmpMax[30],,sint16,M,R,ModTmp_SF,C,1
Repeating,10083,1,StrModTmpMaxMod[30],,uint16,O,R,,,1
Repeating,10084,1,StrModTmpMin[30],,sint16,M,R,ModTmp_SF,C,1
Repeating,10085,1,StrModTmpMinMod[30],,uint16,O,R,,,1
Repeating,10086,1,StrModTmpAvg[30],,sint16,M,R,ModTmp_SF,C,1
Repeating,10087,1,DisabledReason[30],,enum16,O,R,,,1
Repeating,10088,2,ContactorStatus[30],,bitfield32,O,R,,,1
Repeating,10090,2,StringEvent1[30],,bitfield32,M,R,,,1
Repeating,10092,2,StringEvent2[30],,bitfield32,O,R,,,1
Repeating,10094,2,VendorStringEventBitfield1[30],,bitfield32,O,R,,,1
Repeating,10096,2,VendorStringEventBitfield2[30],,bitfield32,O,R,,,1
Repeating,10098,1,EnableDisableString[30],,enum16,O,RW,,,1
Repeating,10099,1,ConnectDisconnectString[30],,enum16,O,RW,,,1
Repeating,10100,1,Pad[30],,pad,M,R,,,1
Repeating,10101,1,Pad2[30],,pad,M,R,,,1
Repeating,10102,1,ModuleCount[31],,uint16,M,R,,,1
Repeating,10103,2,StringStatus[31],,bitfield32,M,R,,,1
Repeating,10105,1,ConnectionFailureReason[31],,enum16,O,R,,,1
Repeating,10106,1,StringStateofCharge[31],,uint16,M,R,SoC_SF,%,1
Repeating,10107,1,StringStateofHealth[31],,uint16,O,R,SoH_SF,%,1
Repeating,10108,1,StringCurrent[31],,sint16,M,R,A_SF,A,1
Repeating,10109,1,MaxCellVoltage[31],,uint16,M,R,CellV_SF,V,1
Repeating,10110,1,MaxCellVoltageModule[31],,uint16,O,R,,,1
Repeating,10111,1,MinCellVoltage[31],,uint16,M,R,CellV_SF,V,1
Repeating,10112,1,MinCellVoltageModule[31],,uint16,O,R,,,1
Repeating,10113,1,AverageCellVoltage[31],,uint16,M,R,CellV_SF,V,1
Repeating,10114,1,StrModTmpMax[31],,sint16,M,R,ModTmp_SF,C,1
Repeating,10115,1,StrModTmpMaxMod[31],,uint16,O,R,,,1
Repeating,10116,1,StrModTmpMin[31],,sint16,M,R,ModTmp_SF,C,1
Repeating,10117,1,StrModTmpMinMod[31],,uint16,O,R,,,1
Repeating,10118,1,StrModTmpAvg[31],,sint16,M,R,ModTmp_SF,C,1
Repeating,10119,1,DisabledReason[31],,enum16,O,R,,,1
Repeating,10120,2,ContactorStatus[31],,bitfield32,O,R,,,1
Repeating,10122,2,StringEvent1[31],,bitfield32,M,R,,,1
Repeating,10124,2,StringEvent2[31],,bitfield32,O,R,,,1
Repeating,10126,2,VendorStringEventBitfield1[31],,bitfield32,O,R,,,1
Repeating,10128,2,VendorStringEventBitfield2[31],,bitfield32,O,R,,,1
Repeating,10130,1,EnableDisableString[31],,enum16,O,RW,,,1
Repeating,10131,1,ConnectDisconnectString[31],,enum16,O,RW,,,1
Repeating,10132,1,Pad[31],,pad,M,R,,,1
Repeating,10133,1,Pad2[31],,pad,M,R,,,1
Repeating,10134,1,ModuleCount[32],,uint16,M,R,,,1
Repeating,10135,2,StringStatus[32],,bitfield32,M,R,,,1
Repeating,10137,1,ConnectionFailureReason[32],,enum16,O,R,,,1
Repeating,10138,1,StringStateofCharge[32],,uint16,M,R,SoC_SF,%,1
Repeating,10139,1,StringStateofHealth[32],,uint16,O,R,SoH_SF,%,1
Repeating,10140,1,StringCurrent[32],,sint16,M,R,A_SF,A,1
Repeating,10141,1,MaxCellVoltage[32],,uint16,M,R,CellV_SF,V,1
Repeating,10142,1,MaxCellVoltageModule[32],,uint16,O,R,,,1
Repeating,10143,1,MinCellVoltage[32],,uint16,M,R,CellV_SF,V,1
Repeating,10144,1,MinCellVoltageModule[32],,uint16,O,R,,,1
Repeating,10145,1,AverageCellVoltage[32],,uint16,M,R,CellV_SF,V,1
Repeating,10146,1,StrModTmpMax[32],,sint16,M,R,ModTmp_SF,C,1
Repeating,10147,1,StrModTmpMaxMod[32],,uint16,O,R,,,1
Repeating,10148,1,StrModTmpMin[32],,sint16,M,R,ModTmp_SF,C,1
Repeating,10149,1,StrModTmpMinMod[32],,uint16,O,R,,,1
Repeating,10150,1,StrModTmpAvg[32],,sint16,M,R,ModTmp_SF,C,1
Repeating,10151,1,DisabledReason[32],,enum16,O,R,,,1
Repeating,10152,2,ContactorStatus[32],,bitfield32,O,R,,,1
Repeating,10154,2,StringEvent1[32],,bitfield32,M,R,,,1
Repeating,10156,2,StringEvent2[32],,bitfield32,O,R,,,1
Repeating,10158,2,VendorStringEventBitfield1[32],,bitfield32,O,R,,,1
Repeating,10160,2,VendorStringEventBitfield2[32],,bitfield32,O,R,,,1
Repeating,10162,1,EnableDisableString[32],,enum16,O,RW,,,1
Repeating,10163,1,ConnectDisconnectString[32],,enum16,O,RW,,,1
Repeating,10164,1,Pad[32],,pad,M,R,,,1
Repeating,10165,1,Pad2[32],,pad,M,R,,,1
Repeating,10166,1,ModuleCount[33],,uint16,M,R,,,1
Repeating,10167,2,StringStatus[33],,bitfield32,M,R,,,1
Repeating,10169,1,ConnectionFailureReason[33],,enum16,O,R,,,1
Repeating,10170,1,StringStateofCharge[33],,uint16,M,R,SoC_SF,%,1
Repeating,10171,1,StringStateofHealth[33],,uint16,O,R,SoH_SF,%,1
Repeating,10172,1,StringCurrent[33],,sint16,M,R,A_SF,A,1
Repeating,10173,1,MaxCellVoltage[33],,uint16,M,R,CellV_SF,V,1
Repeating,10174,1,MaxCellVoltageModule[33],,uint16,O,R,,,1
Repeating,10175,1,MinCellVoltage[33],,uint16,M,R,CellV_SF,V,1
Repeating,10176,1,MinCellVoltageModule[33],,uint16,O,R,,,1
Repeating,10177,1,AverageCellVoltage[33],,uint16,M,R,CellV_SF,V,1
Repeating,10178,1,StrModTmpMax[33],,sint16,M,R,ModTmp_SF,C,1
Repeating,10179,1,StrModTmpMaxMod[33],,uint16,O,R,,,1
Repeating,10180,1,StrModTmpMin[33],,sint16,M,R,ModTmp_SF,C,1
Repeating,10181,1,StrModTmpMinMod[33],,uint16,O,R,,,1
Repeating,10182,1,StrModTmpAvg[33],,sint16,M,R,ModTmp_SF,C,1
Repeating,10183,1,DisabledReason[33],,enum16,O,R,,,1
Repeating,10184,2,ContactorStatus[33],,bitfield32,O,R,,,1
Repeating,10186,2,StringEvent1[33],,bitfield32,M,R,,,1
Repeating,10188,2,StringEvent2[33],,bitfield32,O,R,,,1
Repeating,10190,2,VendorStringEventBitfield1[33],,bitfield32,O,R,,,1
Repeating,10192,2,VendorStringEventBitfield2[33],,bitfield32,O,R,,,1
Repeating,10194,1,EnableDisableString[33],,enum16,O,RW,,,1
Repeating,10195,1,ConnectDisconnectString[33],,enum16,O,RW,,,1
Repeating,10196,1,Pad[33],,pad,M,R,,,1
Repeating,10197,1,Pad2[33],,pad,M,R,,,1
Repeating,10198,1,ModuleCount[34],,uint16,M,R,,,1
Repeating,10199,2,StringStatus[34],,bitfield32,M,R,,,1
Repeating,10201,1,ConnectionFailureReason[34],,enum16,O,R,,,1
Repeating,10202,1,StringStateofCharge[34],,uint16,M,R,SoC_SF,%,1
Repeating,10203,1,StringStateofHealth[34],,uint16,O,R,SoH_SF,%,1
Repeating,10204,1,StringCurrent[34],,sint16,M,R,A_SF,A,1
Repeating,10205,1,MaxCellVoltage[34],,uint16,M,R,CellV_SF,V,1
Repeating,10206,1,MaxCellVoltageModule[34],,uint16,O,R,,,1
Repeating,10207,1,MinCellVoltage[34],,uint16,M,R,CellV_SF,V,1
Repeating,10208,1,MinCellVoltageModule[34],,uint16,O,R,,,1
Repeating,10209,1,AverageCellVoltage[34],,uint16,M,R,CellV_SF,V,1
Repeating,10210,1,StrModTmpMax[34],,sint16,M,R,ModTmp_SF,C,1
Repeating,10211,1,StrModTmpMaxMod[34],,uint16,O,R,,,1
Repeating,10212,1,StrModTmpMin[34],,sint16,M,R,ModTmp_SF,C,1
Repeating,10213,1,StrModTmpMinMod[34],,uint16,O,R,,,1
Repeating,10214,1,StrModTmpAvg[34],,sint16,M,R,ModTmp_SF,C,1
Repeating,10215,1,DisabledReason[34],,enum16,O,R,,,1
Repeating,10216,2,ContactorStatus[34],,bitfield32,O,R,,,1
Repeating,10218,2,StringEvent1[34],,bitfield32,M,R,,,1
Repeating,10220,2,StringEvent2[34],,bitfield32,O,R,,,1
Repeating,10222,2,VendorStringEventBitfield1[34],,bitfield32,O,R,,,1
Repeating,10224,2,VendorStringEventBitfield2[34],,bitfield32,O,R,,,1
Repeating,10226,1,EnableDisableString[34],,enum16,O,RW,,,1
Repeating,10227,1,ConnectDisconnectString[34],,enum16,O,RW,,,1
Repeating,10228,1,Pad[34],,pad,M,R,,,1
Repeating,10229,1,Pad2[34],,pad,M,R,,,1
Repeating,10230,1,ModuleCount[35],,uint16,M,R,,,1
Repeating,10231,2,StringStatus[35],,bitfield32,M,R,,,1
Repeating,10233,1,ConnectionFailureReason[35],,enum16,O,R,,,1
Repeating,10234,1,StringStateofCharge[35],,uint16,M,R,SoC_SF,%,1
Repeating,10235,1,StringStateofHealth[35],,uint16,O,R,SoH_SF,%,1
Repeating,10236,1,StringCurrent[35],,sint16,M,R,A_SF,A,1
Repeating,10237,1,MaxCellVoltage[35],,uint16,M,R,CellV_SF,V,1
Repeating,10238,1,MaxCellVoltageModule[35],,uint16,O,R,,,1
Repeating,10239,1,MinCellVoltage[35],,uint16,M,R,CellV_SF,V,1
Repeating,10240,1,MinCellVoltageModule[35],,uint16,O,R,,,1
Repeating,10241,1,AverageCellVoltage[35],,uint16,M,R,CellV_SF,V,1
Repeating,10242,1,StrModTmpMax[35],,sint16,M,R,ModTmp_SF,C,1
Repeating,10243,1,StrModTmpMaxMod[35],,uint16,O,R,,,1
Repeating,10244,1,StrModTmpMin[35],,sint16,M,R,ModTmp_SF,C,1
Repeating,10245,1,StrModTmpMinMod[35],,uint16,O,R,,,1
Repeating,10246,1,StrModTmpAvg[35],,sint16,M,R,ModTmp_SF,C,1
Repeating,10247,1,DisabledReason[35],,enum16,O,R,,,1
Repeating,10248,2,ContactorStatus[35],,bitfield32,O,R,,,1
Repeating,10250,2,StringEvent1[35],,bitfield32,M,R,,,1
Repeating,10252,2,StringEvent2[35],,bitfield32,O,R,,,1
Repeating,10254,2,VendorStringEventBitfield1[35],,bitfield32,O,R,,,1
Repeating,10256,2,VendorStringEventBitfield2[35],,bitfield32,O,R,,,1
Repeating,10258,1,EnableDisableString[35],,enum16,O,RW,,,1
Repeating,10259,1,ConnectDisconnectString[35],,enum16,O,RW,,,1
Repeating,10260,1,Pad[35],,pad,M,R,,,1
Repeating,10261,1,Pad2[35],,pad,M,R,,,1
Repeating,10262,1,ModuleCount[36],,uint16,M,R,,,1
Repeating,10263,2,StringStatus[36],,bitfield32,M,R,,,1
Repeating,10265,1,ConnectionFailureReason[36],,enum16,O,R,,,1
Repeating,10266,1,StringStateofCharge[36],,uint16,M,R,SoC_SF,%,1
Repeating,10267,1,StringStateofHealth[36],,uint16,O,R,SoH_SF,%,1
Repeating,10268,1,StringCurrent[36],,sint16,M,R,A_SF,A,1
Repeating,10269,1,MaxCellVoltage[36],,uint16,M,R,CellV_SF,V,1
Repeating,10270,1,MaxCellVoltageModule[36],,uint16,O,R,,,1
Repeating,10271,1,MinCellVoltage[36],,uint16,M,R,CellV_SF,V,1
Repeating,10272,1,MinCellVoltageModule[36],,uint16,O,R,,,1
Repeating,10273,1,AverageCellVoltage[36],,uint16,M,R,CellV_SF,V,1
Repeating,10274,1,StrModTmpMax[36],,sint16,M,R,ModTmp_SF,C,1
Repeating,10275,1,StrModTmpMaxMod[36],,uint16,O,R,,,1
Repeating,10276,1,StrModTmpMin[36],,sint16,M,R,ModTmp_SF,C,1
Repeating,10277,1,StrModTmpMinMod[36],,uint16,O,R,,,1
Repeating,10278,1,StrModTmpAvg[36],,sint16,M,R,ModTmp_SF,C,1
Repeating,10279,1,DisabledReason[36],,enum16,O,R,,,1
Repeating,10280,2,ContactorStatus[36],,bitfield32,O,R,,,1
Repeating,10282,2,StringEvent1[36],,bitfield32,M,R,,,1
Repeating,10284,2,StringEvent2[36],,bitfield32,O,R,,,1
Repeating,10286,2,VendorStringEventBitfield1[36],,bitfield32,O,R,,,1
Repeating,10288,2,VendorStringEventBitfield2[36],,bitfield32,O,R,,,1
Repeating,10290,1,EnableDisableString[36],,enum16,O,RW,,,1
Repeating,10291,1,ConnectDisconnectString[36],,enum16,O,RW,,,1
Repeating,10292,1,Pad[36],,pad,M,R,,,1
Repeating,10293,1,Pad2[36],,pad,M,R,,,1
Repeating,10294,1,ModuleCount[37],,uint16,M,R,,,1
Repeating,10295,2,StringStatus[37],,bitfield32,M,R,,,1
Repeating,10297,1,ConnectionFailureReason[37],,enum16,O,R,,,1
Repeating,10298,1,StringStateofCharge[37],,uint16,M,R,SoC_SF,%,1
Repeating,10299,1,StringStateofHealth[37],,uint16,O,R,SoH_SF,%,1
Repeating,10300,1,StringCurrent[37],,sint16,M,R,A_SF,A,1
Repeating,10301,1,MaxCellVoltage[37],,uint16,M,R,CellV_SF,V,1
Repeating,10302,1,MaxCellVoltageModule[37],,uint16,O,R,,,1
Repeating,10303,1,MinCellVoltage[37],,uint16,M,R,CellV_SF,V,1
Repeating,10304,1,MinCellVoltageModule[37],,uint16,O,R,,,1
Repeating,10305,1,AverageCellVoltage[37],,uint16,M,R,CellV_SF,V,1
Repeating,10306,1,StrModTmpMax[37],,sint16,M,R,ModTmp_SF,C,1
Repeating,10307,1,StrModTmpMaxMod[37],,uint16,O,R,,,1
Repeating,10308,1,StrModTmpMin[37],,sint16,M,R,ModTmp_SF,C,1
Repeating,10309,1,StrModTmpMinMod[37],,uint16,O,R,,,1
Repeating,10310,1,StrModTmpAvg[37],,sint16,M,R,ModTmp_SF,C,1
Repeating,10311,1,DisabledReason[37],,enum16,O,R,,,1
Repeating,10312,2,ContactorStatus[37],,bitfield32,O,R,,,1
Repeating,10314,2,StringEvent1[37],,bitfield32,M,R,,,1
Repeating,10316,2,StringEvent2[37],,bitfield32,O,R,,,1
Repeating,10318,2,VendorStringEventBitfield1[37],,bitfield32,O,R,,,1
Repeating,10320,2,VendorStringEventBitfield2[37],,bitfield32,O,R,,,1
Repeating,10322,1,EnableDisableString[37],,enum16,O,RW,,,1
Repeating,10323,1,ConnectDisconnectString[37],,enum16,O,RW,,,1
Repeating,10324,1,Pad[37],,pad,M,R,,,1
Repeating,10325,1,Pad2[37],,pad,M,R,,,1
Repeating,10326,1,ModuleCount[38],,uint16,M,R,,,1
Repeating,10327,2,StringStatus[38],,bitfield32,M,R,,,1
Repeating,10329,1,ConnectionFailureReason[38],,enum16,O,R,,,1
Repeating,10330,1,StringStateofCharge[38],,uint16,M,R,SoC_SF,%,1
Repeating,10331,1,StringStateofHealth[38],,uint16,O,R,SoH_SF,%,1
Repeating,10332,1,StringCurrent[38],,sint16,M,R,A_SF,A,1
Repeating,10333,1,MaxCellVoltage[38],,uint16,M,R,CellV_SF,V,1
Repeating,10334,1,MaxCellVoltageModule[38],,uint16,O,R,,,1
Repeating,10335,1,MinCellVoltage[38],,uint16,M,R,CellV_SF,V,1
Repeating,10336,1,MinCellVoltageModule[38],,uint16,O,R,,,1
Repeating,10337,1,AverageCellVoltage[38],,uint16,M,R,CellV_SF,V,1
Repeating,10338,1,StrModTmpMax[38],,sint16,M,R,ModTmp_SF,C,1
Repeating,10339,1,StrModTmpMaxMod[38],,uint16,O,R,,,1
Repeating,10340,1,StrModTmpMin[38],,sint16,M,R,ModTmp_SF,C,1
Repeating,10341,1,StrModTmpMinMod[38],,uint16,O,R,,,1
Repeating,10342,1,StrModTmpAvg[38],,sint16,M,R,ModTmp_SF,C,1
Repeating,10343,1,DisabledReason[38],,enum16,O,R,,,1
Repeating,10344,2,ContactorStatus[38],,bitfield32,O,R,,,1
Repeating,10346,2,StringEvent1[38],,bitfield32,M,R,,,1
Repeating,10348,2,StringEvent2[38],,bitfield32,O,R,,,1
Repeating,10350,2,VendorStringEventBitfield1[38],,bitfield32,O,R,,,1
Repeating,10352,2,VendorStringEventBitfield2[38],,bitfield32,O,R,,,1
Repeating,10354,1,EnableDisableString[38],,enum16,O,RW,,,1
Repeating,10355,1,ConnectDisconnectString[38],,enum16,O,RW,,,1
Repeating,10356,1,Pad[38],,pad,M,R,,,1
Repeating,10357,1,Pad2[38],,pad,M,R,,,1
Repeating,10358,1,ModuleCount[39],,uint16,M,R,,,1
Repeating,10359,2,StringStatus[39],,bitfield32,M,R,,,1
Repeating,10361,1,ConnectionFailureReason[39],,enum16,O,R,,,1
Repeating,10362,1,StringStateofCharge[39],,uint16,M,R,SoC_SF,%,1
Repeating,10363,1,StringStateofHealth[39],,uint16,O,R,SoH_SF,%,1
Repeating,10364,1,StringCurrent[39],,sint16,M,R,A_SF,A,1
Repeating,10365,1,MaxCellVoltage[39],,uint16,M,R,CellV_SF,V,1
Repeating,10366,1,MaxCellVoltageModule[39],,uint16,O,R,,,1
Repeating,10367,1,MinCellVoltage[39],,uint16,M,R,CellV_SF,V,1
Repeating,10368,1,MinCellVoltageModule[39],,uint16,O,R,,,1
Repeating,10369,1,AverageCellVoltage[39],,uint16,M,R,CellV_SF,V,1
Repeating,10370,1,StrModTmpMax[39],,sint16,M,R,ModTmp_SF,C,1
Repeating,10371,1,StrModTmpMaxMod[39],,uint16,O,R,,,1
Repeating,10372,1,StrModTmpMin[39],,sint16,M,R,ModTmp_SF,C,1
Repeating,10373,1,StrModTmpMinMod[39],,uint16,O,R,,,1
Repeating,10374,1,StrModTmpAvg[39],,sint16,M,R,ModTmp_SF,C,1
Repeating,10375,1,DisabledReason[39],,enum16,O,R,,,1
Repeating,10376,2,ContactorStatus[39],,bitfield32,O,R,,,1
Repeating,10378,2,StringEvent1[39],,bitfield32,M,R,,,1
Repeating,10380,2,StringEvent2[39],,bitfield32,O,R,,,1
Repeating,10382,2,VendorStringEventBitfield1[39],,bitfield32,O,R,,,1
Repeating,10384,2,VendorStringEventBitfield2[39],,bitfield32,O,R,,,1
Repeating,10386,1,EnableDisableString[39],,enum16,O,RW,,,1
Repeating,10387,1,ConnectDisconnectString[39],,enum16,O,RW,,,1
Repeating,10388,1,Pad[39],,pad,M,R,,,1
Repeating,10389,1,Pad2[39],,pad,M,R,,,1
Repeating,10390,1,ModuleCount[40],,uint16,M,R,,,1
Repeating,10391,2,StringStatus[40],,bitfield32,M,R,,,1
Repeating,10393,1,ConnectionFailureReason[40],,enum16,O,R,,,1
Repeating,10394,1,StringStateofCharge[40],,uint16,M,R,SoC_SF,%,1
Repeating,10395,1,StringStateofHealth[40],,uint16,O,R,SoH_SF,%,1
Repeating,10396,1,StringCurrent[40],,sint16,M,R,A_SF,A,1
Repeating,10397,1,MaxCellVoltage[40],,uint16,M,R,CellV_SF,V,1
Repeating,10398,1,MaxCellVoltageModule[40],,uint16,O,R,,,1
Repeating,10399,1,MinCellVoltage[40],,uint16,M,R,CellV_SF,V,1
Repeating,10400,1,MinCellVoltageModule[40],,uint16,O,R,,,1
Repeating,10401,1,AverageCellVoltage[40],,uint16,M,R,CellV_SF,V,1
Repeating,10402,1,StrModTmpMax[40],,sint16,M,R,ModTmp_SF,C,1
Repeating,10403,1,StrModTmpMaxMod[40],,uint16,O,R,,,1
Repeating,10404,1,StrModTmpMin[40],,sint16,M,R,ModTmp_SF,C,1
Repeating,10405,1,StrModTmpMinMod[40],,uint16,O,R,,,1
Repeating,10406,1,StrModTmpAvg[40],,sint16,M,R,ModTmp_SF,C,1
Repeating,10407,1,DisabledReason[40],,enum16,O,R,,,1
Repeating,10408,2,ContactorStatus[40],,bitfield32,O,R,,,1
Repeating,10410,2,StringEvent1[40],,bitfield32,M,R,,,1
Repeating,10412,2,StringEvent2[40],,bitfield32,O,R,,,1
Repeating,10414,2,VendorStringEventBitfield1[40],,bitfield32,O,R,,,1
Repeating,10416,2,VendorStringEventBitfield2[40],,bitfield32,O,R,,,1
Repeating,10418,1,EnableDisableString[40],,enum16,O,RW,,,1
Repeating,10419,1,ConnectDisconnectString[40],,enum16,O,RW,,,1
Repeating,10420,1,Pad[40],,pad,M,R,,,1
Repeating,10421,1,Pad2[40],,pad,M,R,,,1
Header,10422,1,"ID ""LithiumIonBatteryBankModel""",803,uint16,M,R,,,1
Header,10423,1,Length,1306,uint16,M,R,,,1
Fixed,10424,1,StringCount,,uint16,M,R,,,1
Fixed,10425,1,ConnectedStringCount,,uint16,M,R,,,1
Fixed,10426,1,MaxModuleTemperature,,sint16,M,R,ModTmp_SF,,1
Fixed,10427,1,MaxModuleTemperatureString,,uint16,O,R,,,1
Fixed,10428,1,MaxModuleTemperatureModule,,uint16,O,R,,,1
Fixed,10429,1,MinModuleTemperature,,sint16,M,R,ModTmp_SF,C,1
Fixed,10430,1,MinModuleTemperatureString,,uint16,O,R,,,1
Fixed,10431,1,MinModuleTemperatureModule,,uint16,O,R,,,1
Fixed,10432,1,AverageModuleTemperature,,sint16,O,R,ModTmp_SF,C,1
Fixed,10433,1,MaxStringVoltage,,uint16,O,R,V_SF,V,1
Fixed,10434,1,MaxStringVoltageString,,uint16,O,R,,,1
Fixed,10435,1,MinStringVoltage,,uint16,O,R,V_SF,V,1
Fixed,10436,1,MinStringVoltageString,,uint16,O,R,,,1
Fixed,10437,1,AverageStringVoltage,,uint16,O,R,V_SF,V,1
Fixed,10438,1,MaxStringCurrent,,sint16,O,R,A_SF,A,1
Fixed,10439,1,MaxStringCurrentString,,uint16,O,R,,,1
Fixed,10440,1,MinStringCurrent,,sint16,O,R,A_SF,A,1
Fixed,10441,1,MinStringCurrentString,,uint16,O,R,,,1
Fixed,10442,1,AverageStringCurrent,,sint16,O,R,A_SF,A,1
Fixed,10443,1,BatteryCellBalancingCount,,uint16,O,R,,,1
Fixed,10444,1,CellV_SF,,scalefactor,M,R,,,1
Fixed,10445,1,ModTmp_SF,,scalefactor,M,R,,,1
Fixed,10446,1,A_SF,,scalefactor,M,R,,,1
Fixed,10447,1,SoH_SF,,scalefactor,O,R,,,1
Fixed,10448,1,SoC_SF,,scalefactor,M,R,,,1
Fixed,10449,1,V_SF,,scalefactor,O,R,,,1
Repeating,10450,1,ModuleCount[1],,uint16,M,R,,,1
Repeating,10451,2,StringStatus[1],,bitfield32,M,R,,,1
Repeating,10453,1,ConnectionFailureReason[1],,enum16,O,R,,,1
Repeating,10454,1,StringStateofCharge[1],,uint16,M,R,SoC_SF,%,1
Repeating,10455,1,StringStateofHealth[1],,uint16,O,R,SoH_SF,%,1
Repeating,10456,1,StringCurrent[1],,sint16,M,R,A_SF,A,1
Repeating,10457,1,MaxCellVoltage[1],,uint16,M,R,CellV_SF,V,1
Repeating,10458,1,MaxCellVoltageModule[1],,uint16,O,R,,,1
Repeating,10459,1,MinCellVoltage[1],,uint16,M,R,CellV_SF,V,1
Repeating,10460,1,MinCellVoltageModule[1],,uint16,O,R,,,1
Repeating,10461,1,AverageCellVoltage[1],,uint16,M,R,CellV_SF,V,1
Repeating,10462,1,StrModTmpMax[1],,sint16,M,R,ModTmp_SF,C,1
Repeating,10463,1,StrModTmpMaxMod[1],,uint16,O,R,,,1
Repeating,10464,1,StrModTmpMin[1],,sint16,M,R,ModTmp_SF,C,1
Repeating,10465,1,StrModTmpMinMod[1],,uint16,O,R,,,1
Repeating,10466,1,StrModTmpAvg[1],,sint16,M,R,ModTmp_SF,C,1
Repeating,10467,1,DisabledReason[1],,enum16,O,R,,,1
Repeating,10468,2,ContactorStatus[1],,bitfield32,O,R,,,1
Repeating,10470,2,StringEvent1[1],,bitfield32,M,R,,,1
Repeating,10472,2,StringEvent2[1],,bitfield32,O,R,,,1
Repeating,10474,2,VendorStringEventBitfield1[1],,bitfield32,O,R,,,1
Repeating,10476,2,VendorStringEventBitfield2[1],,bitfield32,O,R,,,1
Repeating,10478,1,EnableDisableString[1],,enum16,O,RW,,,1
Repeating,10479,1,ConnectDisconnectString[1],,enum16,O,RW,,,1
Repeating,10480,1,Pad[1],,pad,M,R,,,1
Repeating,10481,1,Pad2[1],,pad,M,R,,,1
Repeating,10482,1,ModuleCount[2],,uint16,M,R,,,1
Repeating,10483,2,StringStatus[2],,bitfield32,M,R,,,1
Repeating,10485,1,ConnectionFailureReason[2],,enum16,O,R,,,1
Repeating,10486,1,StringStateofCharge[2],,uint16,M,R,SoC_SF,%,1
Repeating,10487,1,StringStateofHealth[2],,uint16,O,R,SoH_SF,%,1
Repeating,10488,1,StringCurrent[2],,sint16,M,R,A_SF,A,1
Repeating,10489,1,MaxCellVoltage[2],,uint16,M,R,CellV_SF,V,1
Repeating,10490,1,MaxCellVoltageModule[2],,uint16,O,R,,,1
Repeating,10491,1,MinCellVoltage[2],,uint16,M,R,CellV_SF,V,1
Repeating,10492,1,MinCellVoltageModule[2],,uint16,O,R,,,1
Repeating,10493,1,AverageCellVoltage[2],,uint16,M,R,CellV_SF,V,1
Repeating,10494,1,StrModTmpMax[2],,sint16,M,R,ModTmp_SF,C,1
Repeating,10495,1,StrModTmpMaxMod[2],,uint16,O,R,,,1
Repeating,10496,1,StrModTmpMin[2],,sint16,M,R,ModTmp_SF,C,1
Repeating,10497,1,StrModTmpMinMod[2],,uint16,O,R,,,1
Repeating,10498,1,StrModTmpAvg[2],,sint16,M,R,ModTmp_SF,C,1
Repeating,10499,1,DisabledReason[2],,enum16,O,R,,,1
Repeating,10500,2,ContactorStatus[2],,bitfield32,O,R,,,1
Repeating,10502,2,StringEvent1[2],,bitfield32,M,R,,,1
Repeating,10504,2,StringEvent2[2],,bitfield32,O,R,,,1
Repeating,10506,2,VendorStringEventBitfield1[2],,bitfield32,O,R,,,1
Repeating,10508,2,VendorStringEventBitfield2[2],,bitfield32,O,R,,,1
Repeating,10510,1,EnableDisableString[2],,enum16,O,RW,,,1
Repeating,10511,1,ConnectDisconnectString[2],,enum16,O,RW,,,1
Repeating,10512,1,Pad[2],,pad,M,R,,,1
Repeating,10513,1,Pad2[2],,pad,M,R,,,1
Repeating,10514,1,ModuleCount[3],,uint16,M,R,,,1
Repeating,10515,2,StringStatus[3],,bitfield32,M,R,,,1
Repeating,10517,1,ConnectionFailureReason[3],,enum16,O,R,,,1
Repeating,10518,1,StringStateofCharge[3],,uint16,M,R,SoC_SF,%,1
Repeating,10519,1,StringStateofHealth[3],,uint16,O,R,SoH_SF,%,1
Repeating,10520,1,StringCurrent[3],,sint16,M,R,A_SF,A,1
Repeating,10521,1,MaxCellVoltage[3],,uint16,M,R,CellV_SF,V,1
Repeating,10522,1,MaxCellVoltageModule[3],,uint16,O,R,,,1
Repeating,10523,1,MinCellVoltage[3],,uint16,M,R,CellV_SF,V,1
Repeating,10524,1,MinCellVoltageModule[3],,uint16,O,R,,,1
Repeating,10525,1,AverageCellVoltage[3],,uint16,M,R,CellV_SF,V,1
Repeating,10526,1,StrModTmpMax[3],,sint16,M,R,ModTmp_SF,C,1
Repeating,10527,1,StrModTmpMaxMod[3],,uint16,O,R,,,1
Repeating,10528,1,StrModTmpMin[3],,sint16,M,R,ModTmp_SF,C,1
Repeating,10529,1,StrModTmpMinMod[3],,uint16,O,R,,,1
Repeating,10530,1,StrModTmpAvg[3],,sint16,M,R,ModTmp_SF,C,1
Repeating,10531,1,DisabledReason[3],,enum16,O,R,,,1
Repeating,10532,2,ContactorStatus[3],,bitfield32,O,R,,,1
Repeating,10534,2,StringEvent1[3],,bitfield32,M,R,,,1
Repeating,10536,2,StringEvent2[3],,bitfield32,O,R,,,1
Repeating,10538,2,VendorStringEventBitfield1[3],,bitfield32,O,R,,,1
Repeating,10540,2,VendorStringEventBitfield2[3],,bitfield32,O,R,,,1
Repeating,10542,1,EnableDisableString[3],,enum16,O,RW,,,1
Repeating,10543,1,ConnectDisconnectString[3],,enum16,O,RW,,,1
Repeating,10544,1,Pad[3],,pad,M,R,,,1
Repeating,10545,1,Pad2[3],,pad,M,R,,,1
Repeating,10546,1,ModuleCount[4],,uint16,M,R,,,1
Repeating,10547,2,StringStatus[4],,bitfield32,M,R,,,1
Repeating,10549,1,ConnectionFailureReason[4],,enum16,O,R,,,1
Repeating,10550,1,StringStateofCharge[4],,uint16,M,R,SoC_SF,%,1
Repeating,10551,1,StringStateofHealth[4],,uint16,O,R,SoH_SF,%,1
Repeating,10552,1,StringCurrent[4],,sint16,M,R,A_SF,A,1
Repeating,10553,1,MaxCellVoltage[4],,uint16,M,R,CellV_SF,V,1
Repeating,10554,1,MaxCellVoltageModule[4],,uint16,O,R,,,1
Repeating,10555,1,MinCellVoltage[4],,uint16,M,R,CellV_SF,V,1
Repeating,10556,1,MinCellVoltageModule[4],,uint16,O,R,,,1
Repeating,10557,1,AverageCellVoltage[4],,uint16,M,R,CellV_SF,V,1
Repeating,10558,1,StrModTmpMax[4],,sint16,M,R,ModTmp_SF,C,1
Repeating,10559,1,StrModTmpMaxMod[4],,uint16,O,R,,,1
Repeating,10560,1,StrModTmpMin[4],,sint16,M,R,ModTmp_SF,C,1
Repeating,10561,1,StrModTmpMinMod[4],,uint16,O,R,,,1
Repeating,10562,1,StrModTmpAvg[4],,sint16,M,R,ModTmp_SF,C,1
Repeating,10563,1,DisabledReason[4],,enum16,O,R,,,1
Repeating,10564,2,ContactorStatus[4],,bitfield32,O,R,,,1
Repeating,10566,2,StringEvent1[4],,bitfield32,M,R,,,1
Repeating,10568,2,StringEvent2[4],,bitfield32,O,R,,,1
Repeating,10570,2,VendorStringEventBitfield1[4],,bitfield32,O,R,,,1
Repeating,10572,2,VendorStringEventBitfield2[4],,bitfield32,O,R,,,1
Repeating,10574,1,EnableDisableString[4],,enum16,O,RW,,,1
Repeating,10575,1,ConnectDisconnectString[4],,enum16,O,RW,,,1
Repeating,10576,1,Pad[4],,pad,M,R,,,1
Repeating,10577,1,Pad2[4],,pad,M,R,,,1
Repeating,10578,1,ModuleCount[5],,uint16,M,R,,,1
Repeating,10579,2,StringStatus[5],,bitfield32,M,R,,,1
Repeating,10581,1,ConnectionFailureReason[5],,enum16,O,R,,,1
Repeating,10582,1,StringStateofCharge[5],,uint16,M,R,SoC_SF,%,1
Repeating,10583,1,StringStateofHealth[5],,uint16,O,R,SoH_SF,%,1
Repeating,10584,1,StringCurrent[5],,sint16,M,R,A_SF,A,1
Repeating,10585,1,MaxCellVoltage[5],,uint16,M,R,CellV_SF,V,1
Repeating,10586,1,MaxCellVoltageModule[5],,uint16,O,R,,,1
Repeating,10587,1,MinCellVoltage[5],,uint16,M,R,CellV_SF,V,1
Repeating,10588,1,MinCellVoltageModule[5],,uint16,O,R,,,1
Repeating,10589,1,AverageCellVoltage[5],,uint16,M,R,CellV_SF,V,1
Repeating,10590,1,StrModTmpMax[5],,sint16,M,R,ModTmp_SF,C,1
Repeating,10591,1,StrModTmpMaxMod[5],,uint16,O,R,,,1
Repeating,10592,1,StrModTmpMin[5],,sint16,M,R,ModTmp_SF,C,1
Repeating,10593,1,StrModTmpMinMod[5],,uint16,O,R,,,1
Repeating,10594,1,StrModTmpAvg[5],,sint16,M,R,ModTmp_SF,C,1
Repeating,10595,1,DisabledReason[5],,enum16,O,R,,,1
Repeating,10596,2,ContactorStatus[5],,bitfield32,O,R,,,1
Repeating,10598,2,StringEvent1[5],,bitfield32,M,R,,,1
Repeating,10600,2,StringEvent2[5],,bitfield32,O,R,,,1
Repeating,10602,2,VendorStringEventBitfield1[5],,bitfield32,O,R,,,1
Repeating,10604,2,VendorStringEventBitfield2[5],,bitfield32,O,R,,,1
Repeating,10606,1,EnableDisableString[5],,enum16,O,RW,,,1
Repeating,10607,1,ConnectDisconnectString[5],,enum16,O,RW,,,1
Repeating,10608,1,Pad[5],,pad,M,R,,,1
Repeating,10609,1,Pad2[5],,pad,M,R,,,1
Repeating,10610,1,ModuleCount[6],,uint16,M,R,,,1
Repeating,10611,2,StringStatus[6],,bitfield32,M,R,,,1
Repeating,10613,1,ConnectionFailureReason[6],,enum16,O,R,,,1
Repeating,10614,1,StringStateofCharge[6],,uint16,M,R,SoC_SF,%,1
Repeating,10615,1,StringStateofHealth[6],,uint16,O,R,SoH_SF,%,1
Repeating,10616,1,StringCurrent[6],,sint16,M,R,A_SF,A,1
Repeating,10617,1,MaxCellVoltage[6],,uint16,M,R,CellV_SF,V,1
Repeating,10618,1,MaxCellVoltageModule[6],,uint16,O,R,,,1
Repeating,10619,1,MinCellVoltage[6],,uint16,M,R,CellV_SF,V,1
Repeating,10620,1,MinCellVoltageModule[6],,uint16,O,R,,,1
Repeating,10621,1,AverageCellVoltage[6],,uint16,M,R,CellV_SF,V,1
Repeating,10622,1,StrModTmpMax[6],,sint16,M,R,ModTmp_SF,C,1
Repeating,10623,1,StrModTmpMaxMod[6],,uint16,O,R,,,1
Repeating,10624,1,StrModTmpMin[6],,sint16,M,R,ModTmp_SF,C,1
Repeating,10625,1,StrModTmpMinMod[6],,uint16,O,R,,,1
Repeating,10626,1,StrModTmpAvg[6],,sint16,M,R,ModTmp_SF,C,1
Repeating,10627,1,DisabledReason[6],,enum16,O,R,,,1
Repeating,10628,2,ContactorStatus[6],,bitfield32,O,R,,,1
Repeating,10630,2,StringEvent1[6],,bitfield32,M,R,,,1
Repeating,10632,2,StringEvent2[6],,bitfield32,O,R,,,1
Repeating,10634,2,VendorStringEventBitfield1[6],,bitfield32,O,R,,,1
Repeating,10636,2,VendorStringEventBitfield2[6],,bitfield32,O,R,,,1
Repeating,10638,1,EnableDisableString[6],,enum16,O,RW,,,1
Repeating,10639,1,ConnectDisconnectString[6],,enum16,O,RW,,,1
Repeating,10640,1,Pad[6],,pad,M,R,,,1
Repeating,10641,1,Pad2[6],,pad,M,R,,,1
Repeating,10642,1,ModuleCount[7],,uint16,M,R,,,1
Repeating,10643,2,StringStatus[7],,bitfield32,M,R,,,1
Repeating,10645,1,ConnectionFailureReason[7],,enum16,O,R,,,1
Repeating,10646,1,StringStateofCharge[7],,uint16,M,R,SoC_SF,%,1
Repeating,10647,1,StringStateofHealth[7],,uint16,O,R,SoH_SF,%,1
Repeating,10648,1,StringCurrent[7],,sint16,M,R,A_SF,A,1
Repeating,10649,1,MaxCellVoltage[7],,uint16,M,R,CellV_SF,V,1
Repeating,10650,1,MaxCellVoltageModule[7],,uint16,O,R,,,1
Repeating,10651,1,MinCellVoltage[7],,uint16,M,R,CellV_SF,V,1
Repeating,10652,1,MinCellVoltageModule[7],,uint16,O,R,,,1
Repeating,10653,1,AverageCellVoltage[7],,uint16,M,R,CellV_SF,V,1
Repeating,10654,1,StrModTmpMax[7],,sint16,M,R,ModTmp_SF,C,1
Repeating,10655,1,StrModTmpMaxMod[7],,uint16,O,R,,,1
Repeating,10656,1,StrModTmpMin[7],,sint16,M,R,ModTmp_SF,C,1
Repeating,10657,1,StrModTmpMinMod[7],,uint16,O,R,,,1
Repeating,10658,1,StrModTmpAvg[7],,sint16,M,R,ModTmp_SF,C,1
Repeating,10659,1,DisabledReason[7],,enum16,O,R,,,1
Repeating,10660,2,ContactorStatus[7],,bitfield32,O,R,,,1
Repeating,10662,2,StringEvent1[7],,bitfield32,M,R,,,1
Repeating,10664,2,StringEvent2[7],,bitfield32,O,R,,,1
Repeating,10666,2,VendorStringEventBitfield1[7],,bitfield32,O,R,,,1
Repeating,10668,2,VendorStringEventBitfield2[7],,bitfield32,O,R,,,1
Repeating,10670,1,EnableDisableString[7],,enum16,O,RW,,,1
Repeating,10671,1,ConnectDisconnectString[7],,enum16,O,RW,,,1
Repeating,10672,1,Pad[7],,pad,M,R,,,1
Repeating,10673,1,Pad2[7],,pad,M,R,,,1
Repeating,10674,1,ModuleCount[8],,uint16,M,R,,,1
Repeating,10675,2,StringStatus[8],,bitfield32,M,R,,,1
Repeating,10677,1,ConnectionFailureReason[8],,enum16,O,R,,,1
Repeating,10678,1,StringStateofCharge[8],,uint16,M,R,SoC_SF,%,1
Repeating,10679,1,StringStateofHealth[8],,uint16,O,R,SoH_SF,%,1
Repeating,10680,1,StringCurrent[8],,sint16,M,R,A_SF,A,1
Repeating,10681,1,MaxCellVoltage[8],,uint16,M,R,CellV_SF,V,1
Repeating,10682,1,MaxCellVoltageModule[8],,uint16,O,R,,,1
Repeating,10683,1,MinCellVoltage[8],,uint16,M,R,CellV_SF,V,1
Repeating,10684,1,MinCellVoltageModule[8],,uint16,O,R,,,1
Repeating,10685,1,AverageCellVoltage[8],,uint16,M,R,CellV_SF,V,1
Repeating,10686,1,StrModTmpMax[8],,sint16,M,R,ModTmp_SF,C,1
Repeating,10687,1,StrModTmpMaxMod[8],,uint16,O,R,,,1
Repeating,10688,1,StrModTmpMin[8],,sint16,M,R,ModTmp_SF,C,1
Repeating,10689,1,StrModTmpMinMod[8],,uint16,O,R,,,1
Repeating,10690,1,StrModTmpAvg[8],,sint16,M,R,ModTmp_SF,C,1
Repeating,10691,1,DisabledReason[8],,enum16,O,R,,,1
Repeating,10692,2,ContactorStatus[8],,bitfield32,O,R,,,1
Repeating,10694,2,StringEvent1[8],,bitfield32,M,R,,,1
Repeating,10696,2,StringEvent2[8],,bitfield32,O,R,,,1
Repeating,10698,2,VendorStringEventBitfield1[8],,bitfield32,O,R,,,1
Repeating,10700,2,VendorStringEventBitfield2[8],,bitfield32,O,R,,,1
Repeating,10702,1,EnableDisableString[8],,enum16,O,RW,,,1
Repeating,10703,1,ConnectDisconnectString[8],,enum16,O,RW,,,1
Repeating,10704,1,Pad[8],,pad,M,R,,,1
Repeating,10705,1,Pad2[8],,pad,M,R,,,1
Repeating,10706,1,ModuleCount[9],,uint16,M,R,,,1
Repeating,10707,2,StringStatus[9],,bitfield32,M,R,,,1
Repeating,10709,1,ConnectionFailureReason[9],,enum16,O,R,,,1
Repeating,10710,1,StringStateofCharge[9],,uint16,M,R,SoC_SF,%,1
Repeating,10711,1,StringStateofHealth[9],,uint16,O,R,SoH_SF,%,1
Repeating,10712,1,StringCurrent[9],,sint16,M,R,A_SF,A,1
Repeating,10713,1,MaxCellVoltage[9],,uint16,M,R,CellV_SF,V,1
Repeating,10714,1,MaxCellVoltageModule[9],,uint16,O,R,,,1
Repeating,10715,1,MinCellVoltage[9],,uint16,M,R,CellV_SF,V,1
Repeating,10716,1,MinCellVoltageModule[9],,uint16,O,R,,,1
Repeating,10717,1,AverageCellVoltage[9],,uint16,M,R,CellV_SF,V,1
Repeating,10718,1,StrModTmpMax[9],,sint16,M,R,ModTmp_SF,C,1
Repeating,10719,1,StrModTmpMaxMod[9],,uint16,O,R,,,1
Repeating,10720,1,StrModTmpMin[9],,sint16,M,R,ModTmp_SF,C,1
Repeating,10721,1,StrModTmpMinMod[9],,uint16,O,R,,,1
Repeating,10722,1,StrModTmpAvg[9],,sint16,M,R,ModTmp_SF,C,1
Repeating,10723,1,DisabledReason[9],,enum16,O,R,,,1
Repeating,10724,2,ContactorStatus[9],,bitfield32,O,R,,,1
Repeating,10726,2,StringEvent1[9],,bitfield32,M,R,,,1
Repeating,10728,2,StringEvent2[9],,bitfield32,O,R,,,1
Repeating,10730,2,VendorStringEventBitfield1[9],,bitfield32,O,R,,,1
Repeating,10732,2,VendorStringEventBitfield2[9],,bitfield32,O,R,,,1
Repeating,10734,1,EnableDisableString[9],,enum16,O,RW,,,1
Repeating,10735,1,ConnectDisconnectString[9],,enum16,O,RW,,,1
Repeating,10736,1,Pad[9],,pad,M,R,,,1
Repeating,10737,1,Pad2[9],,pad,M,R,,,1
Repeating,10738,1,ModuleCount[10],,uint16,M,R,,,1
Repeating,10739,2,StringStatus[10],,bitfield32,M,R,,,1
Repeating,10741,1,ConnectionFailureReason[10],,enum16,O,R,,,1
Repeating,10742,1,StringStateofCharge[10],,uint16,M,R,SoC_SF,%,1
Repeating,10743,1,StringStateofHealth[10],,uint16,O,R,SoH_SF,%,1
Repeating,10744,1,StringCurrent[10],,sint16,M,R,A_SF,A,1
Repeating,10745,1,MaxCellVoltage[10],,uint16,M,R,CellV_SF,V,1
Repeating,10746,1,MaxCellVoltageModule[10],,uint16,O,R,,,1
Repeating,10747,1,MinCellVoltage[10],,uint16,M,R,CellV_SF,V,1
Repeating,10748,1,MinCellVoltageModule[10],,uint16,O,R,,,1
Repeating,10749,1,AverageCellVoltage[10],,uint16,M,R,CellV_SF,V,1
Repeating,10750,1,StrModTmpMax[10],,sint16,M,R,ModTmp_SF,C,1
Repeating,10751,1,StrModTmpMaxMod[10],,uint16,O,R,,,1
Repeating,10752,1,StrModTmpMin[10],,sint16,M,R,ModTmp_SF,C,1
Repeating,10753,1,StrModTmpMinMod[10],,uint16,O,R,,,1
Repeating,10754,1,StrModTmpAvg[10],,sint16,M,R,ModTmp_SF,C,1
Repeating,10755,1,DisabledReason[10],,enum16,O,R,,,1
Repeating,10756,2,ContactorStatus[10],,bitfield32,O,R,,,1
Repeating,10758,2,StringEvent1[10],,bitfield32,M,R,,,1
Repeating,10760,2,StringEvent2[10],,bitfield32,O,R,,,1
Repeating,10762,2,VendorStringEventBitfield1[10],,bitfield32,O,R,,,1
Repeating,10764,2,VendorStringEventBitfield2[10],,bitfield32,O,R,,,1
Repeating,10766,1,EnableDisableString[10],,enum16,O,RW,,,1
Repeating,10767,1,ConnectDisconnectString[10],,enum16,O,RW,,,1
Repeating,10768,1,Pad[10],,pad,M,R,,,1
Repeating,10769,1,Pad2[10],,pad,M,R,,,1
Repeating,10770,1,ModuleCount[11],,uint16,M,R,,,1
Repeating,10771,2,StringStatus[11],,bitfield32,M,R,,,1
Repeating,10773,1,ConnectionFailureReason[11],,enum16,O,R,,,1
Repeating,10774,1,StringStateofCharge[11],,uint16,M,R,SoC_SF,%,1
Repeating,10775,1,StringStateofHealth[11],,uint16,O,R,SoH_SF,%,1
Repeating,10776,1,StringCurrent[11],,sint16,M,R,A_SF,A,1
Repeating,10777,1,MaxCellVoltage[11],,uint16,M,R,CellV_SF,V,1
Repeating,10778,1,MaxCellVoltageModule[11],,uint16,O,R,,,1
Repeating,10779,1,MinCellVoltage[11],,uint16,M,R,CellV_SF,V,1
Repeating,10780,1,MinCellVoltageModule[11],,uint16,O,R,,,1
Repeating,10781,1,AverageCellVoltage[11],,uint16,M,R,CellV_SF,V,1
Repeating,10782,1,StrModTmpMax[11],,sint16,M,R,ModTmp_SF,C,1
Repeating,10783,1,StrModTmpMaxMod[11],,uint16,O,R,,,1
Repeating,10784,1,StrModTmpMin[11],,sint16,M,R,ModTmp_SF,C,1
Repeating,10785,1,StrModTmpMinMod[11],,uint16,O,R,,,1
Repeating,10786,1,StrModTmpAvg[11],,sint16,M,R,ModTmp_SF,C,1
Repeating,10787,1,DisabledReason[11],,enum16,O,R,,,1
Repeating,10788,2,ContactorStatus[11],,bitfield32,O,R,,,1
Repeating,10790,2,StringEvent1[11],,bitfield32,M,R,,,1
Repeating,10792,2,StringEvent2[11],,bitfield32,O,R,,,1
Repeating,10794,2,VendorStringEventBitfield1[11],,bitfield32,O,R,,,1
Repeating,10796,2,VendorStringEventBitfield2[11],,bitfield32,O,R,,,1
Repeating,10798,1,EnableDisableString[11],,enum16,O,RW,,,1
Repeating,10799,1,ConnectDisconnectString[11],,enum16,O,RW,,,1
Repeating,10800,1,Pad[11],,pad,M,R,,,1
Repeating,10801,1,Pad2[11],,pad,M,R,,,1
Repeating,10802,1,ModuleCount[12],,uint16,M,R,,,1
Repeating,10803,2,StringStatus[12],,bitfield32,M,R,,,1
Repeating,10805,1,ConnectionFailureReason[12],,enum16,O,R,,,1
Repeating,10806,1,StringStateofCharge[12],,uint16,M,R,SoC_SF,%,1
Repeating,10807,1,StringStateofHealth[12],,uint16,O,R,SoH_SF,%,1
Repeating,10808,1,StringCurrent[12],,sint16,M,R,A_SF,A,1
Repeating,10809,1,MaxCellVoltage[12],,uint16,M,R,CellV_SF,V,1
Repeating,10810,1,MaxCellVoltageModule[12],,uint16,O,R,,,1
Repeating,10811,1,MinCellVoltage[12],,uint16,M,R,CellV_SF,V,1
Repeating,10812,1,MinCellVoltageModule[12],,uint16,O,R,,,1
Repeating,10813,1,AverageCellVoltage[12],,uint16,M,R,CellV_SF,V,1
Repeating,10814,1,StrModTmpMax[12],,sint16,M,R,ModTmp_SF,C,1
Repeating,10815,1,StrModTmpMaxMod[12],,uint16,O,R,,,1
Repeating,10816,1,StrModTmpMin[12],,sint16,M,R,ModTmp_SF,C,1
Repeating,10817,1,StrModTmpMinMod[12],,uint16,O,R,,,1
Repeating,10818,1,StrModTmpAvg[12],,sint16,M,R,ModTmp_SF,C,1
Repeating,10819,1,DisabledReason[12],,enum16,O,R,,,1
Repeating,10820,2,ContactorStatus[12],,bitfield32,O,R,,,1
Repeating,10822,2,StringEvent1[12],,bitfield32,M,R,,,1
Repeating,10824,2,StringEvent2[12],,bitfield32,O,R,,,1
Repeating,10826,2,VendorStringEventBitfield1[12],,bitfield32,O,R,,,1
Repeating,10828,2,VendorStringEventBitfield2[12],,bitfield32,O,R,,,1
Repeating,10830,1,EnableDisableString[12],,enum16,O,RW,,,1
Repeating,10831,1,ConnectDisconnectString[12],,enum16,O,RW,,,1
Repeating,10832,1,Pad[12],,pad,M,R,,,1
Repeating,10833,1,Pad2[12],,pad,M,R,,,1
Repeating,10834,1,ModuleCount[13],,uint16,M,R,,,1
Repeating,10835,2,StringStatus[13],,bitfield32,M,R,,,1
Repeating,10837,1,ConnectionFailureReason[13],,enum16,O,R,,,1
Repeating,10838,1,StringStateofCharge[13],,uint16,M,R,SoC_SF,%,1
Repeating,10839,1,StringStateofHealth[13],,uint16,O,R,SoH_SF,%,1
Repeating,10840,1,StringCurrent[13],,sint16,M,R,A_SF,A,1
Repeating,10841,1,MaxCellVoltage[13],,uint16,M,R,CellV_SF,V,1
Repeating,10842,1,MaxCellVoltageModule[13],,uint16,O,R,,,1
Repeating,10843,1,MinCellVoltage[13],,uint16,M,R,CellV_SF,V,1
Repeating,10844,1,MinCellVoltageModule[13],,uint16,O,R,,,1
Repeating,10845,1,AverageCellVoltage[13],,uint16,M,R,CellV_SF,V,1
Repeating,10846,1,StrModTmpMax[13],,sint16,M,R,ModTmp_SF,C,1
Repeating,10847,1,StrModTmpMaxMod[13],,uint16,O,R,,,1
Repeating,10848,1,StrModTmpMin[13],,sint16,M,R,ModTmp_SF,C,1
Repeating,10849,1,StrModTmpMinMod[13],,uint16,O,R,,,1
Repeating,10850,1,StrModTmpAvg[13],,sint16,M,R,ModTmp_SF,C,1
Repeating,10851,1,DisabledReason[13],,enum16,O,R,,,1
Repeating,10852,2,ContactorStatus[13],,bitfield32,O,R,,,1
Repeating,10854,2,StringEvent1[13],,bitfield32,M,R,,,1
Repeating,10856,2,StringEvent2[13],,bitfield32,O,R,,,1
Repeating,10858,2,VendorStringEventBitfield1[13],,bitfield32,O,R,,,1
Repeating,10860,2,VendorStringEventBitfield2[13],,bitfield32,O,R,,,1
Repeating,10862,1,EnableDisableString[13],,enum16,O,RW,,,1
Repeating,10863,1,ConnectDisconnectString[13],,enum16,O,RW,,,1
Repeating,10864,1,Pad[13],,pad,M,R,,,1
Repeating,10865,1,Pad2[13],,pad,M,R,,,1
Repeating,10866,1,ModuleCount[14],,uint16,M,R,,,1
Repeating,10867,2,StringStatus[14],,bitfield32,M,R,,,1
Repeating,10869,1,ConnectionFailureReason[14],,enum16,O,R,,,1
Repeating,10870,1,StringStateofCharge[14],,uint16,M,R,SoC_SF,%,1
Repeating,10871,1,StringStateofHealth[14],,uint16,O,R,SoH_SF,%,1
Repeating,10872,1,StringCurrent[14],,sint16,M,R,A_SF,A,1
Repeating,10873,1,MaxCellVoltage[14],,uint16,M,R,CellV_SF,V,1
Repeating,10874,1,MaxCellVoltageModule[14],,uint16,O,R,,,1
Repeating,10875,1,MinCellVoltage[14],,uint16,M,R,CellV_SF,V,1
Repeating,10876,1,MinCellVoltageModule[14],,uint16,O,R,,,1
Repeating,10877,1,AverageCellVoltage[14],,uint16,M,R,CellV_SF,V,1
Repeating,10878,1,StrModTmpMax[14],,sint16,M,R,ModTmp_SF,C,1
Repeating,10879,1,StrModTmpMaxMod[14],,uint16,O,R,,,1
Repeating,10880,1,StrModTmpMin[14],,sint16,M,R,ModTmp_SF,C,1
Repeating,10881,1,StrModTmpMinMod[14],,uint16,O,R,,,1
Repeating,10882,1,StrModTmpAvg[14],,sint16,M,R,ModTmp_SF,C,1
Repeating,10883,1,DisabledReason[14],,enum16,O,R,,,1
Repeating,10884,2,ContactorStatus[14],,bitfield32,O,R,,,1
Repeating,10886,2,StringEvent1[14],,bitfield32,M,R,,,1
Repeating,10888,2,StringEvent2[14],,bitfield32,O,R,,,1
Repeating,10890,2,VendorStringEventBitfield1[14],,bitfield32,O,R,,,1
Repeating,10892,2,VendorStringEventBitfield2[14],,bitfield32,O,R,,,1
Repeating,10894,1,EnableDisableString[14],,enum16,O,RW,,,1
Repeating,10895,1,ConnectDisconnectString[14],,enum16,O,RW,,,1
Repeating,10896,1,Pad[14],,pad,M,R,,,1
Repeating,10897,1,Pad2[14],,pad,M,R,,,1
Repeating,10898,1,ModuleCount[15],,uint16,M,R,,,1
Repeating,10899,2,StringStatus[15],,bitfield32,M,R,,,1
Repeating,10901,1,ConnectionFailureReason[15],,enum16,O,R,,,1
Repeating,10902,1,StringStateofCharge[15],,uint16,M,R,SoC_SF,%,1
Repeating,10903,1,StringStateofHealth[15],,uint16,O,R,SoH_SF,%,1
Repeating,10904,1,StringCurrent[15],,sint16,M,R,A_SF,A,1
Repeating,10905,1,MaxCellVoltage[15],,uint16,M,R,CellV_SF,V,1
Repeating,10906,1,MaxCellVoltageModule[15],,uint16,O,R,,,1
Repeating,10907,1,MinCellVoltage[15],,uint16,M,R,CellV_SF,V,1
Repeating,10908,1,MinCellVoltageModule[15],,uint16,O,R,,,1
Repeating,10909,1,AverageCellVoltage[15],,uint16,M,R,CellV_SF,V,1
Repeating,10910,1,StrModTmpMax[15],,sint16,M,R,ModTmp_SF,C,1
Repeating,10911,1,StrModTmpMaxMod[15],,uint16,O,R,,,1
Repeating,10912,1,StrModTmpMin[15],,sint16,M,R,ModTmp_SF,C,1
Repeating,10913,1,StrModTmpMinMod[15],,uint16,O,R,,,1
Repeating,10914,1,StrModTmpAvg[15],,sint16,M,R,ModTmp_SF,C,1
Repeating,10915,1,DisabledReason[15],,enum16,O,R,,,1
Repeating,10916,2,ContactorStatus[15],,bitfield32,O,R,,,1
Repeating,10918,2,StringEvent1[15],,bitfield32,M,R,,,1
Repeating,10920,2,StringEvent2[15],,bitfield32,O,R,,,1
Repeating,10922,2,VendorStringEventBitfield1[15],,bitfield32,O,R,,,1
Repeating,10924,2,VendorStringEventBitfield2[15],,bitfield32,O,R,,,1
Repeating,10926,1,EnableDisableString[15],,enum16,O,RW,,,1
Repeating,10927,1,ConnectDisconnectString[15],,enum16,O,RW,,,1
Repeating,10928,1,Pad[15],,pad,M,R,,,1
Repeating,10929,1,Pad2[15],,pad,M,R,,,1
Repeating,10930,1,ModuleCount[16],,uint16,M,R,,,1
Repeating,10931,2,StringStatus[16],,bitfield32,M,R,,,1
Repeating,10933,1,ConnectionFailureReason[16],,enum16,O,R,,,1
Repeating,10934,1,StringStateofCharge[16],,uint16,M,R,SoC_SF,%,1
Repeating,10935,1,StringStateofHealth[16],,uint16,O,R,SoH_SF,%,1
Repeating,10936,1,StringCurrent[16],,sint16,M,R,A_SF,A,1
Repeating,10937,1,MaxCellVoltage[16],,uint16,M,R,CellV_SF,V,1
Repeating,10938,1,MaxCellVoltageModule[16],,uint16,O,R,,,1
Repeating,10939,1,MinCellVoltage[16],,uint16,M,R,CellV_SF,V,1
Repeating,10940,1,MinCellVoltageModule[16],,uint16,O,R,,,1
Repeating,10941,1,AverageCellVoltage[16],,uint16,M,R,CellV_SF,V,1
Repeating,10942,1,StrModTmpMax[16],,sint16,M,R,ModTmp_SF,C,1
Repeating,10943,1,StrModTmpMaxMod[16],,uint16,O,R,,,1
Repeating,10944,1,StrModTmpMin[16],,sint16,M,R,ModTmp_SF,C,1
Repeating,10945,1,StrModTmpMinMod[16],,uint16,O,R,,,1
Repeating,10946,1,StrModTmpAvg[16],,sint16,M,R,ModTmp_SF,C,1
Repeating,10947,1,DisabledReason[16],,enum16,O,R,,,1
Repeating,10948,2,ContactorStatus[16],,bitfield32,O,R,,,1
Repeating,10950,2,StringEvent1[16],,bitfield32,M,R,,,1
Repeating,10952,2,StringEvent2[16],,bitfield32,O,R,,,1
Repeating,10954,2,VendorStringEventBitfield1[16],,bitfield32,O,R,,,1
Repeating,10956,2,VendorStringEventBitfield2[16],,bitfield32,O,R,,,1
Repeating,10958,1,EnableDisableString[16],,enum16,O,RW,,,1
Repeating,10959,1,ConnectDisconnectString[16],,enum16,O,RW,,,1
Repeating,10960,1,Pad[16],,pad,M,R,,,1
Repeating,10961,1,Pad2[16],,pad,M,R,,,1
Repeating,10962,1,ModuleCount[17],,uint16,M,R,,,1
Repeating,10963,2,StringStatus[17],,bitfield32,M,R,,,1
Repeating,10965,1,ConnectionFailureReason[17],,enum16,O,R,,,1
Repeating,10966,1,StringStateofCharge[17],,uint16,M,R,SoC_SF,%,1
Repeating,10967,1,StringStateofHealth[17],,uint16,O,R,SoH_SF,%,1
Repeating,10968,1,StringCurrent[17],,sint16,M,R,A_SF,A,1
Repeating,10969,1,MaxCellVoltage[17],,uint16,M,R,CellV_SF,V,1
Repeating,10970,1,MaxCellVoltageModule[17],,uint16,O,R,,,1
Repeating,10971,1,MinCellVoltage[17],,uint16,M,R,CellV_SF,V,1
Repeating,10972,1,MinCellVoltageModule[17],,uint16,O,R,,,1
Repeating,10973,1,AverageCellVoltage[17],,uint16,M,R,CellV_SF,V,1
Repeating,10974,1,StrModTmpMax[17],,sint16,M,R,ModTmp_SF,C,1
Repeating,10975,1,StrModTmpMaxMod[17],,uint16,O,R,,,1
Repeating,10976,1,StrModTmpMin[17],,sint16,M,R,ModTmp_SF,C,1
Repeating,10977,1,StrModTmpMinMod[17],,uint16,O,R,,,1
Repeating,10978,1,StrModTmpAvg[17],,sint16,M,R,ModTmp_SF,C,1
Repeating,10979,1,DisabledReason[17],,enum16,O,R,,,1
Repeating,10980,2,ContactorStatus[17],,bitfield32,O,R,,,1
Repeating,10982,2,StringEvent1[17],,bitfield32,M,R,,,1
Repeating,10984,2,StringEvent2[17],,bitfield32,O,R,,,1
Repeating,10986,2,VendorStringEventBitfield1[17],,bitfield32,O,R,,,1
Repeating,10988,2,VendorStringEventBitfield2[17],,bitfield32,O,R,,,1
Repeating,10990,1,EnableDisableString[17],,enum16,O,RW,,,1
Repeating,10991,1,ConnectDisconnectString[17],,enum16,O,RW,,,1
Repeating,10992,1,Pad[17],,pad,M,R,,,1
Repeating,10993,1,Pad2[17],,pad,M,R,,,1
Repeating,10994,1,ModuleCount[18],,uint16,M,R,,,1
Repeating,10995,2,StringStatus[18],,bitfield32,M,R,,,1
Repeating,10997,1,ConnectionFailureReason[18],,enum16,O,R,,,1
Repeating,10998,1,StringStateofCharge[18],,uint16,M,R,SoC_SF,%,1
Repeating,10999,1,StringStateofHealth[18],,uint16,O,R,SoH_SF,%,1
Repeating,11000,1,StringCurrent[18],,sint16,M,R,A_SF,A,1
Repeating,11001,1,MaxCellVoltage[18],,uint16,M,R,CellV_SF,V,1
Repeating,11002,1,MaxCellVoltageModule[18],,uint16,O,R,,,1
Repeating,11003,1,MinCellVoltage[18],,uint16,M,R,CellV_SF,V,1
Repeating,11004,1,MinCellVoltageModule[18],,uint16,O,R,,,1
Repeating,11005,1,AverageCellVoltage[18],,uint16,M,R,CellV_SF,V,1
Repeating,11006,1,StrModTmpMax[18],,sint16,M,R,ModTmp_SF,C,1
Repeating,11007,1,StrModTmpMaxMod[18],,uint16,O,R,,,1
Repeating,11008,1,StrModTmpMin[18],,sint16,M,R,ModTmp_SF,C,1
Repeating,11009,1,StrModTmpMinMod[18],,uint16,O,R,,,1
Repeating,11010,1,StrModTmpAvg[18],,sint16,M,R,ModTmp_SF,C,1
Repeating,11011,1,DisabledReason[18],,enum16,O,R,,,1
Repeating,11012,2,ContactorStatus[18],,bitfield32,O,R,,,1
Repeating,11014,2,StringEvent1[18],,bitfield32,M,R,,,1
Repeating,11016,2,StringEvent2[18],,bitfield32,O,R,,,1
Repeating,11018,2,VendorStringEventBitfield1[18],,bitfield32,O,R,,,1
Repeating,11020,2,VendorStringEventBitfield2[18],,bitfield32,O,R,,,1
Repeating,11022,1,EnableDisableString[18],,enum16,O,RW,,,1
Repeating,11023,1,ConnectDisconnectString[18],,enum16,O,RW,,,1
Repeating,11024,1,Pad[18],,pad,M,R,,,1
Repeating,11025,1,Pad2[18],,pad,M,R,,,1
Repeating,11026,1,ModuleCount[19],,uint16,M,R,,,1
Repeating,11027,2,StringStatus[19],,bitfield32,M,R,,,1
Repeating,11029,1,ConnectionFailureReason[19],,enum16,O,R,,,1
Repeating,11030,1,StringStateofCharge[19],,uint16,M,R,SoC_SF,%,1
Repeating,11031,1,StringStateofHealth[19],,uint16,O,R,SoH_SF,%,1
Repeating,11032,1,StringCurrent[19],,sint16,M,R,A_SF,A,1
Repeating,11033,1,MaxCellVoltage[19],,uint16,M,R,CellV_SF,V,1
Repeating,11034,1,MaxCellVoltageModule[19],,uint16,O,R,,,1
Repeating,11035,1,MinCellVoltage[19],,uint16,M,R,CellV_SF,V,1
Repeating,11036,1,MinCellVoltageModule[19],,uint16,O,R,,,1
Repeating,11037,1,AverageCellVoltage[19],,uint16,M,R,CellV_SF,V,1
Repeating,11038,1,StrModTmpMax[19],,sint16,M,R,ModTmp_SF,C,1
Repeating,11039,1,StrModTmpMaxMod[19],,uint16,O,R,,,1
Repeating,11040,1,StrModTmpMin[19],,sint16,M,R,ModTmp_SF,C,1
Repeating,11041,1,StrModTmpMinMod[19],,uint16,O,R,,,1
Repeating,11042,1,StrModTmpAvg[19],,sint16,M,R,ModTmp_SF,C,1
Repeating,11043,1,DisabledReason[19],,enum16,O,R,,,1
Repeating,11044,2,ContactorStatus[19],,bitfield32,O,R,,,1
Repeating,11046,2,StringEvent1[19],,bitfield32,M,R,,,1
Repeating,11048,2,StringEvent2[19],,bitfield32,O,R,,,1
Repeating,11050,2,VendorStringEventBitfield1[19],,bitfield32,O,R,,,1
Repeating,11052,2,VendorStringEventBitfield2[19],,bitfield32,O,R,,,1
Repeating,11054,1,EnableDisableString[19],,enum16,O,RW,,,1
Repeating,11055,1,ConnectDisconnectString[19],,enum16,O,RW,,,1
Repeating,11056,1,Pad[19],,pad,M,R,,,1
Repeating,11057,1,Pad2[19],,pad,M,R,,,1
Repeating,11058,1,ModuleCount[20],,uint16,M,R,,,1
Repeating,11059,2,StringStatus[20],,bitfield32,M,R,,,1
Repeating,11061,1,ConnectionFailureReason[20],,enum16,O,R,,,1
Repeating,11062,1,StringStateofCharge[20],,uint16,M,R,SoC_SF,%,1
Repeating,11063,1,StringStateofHealth[20],,uint16,O,R,SoH_SF,%,1
Repeating,11064,1,StringCurrent[20],,sint16,M,R,A_SF,A,1
Repeating,11065,1,MaxCellVoltage[20],,uint16,M,R,CellV_SF,V,1
Repeating,11066,1,MaxCellVoltageModule[20],,uint16,O,R,,,1
Repeating,11067,1,MinCellVoltage[20],,uint16,M,R,CellV_SF,V,1
Repeating,11068,1,MinCellVoltageModule[20],,uint16,O,R,,,1
Repeating,11069,1,AverageCellVoltage[20],,uint16,M,R,CellV_SF,V,1
Repeating,11070,1,StrModTmpMax[20],,sint16,M,R,ModTmp_SF,C,1
Repeating,11071,1,StrModTmpMaxMod[20],,uint16,O,R,,,1
Repeating,11072,1,StrModTmpMin[20],,sint16,M,R,ModTmp_SF,C,1
Repeating,11073,1,StrModTmpMinMod[20],,uint16,O,R,,,1
Repeating,11074,1,StrModTmpAvg[20],,sint16,M,R,ModTmp_SF,C,1
Repeating,11075,1,DisabledReason[20],,enum16,O,R,,,1
Repeating,11076,2,ContactorStatus[20],,bitfield32,O,R,,,1
Repeating,11078,2,StringEvent1[20],,bitfield32,M,R,,,1
Repeating,11080,2,StringEvent2[20],,bitfield32,O,R,,,1
Repeating,11082,2,VendorStringEventBitfield1[20],,bitfield32,O,R,,,1
Repeating,11084,2,VendorStringEventBitfield2[20],,bitfield32,O,R,,,1
Repeating,11086,1,EnableDisableString[20],,enum16,O,RW,,,1
Repeating,11087,1,ConnectDisconnectString[20],,enum16,O,RW,,,1
Repeating,11088,1,Pad[20],,pad,M,R,,,1
Repeating,11089,1,Pad2[20],,pad,M,R,,,1
Repeating,11090,1,ModuleCount[21],,uint16,M,R,,,1
Repeating,11091,2,StringStatus[21],,bitfield32,M,R,,,1
Repeating,11093,1,ConnectionFailureReason[21],,enum16,O,R,,,1
Repeating,11094,1,StringStateofCharge[21],,uint16,M,R,SoC_SF,%,1
Repeating,11095,1,StringStateofHealth[21],,uint16,O,R,SoH_SF,%,1
Repeating,11096,1,StringCurrent[21],,sint16,M,R,A_SF,A,1
Repeating,11097,1,MaxCellVoltage[21],,uint16,M,R,CellV_SF,V,1
Repeating,11098,1,MaxCellVoltageModule[21],,uint16,O,R,,,1
Repeating,11099,1,MinCellVoltage[21],,uint16,M,R,CellV_SF,V,1
Repeating,11100,1,MinCellVoltageModule[21],,uint16,O,R,,,1
Repeating,11101,1,AverageCellVoltage[21],,uint16,M,R,CellV_SF,V,1
Repeating,11102,1,StrModTmpMax[21],,sint16,M,R,ModTmp_SF,C,1
Repeating,11103,1,StrModTmpMaxMod[21],,uint16,O,R,,,1
Repeating,11104,1,StrModTmpMin[21],,sint16,M,R,ModTmp_SF,C,1
Repeating,11105,1,StrModTmpMinMod[21],,uint16,O,R,,,1
Repeating,11106,1,StrModTmpAvg[21],,sint16,M,R,ModTmp_SF,C,1
Repeating,11107,1,DisabledReason[21],,enum16,O,R,,,1
Repeating,11108,2,ContactorStatus[21],,bitfield32,O,R,,,1
Repeating,11110,2,StringEvent1[21],,bitfield32,M,R,,,1
Repeating,11112,2,StringEvent2[21],,bitfield32,O,R,,,1
Repeating,11114,2,VendorStringEventBitfield1[21],,bitfield32,O,R,,,1
Repeating,11116,2,VendorStringEventBitfield2[21],,bitfield32,O,R,,,1
Repeating,11118,1,EnableDisableString[21],,enum16,O,RW,,,1
Repeating,11119,1,ConnectDisconnectString[21],,enum16,O,RW,,,1
Repeating,11120,1,Pad[21],,pad,M,R,,,1
Repeating,11121,1,Pad2[21],,pad,M,R,,,1
Repeating,11122,1,ModuleCount[22],,uint16,M,R,,,1
Repeating,11123,2,StringStatus[22],,bitfield32,M,R,,,1
Repeating,11125,1,ConnectionFailureReason[22],,enum16,O,R,,,1
Repeating,11126,1,StringStateofCharge[22],,uint16,M,R,SoC_SF,%,1
Repeating,11127,1,StringStateofHealth[22],,uint16,O,R,SoH_SF,%,1
Repeating,11128,1,StringCurrent[22],,sint16,M,R,A_SF,A,1
Repeating,11129,1,MaxCellVoltage[22],,uint16,M,R,CellV_SF,V,1
Repeating,11130,1,MaxCellVoltageModule[22],,uint16,O,R,,,1
Repeating,11131,1,MinCellVoltage[22],,uint16,M,R,CellV_SF,V,1
Repeating,11132,1,MinCellVoltageModule[22],,uint16,O,R,,,1
Repeating,11133,1,AverageCellVoltage[22],,uint16,M,R,CellV_SF,V,1
Repeating,11134,1,StrModTmpMax[22],,sint16,M,R,ModTmp_SF,C,1
Repeating,11135,1,StrModTmpMaxMod[22],,uint16,O,R,,,1
Repeating,11136,1,StrModTmpMin[22],,sint16,M,R,ModTmp_SF,C,1
Repeating,11137,1,StrModTmpMinMod[22],,uint16,O,R,,,1
Repeating,11138,1,StrModTmpAvg[22],,sint16,M,R,ModTmp_SF,C,1
Repeating,11139,1,DisabledReason[22],,enum16,O,R,,,1
Repeating,11140,2,ContactorStatus[22],,bitfield32,O,R,,,1
Repeating,11142,2,StringEvent1[22],,bitfield32,M,R,,,1
Repeating,11144,2,StringEvent2[22],,bitfield32,O,R,,,1
Repeating,11146,2,VendorStringEventBitfield1[22],,bitfield32,O,R,,,1
Repeating,11148,2,VendorStringEventBitfield2[22],,bitfield32,O,R,,,1
Repeating,11150,1,EnableDisableString[22],,enum16,O,RW,,,1
Repeating,11151,1,ConnectDisconnectString[22],,enum16,O,RW,,,1
Repeating,11152,1,Pad[22],,pad,M,R,,,1
Repeating,11153,1,Pad2[22],,pad,M,R,,,1
Repeating,11154,1,ModuleCount[23],,uint16,M,R,,,1
Repeating,11155,2,StringStatus[23],,bitfield32,M,R,,,1
Repeating,11157,1,ConnectionFailureReason[23],,enum16,O,R,,,1
Repeating,11158,1,StringStateofCharge[23],,uint16,M,R,SoC_SF,%,1
Repeating,11159,1,StringStateofHealth[23],,uint16,O,R,SoH_SF,%,1
Repeating,11160,1,StringCurrent[23],,sint16,M,R,A_SF,A,1
Repeating,11161,1,MaxCellVoltage[23],,uint16,M,R,CellV_SF,V,1
Repeating,11162,1,MaxCellVoltageModule[23],,uint16,O,R,,,1
Repeating,11163,1,MinCellVoltage[23],,uint16,M,R,CellV_SF,V,1
Repeating,11164,1,MinCellVoltageModule[23],,uint16,O,R,,,1
Repeating,11165,1,AverageCellVoltage[23],,uint16,M,R,CellV_SF,V,1
Repeating,11166,1,StrModTmpMax[23],,sint16,M,R,ModTmp_SF,C,1
Repeating,11167,1,StrModTmpMaxMod[23],,uint16,O,R,,,1
Repeating,11168,1,StrModTmpMin[23],,sint16,M,R,ModTmp_SF,C,1
Repeating,11169,1,StrModTmpMinMod[23],,uint16,O,R,,,1
Repeating,11170,1,StrModTmpAvg[23],,sint16,M,R,ModTmp_SF,C,1
Repeating,11171,1,DisabledReason[23],,enum16,O,R,,,1
Repeating,11172,2,ContactorStatus[23],,bitfield32,O,R,,,1
Repeating,11174,2,StringEvent1[23],,bitfield32,M,R,,,1
Repeating,11176,2,StringEvent2[23],,bitfield32,O,R,,,1
Repeating,11178,2,VendorStringEventBitfield1[23],,bitfield32,O,R,,,1
Repeating,11180,2,VendorStringEventBitfield2[23],,bitfield32,O,R,,,1
Repeating,11182,1,EnableDisableString[23],,enum16,O,RW,,,1
Repeating,11183,1,ConnectDisconnectString[23],,enum16,O,RW,,,1
Repeating,11184,1,Pad[23],,pad,M,R,,,1
Repeating,11185,1,Pad2[23],,pad,M,R,,,1
Repeating,11186,1,ModuleCount[24],,uint16,M,R,,,1
Repeating,11187,2,StringStatus[24],,bitfield32,M,R,,,1
Repeating,11189,1,ConnectionFailureReason[24],,enum16,O,R,,,1
Repeating,11190,1,StringStateofCharge[24],,uint16,M,R,SoC_SF,%,1
Repeating,11191,1,StringStateofHealth[24],,uint16,O,R,SoH_SF,%,1
Repeating,11192,1,StringCurrent[24],,sint16,M,R,A_SF,A,1
Repeating,11193,1,MaxCellVoltage[24],,uint16,M,R,CellV_SF,V,1
Repeating,11194,1,MaxCellVoltageModule[24],,uint16,O,R,,,1
Repeating,11195,1,MinCellVoltage[24],,uint16,M,R,CellV_SF,V,1
Repeating,11196,1,MinCellVoltageModule[24],,uint16,O,R,,,1
Repeating,11197,1,AverageCellVoltage[24],,uint16,M,R,CellV_SF,V,1
Repeating,11198,1,StrModTmpMax[24],,sint16,M,R,ModTmp_SF,C,1
Repeating,11199,1,StrModTmpMaxMod[24],,uint16,O,R,,,1
Repeating,11200,1,StrModTmpMin[24],,sint16,M,R,ModTmp_SF,C,1
Repeating,11201,1,StrModTmpMinMod[24],,uint16,O,R,,,1
Repeating,11202,1,StrModTmpAvg[24],,sint16,M,R,ModTmp_SF,C,1
Repeating,11203,1,DisabledReason[24],,enum16,O,R,,,1
Repeating,11204,2,ContactorStatus[24],,bitfield32,O,R,,,1
Repeating,11206,2,StringEvent1[24],,bitfield32,M,R,,,1
Repeating,11208,2,StringEvent2[24],,bitfield32,O,R,,,1
Repeating,11210,2,VendorStringEventBitfield1[24],,bitfield32,O,R,,,1
Repeating,11212,2,VendorStringEventBitfield2[24],,bitfield32,O,R,,,1
Repeating,11214,1,EnableDisableString[24],,enum16,O,RW,,,1
Repeating,11215,1,ConnectDisconnectString[24],,enum16,O,RW,,,1
Repeating,11216,1,Pad[24],,pad,M,R,,,1
Repeating,11217,1,Pad2[24],,pad,M,R,,,1
Repeating,11218,1,ModuleCount[25],,uint16,M,R,,,1
Repeating,11219,2,StringStatus[25],,bitfield32,M,R,,,1
Repeating,11221,1,ConnectionFailureReason[25],,enum16,O,R,,,1
Repeating,11222,1,StringStateofCharge[25],,uint16,M,R,SoC_SF,%,1
Repeating,11223,1,StringStateofHealth[25],,uint16,O,R,SoH_SF,%,1
Repeating,11224,1,StringCurrent[25],,sint16,M,R,A_SF,A,1
Repeating,11225,1,MaxCellVoltage[25],,uint16,M,R,CellV_SF,V,1
Repeating,11226,1,MaxCellVoltageModule[25],,uint16,O,R,,,1
Repeating,11227,1,MinCellVoltage[25],,uint16,M,R,CellV_SF,V,1
Repeating,11228,1,MinCellVoltageModule[25],,uint16,O,R,,,1
Repeating,11229,1,AverageCellVoltage[25],,uint16,M,R,CellV_SF,V,1
Repeating,11230,1,StrModTmpMax[25],,sint16,M,R,ModTmp_SF,C,1
Repeating,11231,1,StrModTmpMaxMod[25],,uint16,O,R,,,1
Repeating,11232,1,StrModTmpMin[25],,sint16,M,R,ModTmp_SF,C,1
Repeating,11233,1,StrModTmpMinMod[25],,uint16,O,R,,,1
Repeating,11234,1,StrModTmpAvg[25],,sint16,M,R,ModTmp_SF,C,1
Repeating,11235,1,DisabledReason[25],,enum16,O,R,,,1
Repeating,11236,2,ContactorStatus[25],,bitfield32,O,R,,,1
Repeating,11238,2,StringEvent1[25],,bitfield32,M,R,,,1
Repeating,11240,2,StringEvent2[25],,bitfield32,O,R,,,1
Repeating,11242,2,VendorStringEventBitfield1[25],,bitfield32,O,R,,,1
Repeating,11244,2,VendorStringEventBitfield2[25],,bitfield32,O,R,,,1
Repeating,11246,1,EnableDisableString[25],,enum16,O,RW,,,1
Repeating,11247,1,ConnectDisconnectString[25],,enum16,O,RW,,,1
Repeating,11248,1,Pad[25],,pad,M,R,,,1
Repeating,11249,1,Pad2[25],,pad,M,R,,,1
Repeating,11250,1,ModuleCount[26],,uint16,M,R,,,1
Repeating,11251,2,StringStatus[26],,bitfield32,M,R,,,1
Repeating,11253,1,ConnectionFailureReason[26],,enum16,O,R,,,1
Repeating,11254,1,StringStateofCharge[26],,uint16,M,R,SoC_SF,%,1
Repeating,11255,1,StringStateofHealth[26],,uint16,O,R,SoH_SF,%,1
Repeating,11256,1,StringCurrent[26],,sint16,M,R,A_SF,A,1
Repeating,11257,1,MaxCellVoltage[26],,uint16,M,R,CellV_SF,V,1
Repeating,11258,1,MaxCellVoltageModule[26],,uint16,O,R,,,1
Repeating,11259,1,MinCellVoltage[26],,uint16,M,R,CellV_SF,V,1
Repeating,11260,1,MinCellVoltageModule[26],,uint16,O,R,,,1
Repeating,11261,1,AverageCellVoltage[26],,uint16,M,R,CellV_SF,V,1
Repeating,11262,1,StrModTmpMax[26],,sint16,M,R,ModTmp_SF,C,1
Repeating,11263,1,StrModTmpMaxMod[26],,uint16,O,R,,,1
Repeating,11264,1,StrModTmpMin[26],,sint16,M,R,ModTmp_SF,C,1
Repeating,11265,1,StrModTmpMinMod[26],,uint16,O,R,,,1
Repeating,11266,1,StrModTmpAvg[26],,sint16,M,R,ModTmp_SF,C,1
Repeating,11267,1,DisabledReason[26],,enum16,O,R,,,1
Repeating,11268,2,ContactorStatus[26],,bitfield32,O,R,,,1
Repeating,11270,2,StringEvent1[26],,bitfield32,M,R,,,1
Repeating,11272,2,StringEvent2[26],,bitfield32,O,R,,,1
Repeating,11274,2,VendorStringEventBitfield1[26],,bitfield32,O,R,,,1
Repeating,11276,2,VendorStringEventBitfield2[26],,bitfield32,O,R,,,1
Repeating,11278,1,EnableDisableString[26],,enum16,O,RW,,,1
Repeating,11279,1,ConnectDisconnectString[26],,enum16,O,RW,,,1
Repeating,11280,1,Pad[26],,pad,M,R,,,1
Repeating,11281,1,Pad2[26],,pad,M,R,,,1
Repeating,11282,1,ModuleCount[27],,uint16,M,R,,,1
Repeating,11283,2,StringStatus[27],,bitfield32,M,R,,,1
Repeating,11285,1,ConnectionFailureReason[27],,enum16,O,R,,,1
Repeating,11286,1,StringStateofCharge[27],,uint16,M,R,SoC_SF,%,1
Repeating,11287,1,StringStateofHealth[27],,uint16,O,R,SoH_SF,%,1
Repeating,11288,1,StringCurrent[27],,sint16,M,R,A_SF,A,1
Repeating,11289,1,MaxCellVoltage[27],,uint16,M,R,CellV_SF,V,1
Repeating,11290,1,MaxCellVoltageModule[27],,uint16,O,R,,,1
Repeating,11291,1,MinCellVoltage[27],,uint16,M,R,CellV_SF,V,1
Repeating,11292,1,MinCellVoltageModule[27],,uint16,O,R,,,1
Repeating,11293,1,AverageCellVoltage[27],,uint16,M,R,CellV_SF,V,1
Repeating,11294,1,StrModTmpMax[27],,sint16,M,R,ModTmp_SF,C,1
Repeating,11295,1,StrModTmpMaxMod[27],,uint16,O,R,,,1
Repeating,11296,1,StrModTmpMin[27],,sint16,M,R,ModTmp_SF,C,1
Repeating,11297,1,StrModTmpMinMod[27],,uint16,O,R,,,1
Repeating,11298,1,StrModTmpAvg[27],,sint16,M,R,ModTmp_SF,C,1
Repeating,11299,1,DisabledReason[27],,enum16,O,R,,,1
Repeating,11300,2,ContactorStatus[27],,bitfield32,O,R,,,1
Repeating,11302,2,StringEvent1[27],,bitfield32,M,R,,,1
Repeating,11304,2,StringEvent2[27],,bitfield32,O,R,,,1
Repeating,11306,2,VendorStringEventBitfield1[27],,bitfield32,O,R,,,1
Repeating,11308,2,VendorStringEventBitfield2[27],,bitfield32,O,R,,,1
Repeating,11310,1,EnableDisableString[27],,enum16,O,RW,,,1
Repeating,11311,1,ConnectDisconnectString[27],,enum16,O,RW,,,1
Repeating,11312,1,Pad[27],,pad,M,R,,,1
Repeating,11313,1,Pad2[27],,pad,M,R,,,1
Repeating,11314,1,ModuleCount[28],,uint16,M,R,,,1
Repeating,11315,2,StringStatus[28],,bitfield32,M,R,,,1
Repeating,11317,1,ConnectionFailureReason[28],,enum16,O,R,,,1
Repeating,11318,1,StringStateofCharge[28],,uint16,M,R,SoC_SF,%,1
Repeating,11319,1,StringStateofHealth[28],,uint16,O,R,SoH_SF,%,1
Repeating,11320,1,StringCurrent[28],,sint16,M,R,A_SF,A,1
Repeating,11321,1,MaxCellVoltage[28],,uint16,M,R,CellV_SF,V,1
Repeating,11322,1,MaxCellVoltageModule[28],,uint16,O,R,,,1
Repeating,11323,1,MinCellVoltage[28],,uint16,M,R,CellV_SF,V,1
Repeating,11324,1,MinCellVoltageModule[28],,uint16,O,R,,,1
Repeating,11325,1,AverageCellVoltage[28],,uint16,M,R,CellV_SF,V,1
Repeating,11326,1,StrModTmpMax[28],,sint16,M,R,ModTmp_SF,C,1
Repeating,11327,1,StrModTmpMaxMod[28],,uint16,O,R,,,1
Repeating,11328,1,StrModTmpMin[28],,sint16,M,R,ModTmp_SF,C,1
Repeating,11329,1,StrModTmpMinMod[28],,uint16,O,R,,,1
Repeating,11330,1,StrModTmpAvg[28],,sint16,M,R,ModTmp_SF,C,1
Repeating,11331,1,DisabledReason[28],,enum16,O,R,,,1
Repeating,11332,2,ContactorStatus[28],,bitfield32,O,R,,,1
Repeating,11334,2,StringEvent1[28],,bitfield32,M,R,,,1
Repeating,11336,2,StringEvent2[28],,bitfield32,O,R,,,1
Repeating,11338,2,VendorStringEventBitfield1[28],,bitfield32,O,R,,,1
Repeating,11340,2,VendorStringEventBitfield2[28],,bitfield32,O,R,,,1
Repeating,11342,1,EnableDisableString[28],,enum16,O,RW,,,1
Repeating,11343,1,ConnectDisconnectString[28],,enum16,O,RW,,,1
Repeating,11344,1,Pad[28],,pad,M,R,,,1
Repeating,11345,1,Pad2[28],,pad,M,R,,,1
Repeating,11346,1,ModuleCount[29],,uint16,M,R,,,1
Repeating,11347,2,StringStatus[29],,bitfield32,M,R,,,1
Repeating,11349,1,ConnectionFailureReason[29],,enum16,O,R,,,1
Repeating,11350,1,StringStateofCharge[29],,uint16,M,R,SoC_SF,%,1
Repeating,11351,1,StringStateofHealth[29],,uint16,O,R,SoH_SF,%,1
Repeating,11352,1,StringCurrent[29],,sint16,M,R,A_SF,A,1
Repeating,11353,1,MaxCellVoltage[29],,uint16,M,R,CellV_SF,V,1
Repeating,11354,1,MaxCellVoltageModule[29],,uint16,O,R,,,1
Repeating,11355,1,MinCellVoltage[29],,uint16,M,R,CellV_SF,V,1
Repeating,11356,1,MinCellVoltageModule[29],,uint16,O,R,,,1
Repeating,11357,1,AverageCellVoltage[29],,uint16,M,R,CellV_SF,V,1
Repeating,11358,1,StrModTmpMax[29],,sint16,M,R,ModTmp_SF,C,1
Repeating,11359,1,StrModTmpMaxMod[29],,uint16,O,R,,,1
Repeating,11360,1,StrModTmpMin[29],,sint16,M,R,ModTmp_SF,C,1
Repeating,11361,1,StrModTmpMinMod[29],,uint16,O,R,,,1
Repeating,11362,1,StrModTmpAvg[29],,sint16,M,R,ModTmp_SF,C,1
Repeating,11363,1,DisabledReason[29],,enum16,O,R,,,1
Repeating,11364,2,ContactorStatus[29],,bitfield32,O,R,,,1
Repeating,11366,2,StringEvent1[29],,bitfield32,M,R,,,1
Repeating,11368,2,StringEvent2[29],,bitfield32,O,R,,,1
Repeating,11370,2,VendorStringEventBitfield1[29],,bitfield32,O,R,,,1
Repeating,11372,2,VendorStringEventBitfield2[29],,bitfield32,O,R,,,1
Repeating,11374,1,EnableDisableString[29],,enum16,O,RW,,,1
Repeating,11375,1,ConnectDisconnectString[29],,enum16,O,RW,,,1
Repeating,11376,1,Pad[29],,pad,M,R,,,1
Repeating,11377,1,Pad2[29],,pad,M,R,,,1
Repeating,11378,1,ModuleCount[30],,uint16,M,R,,,1
Repeating,11379,2,StringStatus[30],,bitfield32,M,R,,,1
Repeating,11381,1,ConnectionFailureReason[30],,enum16,O,R,,,1
Repeating,11382,1,StringStateofCharge[30],,uint16,M,R,SoC_SF,%,1
Repeating,11383,1,StringStateofHealth[30],,uint16,O,R,SoH_SF,%,1
Repeating,11384,1,StringCurrent[30],,sint16,M,R,A_SF,A,1
Repeating,11385,1,MaxCellVoltage[30],,uint16,M,R,CellV_SF,V,1
Repeating,11386,1,MaxCellVoltageModule[30],,uint16,O,R,,,1
Repeating,11387,1,MinCellVoltage[30],,uint16,M,R,CellV_SF,V,1
Repeating,11388,1,MinCellVoltageModule[30],,uint16,O,R,,,1
Repeating,11389,1,AverageCellVoltage[30],,uint16,M,R,CellV_SF,V,1
Repeating,11390,1,StrModTmpMax[30],,sint16,M,R,ModTmp_SF,C,1
Repeating,11391,1,StrModTmpMaxMod[30],,uint16,O,R,,,1
Repeating,11392,1,StrModTmpMin[30],,sint16,M,R,ModTmp_SF,C,1
Repeating,11393,1,StrModTmpMinMod[30],,uint16,O,R,,,1
Repeating,11394,1,StrModTmpAvg[30],,sint16,M,R,ModTmp_SF,C,1
Repeating,11395,1,DisabledReason[30],,enum16,O,R,,,1
Repeating,11396,2,ContactorStatus[30],,bitfield32,O,R,,,1
Repeating,11398,2,StringEvent1[30],,bitfield32,M,R,,,1
Repeating,11400,2,StringEvent2[30],,bitfield32,O,R,,,1
Repeating,11402,2,VendorStringEventBitfield1[30],,bitfield32,O,R,,,1
Repeating,11404,2,VendorStringEventBitfield2[30],,bitfield32,O,R,,,1
Repeating,11406,1,EnableDisableString[30],,enum16,O,RW,,,1
Repeating,11407,1,ConnectDisconnectString[30],,enum16,O,RW,,,1
Repeating,11408,1,Pad[30],,pad,M,R,,,1
Repeating,11409,1,Pad2[30],,pad,M,R,,,1
Repeating,11410,1,ModuleCount[31],,uint16,M,R,,,1
Repeating,11411,2,StringStatus[31],,bitfield32,M,R,,,1
Repeating,11413,1,ConnectionFailureReason[31],,enum16,O,R,,,1
Repeating,11414,1,StringStateofCharge[31],,uint16,M,R,SoC_SF,%,1
Repeating,11415,1,StringStateofHealth[31],,uint16,O,R,SoH_SF,%,1
Repeating,11416,1,StringCurrent[31],,sint16,M,R,A_SF,A,1
Repeating,11417,1,MaxCellVoltage[31],,uint16,M,R,CellV_SF,V,1
Repeating,11418,1,MaxCellVoltageModule[31],,uint16,O,R,,,1
Repeating,11419,1,MinCellVoltage[31],,uint16,M,R,CellV_SF,V,1
Repeating,11420,1,MinCellVoltageModule[31],,uint16,O,R,,,1
Repeating,11421,1,AverageCellVoltage[31],,uint16,M,R,CellV_SF,V,1
Repeating,11422,1,StrModTmpMax[31],,sint16,M,R,ModTmp_SF,C,1
Repeating,11423,1,StrModTmpMaxMod[31],,uint16,O,R,,,1
Repeating,11424,1,StrModTmpMin[31],,sint16,M,R,ModTmp_SF,C,1
Repeating,11425,1,StrModTmpMinMod[31],,uint16,O,R,,,1
Repeating,11426,1,StrModTmpAvg[31],,sint16,M,R,ModTmp_SF,C,1
Repeating,11427,1,DisabledReason[31],,enum16,O,R,,,1
Repeating,11428,2,ContactorStatus[31],,bitfield32,O,R,,,1
Repeating,11430,2,StringEvent1[31],,bitfield32,M,R,,,1
Repeating,11432,2,StringEvent2[31],,bitfield32,O,R,,,1
Repeating,11434,2,VendorStringEventBitfield1[31],,bitfield32,O,R,,,1
Repeating,11436,2,VendorStringEventBitfield2[31],,bitfield32,O,R,,,1
Repeating,11438,1,EnableDisableString[31],,enum16,O,RW,,,1
Repeating,11439,1,ConnectDisconnectString[31],,enum16,O,RW,,,1
Repeating,11440,1,Pad[31],,pad,M,R,,,1
Repeating,11441,1,Pad2[31],,pad,M,R,,,1
Repeating,11442,1,ModuleCount[32],,uint16,M,R,,,1
Repeating,11443,2,StringStatus[32],,bitfield32,M,R,,,1
Repeating,11445,1,ConnectionFailureReason[32],,enum16,O,R,,,1
Repeating,11446,1,StringStateofCharge[32],,uint16,M,R,SoC_SF,%,1
Repeating,11447,1,StringStateofHealth[32],,uint16,O,R,SoH_SF,%,1
Repeating,11448,1,StringCurrent[32],,sint16,M,R,A_SF,A,1
Repeating,11449,1,MaxCellVoltage[32],,uint16,M,R,CellV_SF,V,1
Repeating,11450,1,MaxCellVoltageModule[32],,uint16,O,R,,,1
Repeating,11451,1,MinCellVoltage[32],,uint16,M,R,CellV_SF,V,1
Repeating,11452,1,MinCellVoltageModule[32],,uint16,O,R,,,1
Repeating,11453,1,AverageCellVoltage[32],,uint16,M,R,CellV_SF,V,1
Repeating,11454,1,StrModTmpMax[32],,sint16,M,R,ModTmp_SF,C,1
Repeating,11455,1,StrModTmpMaxMod[32],,uint16,O,R,,,1
Repeating,11456,1,StrModTmpMin[32],,sint16,M,R,ModTmp_SF,C,1
Repeating,11457,1,StrModTmpMinMod[32],,uint16,O,R,,,1
Repeating,11458,1,StrModTmpAvg[32],,sint16,M,R,ModTmp_SF,C,1
Repeating,11459,1,DisabledReason[32],,enum16,O,R,,,1
Repeating,11460,2,ContactorStatus[32],,bitfield32,O,R,,,1
Repeating,11462,2,StringEvent1[32],,bitfield32,M,R,,,1
Repeating,11464,2,StringEvent2[32],,bitfield32,O,R,,,1
Repeating,11466,2,VendorStringEventBitfield1[32],,bitfield32,O,R,,,1
Repeating,11468,2,VendorStringEventBitfield2[32],,bitfield32,O,R,,,1
Repeating,11470,1,EnableDisableString[32],,enum16,O,RW,,,1
Repeating,11471,1,ConnectDisconnectString[32],,enum16,O,RW,,,1
Repeating,11472,1,Pad[32],,pad,M,R,,,1
Repeating,11473,1,Pad2[32],,pad,M,R,,,1
Repeating,11474,1,ModuleCount[33],,uint16,M,R,,,1
Repeating,11475,2,StringStatus[33],,bitfield32,M,R,,,1
Repeating,11477,1,ConnectionFailureReason[33],,enum16,O,R,,,1
Repeating,11478,1,StringStateofCharge[33],,uint16,M,R,SoC_SF,%,1
Repeating,11479,1,StringStateofHealth[33],,uint16,O,R,SoH_SF,%,1
Repeating,11480,1,StringCurrent[33],,sint16,M,R,A_SF,A,1
Repeating,11481,1,MaxCellVoltage[33],,uint16,M,R,CellV_SF,V,1
Repeating,11482,1,MaxCellVoltageModule[33],,uint16,O,R,,,1
Repeating,11483,1,MinCellVoltage[33],,uint16,M,R,CellV_SF,V,1
Repeating,11484,1,MinCellVoltageModule[33],,uint16,O,R,,,1
Repeating,11485,1,AverageCellVoltage[33],,uint16,M,R,CellV_SF,V,1
Repeating,11486,1,StrModTmpMax[33],,sint16,M,R,ModTmp_SF,C,1
Repeating,11487,1,StrModTmpMaxMod[33],,uint16,O,R,,,1
Repeating,11488,1,StrModTmpMin[33],,sint16,M,R,ModTmp_SF,C,1
Repeating,11489,1,StrModTmpMinMod[33],,uint16,O,R,,,1
Repeating,11490,1,StrModTmpAvg[33],,sint16,M,R,ModTmp_SF,C,1
Repeating,11491,1,DisabledReason[33],,enum16,O,R,,,1
Repeating,11492,2,ContactorStatus[33],,bitfield32,O,R,,,1
Repeating,11494,2,StringEvent1[33],,bitfield32,M,R,,,1
Repeating,11496,2,StringEvent2[33],,bitfield32,O,R,,,1
Repeating,11498,2,VendorStringEventBitfield1[33],,bitfield32,O,R,,,1
Repeating,11500,2,VendorStringEventBitfield2[33],,bitfield32,O,R,,,1
Repeating,11502,1,EnableDisableString[33],,enum16,O,RW,,,1
Repeating,11503,1,ConnectDisconnectString[33],,enum16,O,RW,,,1
Repeating,11504,1,Pad[33],,pad,M,R,,,1
Repeating,11505,1,Pad2[33],,pad,M,R,,,1
Repeating,11506,1,ModuleCount[34],,uint16,M,R,,,1
Repeating,11507,2,StringStatus[34],,bitfield32,M,R,,,1
Repeating,11509,1,ConnectionFailureReason[34],,enum16,O,R,,,1
Repeating,11510,1,StringStateofCharge[34],,uint16,M,R,SoC_SF,%,1
Repeating,11511,1,StringStateofHealth[34],,uint16,O,R,SoH_SF,%,1
Repeating,11512,1,StringCurrent[34],,sint16,M,R,A_SF,A,1
Repeating,11513,1,MaxCellVoltage[34],,uint16,M,R,CellV_SF,V,1
Repeating,11514,1,MaxCellVoltageModule[34],,uint16,O,R,,,1
Repeating,11515,1,MinCellVoltage[34],,uint16,M,R,CellV_SF,V,1
Repeating,11516,1,MinCellVoltageModule[34],,uint16,O,R,,,1
Repeating,11517,1,AverageCellVoltage[34],,uint16,M,R,CellV_SF,V,1
Repeating,11518,1,StrModTmpMax[34],,sint16,M,R,ModTmp_SF,C,1
Repeating,11519,1,StrModTmpMaxMod[34],,uint16,O,R,,,1
Repeating,11520,1,StrModTmpMin[34],,sint16,M,R,ModTmp_SF,C,1
Repeating,11521,1,StrModTmpMinMod[34],,uint16,O,R,,,1
Repeating,11522,1,StrModTmpAvg[34],,sint16,M,R,ModTmp_SF,C,1
Repeating,11523,1,DisabledReason[34],,enum16,O,R,,,1
Repeating,11524,2,ContactorStatus[34],,bitfield32,O,R,,,1
Repeating,11526,2,StringEvent1[34],,bitfield32,M,R,,,1
Repeating,11528,2,StringEvent2[34],,bitfield32,O,R,,,1
Repeating,11530,2,VendorStringEventBitfield1[34],,bitfield32,O,R,,,1
Repeating,11532,2,VendorStringEventBitfield2[34],,bitfield32,O,R,,,1
Repeating,11534,1,EnableDisableString[34],,enum16,O,RW,,,1
Repeating,11535,1,ConnectDisconnectString[34],,enum16,O,RW,,,1
Repeating,11536,1,Pad[34],,pad,M,R,,,1
Repeating,11537,1,Pad2[34],,pad,M,R,,,1
Repeating,11538,1,ModuleCount[35],,uint16,M,R,,,1
Repeating,11539,2,StringStatus[35],,bitfield32,M,R,,,1
Repeating,11541,1,ConnectionFailureReason[35],,enum16,O,R,,,1
Repeating,11542,1,StringStateofCharge[35],,uint16,M,R,SoC_SF,%,1
Repeating,11543,1,StringStateofHealth[35],,uint16,O,R,SoH_SF,%,1
Repeating,11544,1,StringCurrent[35],,sint16,M,R,A_SF,A,1
Repeating,11545,1,MaxCellVoltage[35],,uint16,M,R,CellV_SF,V,1
Repeating,11546,1,MaxCellVoltageModule[35],,uint16,O,R,,,1
Repeating,11547,1,MinCellVoltage[35],,uint16,M,R,CellV_SF,V,1
Repeating,11548,1,MinCellVoltageModule[35],,uint16,O,R,,,1
Repeating,11549,1,AverageCellVoltage[35],,uint16,M,R,CellV_SF,V,1
Repeating,11550,1,StrModTmpMax[35],,sint16,M,R,ModTmp_SF,C,1
Repeating,11551,1,StrModTmpMaxMod[35],,uint16,O,R,,,1
Repeating,11552,1,StrModTmpMin[35],,sint16,M,R,ModTmp_SF,C,1
Repeating,11553,1,StrModTmpMinMod[35],,uint16,O,R,,,1
Repeating,11554,1,StrModTmpAvg[35],,sint16,M,R,ModTmp_SF,C,1
Repeating,11555,1,DisabledReason[35],,enum16,O,R,,,1
Repeating,11556,2,ContactorStatus[35],,bitfield32,O,R,,,1
Repeating,11558,2,StringEvent1[35],,bitfield32,M,R,,,1
Repeating,11560,2,StringEvent2[35],,bitfield32,O,R,,,1
Repeating,11562,2,VendorStringEventBitfield1[35],,bitfield32,O,R,,,1
Repeating,11564,2,VendorStringEventBitfield2[35],,bitfield32,O,R,,,1
Repeating,11566,1,EnableDisableString[35],,enum16,O,RW,,,1
Repeating,11567,1,ConnectDisconnectString[35],,enum16,O,RW,,,1
Repeating,11568,1,Pad[35],,pad,M,R,,,1
Repeating,11569,1,Pad2[35],,pad,M,R,,,1
Repeating,11570,1,ModuleCount[36],,uint16,M,R,,,1
Repeating,11571,2,StringStatus[36],,bitfield32,M,R,,,1
Repeating,11573,1,ConnectionFailureReason[36],,enum16,O,R,,,1
Repeating,11574,1,StringStateofCharge[36],,uint16,M,R,SoC_SF,%,1
Repeating,11575,1,StringStateofHealth[36],,uint16,O,R,SoH_SF,%,1
Repeating,11576,1,StringCurrent[36],,sint16,M,R,A_SF,A,1
Repeating,11577,1,MaxCellVoltage[36],,uint16,M,R,CellV_SF,V,1
Repeating,11578,1,MaxCellVoltageModule[36],,uint16,O,R,,,1
Repeating,11579,1,MinCellVoltage[36],,uint16,M,R,CellV_SF,V,1
Repeating,11580,1,MinCellVoltageModule[36],,uint16,O,R,,,1
Repeating,11581,1,AverageCellVoltage[36],,uint16,M,R,CellV_SF,V,1
Repeating,11582,1,StrModTmpMax[36],,sint16,M,R,ModTmp_SF,C,1
Repeating,11583,1,StrModTmpMaxMod[36],,uint16,O,R,,,1
Repeating,11584,1,StrModTmpMin[36],,sint16,M,R,ModTmp_SF,C,1
Repeating,11585,1,StrModTmpMinMod[36],,uint16,O,R,,,1
Repeating,11586,1,StrModTmpAvg[36],,sint16,M,R,ModTmp_SF,C,1
Repeating,11587,1,DisabledReason[36],,enum16,O,R,,,1
Repeating,11588,2,ContactorStatus[36],,bitfield32,O,R,,,1
Repeating,11590,2,StringEvent1[36],,bitfield32,M,R,,,1
Repeating,11592,2,StringEvent2[36],,bitfield32,O,R,,,1
Repeating,11594,2,VendorStringEventBitfield1[36],,bitfield32,O,R,,,1
Repeating,11596,2,VendorStringEventBitfield2[36],,bitfield32,O,R,,,1
Repeating,11598,1,EnableDisableString[36],,enum16,O,RW,,,1
Repeating,11599,1,ConnectDisconnectString[36],,enum16,O,RW,,,1
Repeating,11600,1,Pad[36],,pad,M,R,,,1
Repeating,11601,1,Pad2[36],,pad,M,R,,,1
Repeating,11602,1,ModuleCount[37],,uint16,M,R,,,1
Repeating,11603,2,StringStatus[37],,bitfield32,M,R,,,1
Repeating,11605,1,ConnectionFailureReason[37],,enum16,O,R,,,1
Repeating,11606,1,StringStateofCharge[37],,uint16,M,R,SoC_SF,%,1
Repeating,11607,1,StringStateofHealth[37],,uint16,O,R,SoH_SF,%,1
Repeating,11608,1,StringCurrent[37],,sint16,M,R,A_SF,A,1
Repeating,11609,1,MaxCellVoltage[37],,uint16,M,R,CellV_SF,V,1
Repeating,11610,1,MaxCellVoltageModule[37],,uint16,O,R,,,1
Repeating,11611,1,MinCellVoltage[37],,uint16,M,R,CellV_SF,V,1
Repeating,11612,1,MinCellVoltageModule[37],,uint16,O,R,,,1
Repeating,11613,1,AverageCellVoltage[37],,uint16,M,R,CellV_SF,V,1
Repeating,11614,1,StrModTmpMax[37],,sint16,M,R,ModTmp_SF,C,1
Repeating,11615,1,StrModTmpMaxMod[37],,uint16,O,R,,,1
Repeating,11616,1,StrModTmpMin[37],,sint16,M,R,ModTmp_SF,C,1
Repeating,11617,1,StrModTmpMinMod[37],,uint16,O,R,,,1
Repeating,11618,1,StrModTmpAvg[37],,sint16,M,R,ModTmp_SF,C,1
Repeating,11619,1,DisabledReason[37],,enum16,O,R,,,1
Repeating,11620,2,ContactorStatus[37],,bitfield32,O,R,,,1
Repeating,11622,2,StringEvent1[37],,bitfield32,M,R,,,1
Repeating,11624,2,StringEvent2[37],,bitfield32,O,R,,,1
Repeating,11626,2,VendorStringEventBitfield1[37],,bitfield32,O,R,,,1
Repeating,11628,2,VendorStringEventBitfield2[37],,bitfield32,O,R,,,1
Repeating,11630,1,EnableDisableString[37],,enum16,O,RW,,,1
Repeating,11631,1,ConnectDisconnectString[37],,enum16,O,RW,,,1
Repeating,11632,1,Pad[37],,pad,M,R,,,1
Repeating,11633,1,Pad2[37],,pad,M,R,,,1
Repeating,11634,1,ModuleCount[38],,uint16,M,R,,,1
Repeating,11635,2,StringStatus[38],,bitfield32,M,R,,,1
Repeating,11637,1,ConnectionFailureReason[38],,enum16,O,R,,,1
Repeating,11638,1,StringStateofCharge[38],,uint16,M,R,SoC_SF,%,1
Repeating,11639,1,StringStateofHealth[38],,uint16,O,R,SoH_SF,%,1
Repeating,11640,1,StringCurrent[38],,sint16,M,R,A_SF,A,1
Repeating,11641,1,MaxCellVoltage[38],,uint16,M,R,CellV_SF,V,1
Repeating,11642,1,MaxCellVoltageModule[38],,uint16,O,R,,,1
Repeating,11643,1,MinCellVoltage[38],,uint16,M,R,CellV_SF,V,1
Repeating,11644,1,MinCellVoltageModule[38],,uint16,O,R,,,1
Repeating,11645,1,AverageCellVoltage[38],,uint16,M,R,CellV_SF,V,1
Repeating,11646,1,StrModTmpMax[38],,sint16,M,R,ModTmp_SF,C,1
Repeating,11647,1,StrModTmpMaxMod[38],,uint16,O,R,,,1
Repeating,11648,1,StrModTmpMin[38],,sint16,M,R,ModTmp_SF,C,1
Repeating,11649,1,StrModTmpMinMod[38],,uint16,O,R,,,1
Repeating,11650,1,StrModTmpAvg[38],,sint16,M,R,ModTmp_SF,C,1
Repeating,11651,1,DisabledReason[38],,enum16,O,R,,,1
Repeating,11652,2,ContactorStatus[38],,bitfield32,O,R,,,1
Repeating,11654,2,StringEvent1[38],,bitfield32,M,R,,,1
Repeating,11656,2,StringEvent2[38],,bitfield32,O,R,,,1
Repeating,11658,2,VendorStringEventBitfield1[38],,bitfield32,O,R,,,1
Repeating,11660,2,VendorStringEventBitfield2[38],,bitfield32,O,R,,,1
Repeating,11662,1,EnableDisableString[38],,enum16,O,RW,,,1
Repeating,11663,1,ConnectDisconnectString[38],,enum16,O,RW,,,1
Repeating,11664,1,Pad[38],,pad,M,R,,,1
Repeating,11665,1,Pad2[38],,pad,M,R,,,1
Repeating,11666,1,ModuleCount[39],,uint16,M,R,,,1
Repeating,11667,2,StringStatus[39],,bitfield32,M,R,,,1
Repeating,11669,1,ConnectionFailureReason[39],,enum16,O,R,,,1
Repeating,11670,1,StringStateofCharge[39],,uint16,M,R,SoC_SF,%,1
Repeating,11671,1,StringStateofHealth[39],,uint16,O,R,SoH_SF,%,1
Repeating,11672,1,StringCurrent[39],,sint16,M,R,A_SF,A,1
Repeating,11673,1,MaxCellVoltage[39],,uint16,M,R,CellV_SF,V,1
Repeating,11674,1,MaxCellVoltageModule[39],,uint16,O,R,,,1
Repeating,11675,1,MinCellVoltage[39],,uint16,M,R,CellV_SF,V,1
Repeating,11676,1,MinCellVoltageModule[39],,uint16,O,R,,,1
Repeating,11677,1,AverageCellVoltage[39],,uint16,M,R,CellV_SF,V,1
Repeating,11678,1,StrModTmpMax[39],,sint16,M,R,ModTmp_SF,C,1
Repeating,11679,1,StrModTmpMaxMod[39],,uint16,O,R,,,1
Repeating,11680,1,StrModTmpMin[39],,sint16,M,R,ModTmp_SF,C,1
Repeating,11681,1,StrModTmpMinMod[39],,uint16,O,R,,,1
Repeating,11682,1,StrModTmpAvg[39],,sint16,M,R,ModTmp_SF,C,1
Repeating,11683,1,DisabledReason[39],,enum16,O,R,,,1
Repeating,11684,2,ContactorStatus[39],,bitfield32,O,R,,,1
Repeating,11686,2,StringEvent1[39],,bitfield32,M,R,,,1
Repeating,11688,2,StringEvent2[39],,bitfield32,O,R,,,1
Repeating,11690,2,VendorStringEventBitfield1[39],,bitfield32,O,R,,,1
Repeating,11692,2,VendorStringEventBitfield2[39],,bitfield32,O,R,,,1
Repeating,11694,1,EnableDisableString[39],,enum16,O,RW,,,1
Repeating,11695,1,ConnectDisconnectString[39],,enum16,O,RW,,,1
Repeating,11696,1,Pad[39],,pad,M,R,,,1
Repeating,11697,1,Pad2[39],,pad,M,R,,,1
Repeating,11698,1,ModuleCount[40],,uint16,M,R,,,1
Repeating,11699,2,StringStatus[40],,bitfield32,M,R,,,1
Repeating,11701,1,ConnectionFailureReason[40],,enum16,O,R,,,1
Repeating,11702,1,StringStateofCharge[40],,uint16,M,R,SoC_SF,%,1
Repeating,11703,1,StringStateofHealth[40],,uint16,O,R,SoH_SF,%,1
Repeating,11704,1,StringCurrent[40],,sint16,M,R,A_SF,A,1
Repeating,11705,1,MaxCellVoltage[40],,uint16,M,R,CellV_SF,V,1
Repeating,11706,1,MaxCellVoltageModule[40],,uint16,O,R,,,1
Repeating,11707,1,MinCellVoltage[40],,uint16,M,R,CellV_SF,V,1
Repeating,11708,1,MinCellVoltageModule[40],,uint16,O,R,,,1
Repeating,11709,1,AverageCellVoltage[40],,uint16,M,R,CellV_SF,V,1
Repeating,11710,1,StrModTmpMax[40],,sint16,M,R,ModTmp_SF,C,1
Repeating,11711,1,StrModTmpMaxMod[40],,uint16,O,R,,,1
Repeating,11712,1,StrModTmpMin[40],,sint16,M,R,ModTmp_SF,C,1
Repeating,11713,1,StrModTmpMinMod[40],,uint16,O,R,,,1
Repeating,11714,1,StrModTmpAvg[40],,sint16,M,R,ModTmp_SF,C,1
Repeating,11715,1,DisabledReason[40],,enum16,O,R,,,1
Repeating,11716,2,ContactorStatus[40],,bitfield32,O,R,,,1
Repeating,11718,2,StringEvent1[40],,bitfield32,M,R,,,1
Repeating,11720,2,StringEvent2[40],,bitfield32,O,R,,,1
Repeating,11722,2,VendorStringEventBitfield1[40],,bitfield32,O,R,,,1
Repeating,11724,2,VendorStringEventBitfield2[40],,bitfield32,O,R,,,1
Repeating,11726,1,EnableDisableString[40],,enum16,O,RW,,,1
Repeating,11727,1,ConnectDisconnectString[40],,enum16,O,RW,,,1
Repeating,11728,1,Pad[40],,pad,M,R,,,1
Repeating,11729,1,Pad2[40],,pad,M,R,,,1
Header,11730,1,"ID ""PowinPCSExtensionReport""",65119,uint16,M,R,,,1
Header,11731,1,Length,10,uint16,M,R,,,1
Fixed,11732,1,RotationState,,enum16,M,R,,,1
Fixed,11733,1,RotationCommand,,enum16,M,RW,,,1
Fixed,11734,1,FaultCode,,uint16,M,R,,,1
Fixed,11735,1,FaultResetCommand,,enum16,M,RW,,,1
Fixed,11736,1,TotalEnergy,,uint16,O,R,MWHEnergy_SF,Wh,1
Fixed,11737,1,ImportedEnergy,,uint16,O,R,MWHEnergy_SF,Wh,1
Fixed,11738,1,ExportedEnergy,,uint16,O,R,MWHEnergy_SF,Wh,1
Fixed,11739,1,Energy_SF,,scalefactor,O,R,,,1
Fixed,11740,1,MWHEnergy_SF,,scalefactor,O,R,,,1
Fixed,11741,1,Reserved09,,uint16,O,R,,,1
Header,11742,1,"ID ""PowinPCSExtensionReport""",65119,uint16,M,R,,,1
Header,11743,1,Length,10,uint16,M,R,,,1
Fixed,11744,1,RotationState,,enum16,M,R,,,1
Fixed,11745,1,RotationCommand,,enum16,M,RW,,,1
Fixed,11746,1,FaultCode,,uint16,M,R,,,1
Fixed,11747,1,FaultResetCommand,,enum16,M,RW,,,1
Fixed,11748,1,TotalEnergy,,uint16,O,R,MWHEnergy_SF,Wh,1
Fixed,11749,1,ImportedEnergy,,uint16,O,R,MWHEnergy_SF,Wh,1
Fixed,11750,1,ExportedEnergy,,uint16,O,R,MWHEnergy_SF,Wh,1
Fixed,11751,1,Energy_SF,,scalefactor,O,R,,,1
Fixed,11752,1,MWHEnergy_SF,,scalefactor,O,R,,,1
Fixed,11753,1,Reserved09,,uint16,O,R,,,1
Header,11754,1,"ID ""PowinPCSExtensionReport""",65119,uint16,M,R,,,1
Header,11755,1,Length,10,uint16,M,R,,,1
Fixed,11756,1,RotationState,,enum16,M,R,,,1
Fixed,11757,1,RotationCommand,,enum16,M,RW,,,1
Fixed,11758,1,FaultCode,,uint16,M,R,,,1
Fixed,11759,1,FaultResetCommand,,enum16,M,RW,,,1
Fixed,11760,1,TotalEnergy,,uint16,O,R,MWHEnergy_SF,Wh,1
Fixed,11761,1,ImportedEnergy,,uint16,O,R,MWHEnergy_SF,Wh,1
Fixed,11762,1,ExportedEnergy,,uint16,O,R,MWHEnergy_SF,Wh,1
Fixed,11763,1,Energy_SF,,scalefactor,O,R,,,1
Fixed,11764,1,MWHEnergy_SF,,scalefactor,O,R,,,1
Fixed,11765,1,Reserved09,,uint16,O,R,,,1
Header,11766,1,"ID ""PowinPCSExtensionReport""",65119,uint16,M,R,,,1
Header,11767,1,Length,10,uint16,M,R,,,1
Fixed,11768,1,RotationState,,enum16,M,R,,,1
Fixed,11769,1,RotationCommand,,enum16,M,RW,,,1
Fixed,11770,1,FaultCode,,uint16,M,R,,,1
Fixed,11771,1,FaultResetCommand,,enum16,M,RW,,,1
Fixed,11772,1,TotalEnergy,,uint16,O,R,MWHEnergy_SF,Wh,1
Fixed,11773,1,ImportedEnergy,,uint16,O,R,MWHEnergy_SF,Wh,1
Fixed,11774,1,ExportedEnergy,,uint16,O,R,MWHEnergy_SF,Wh,1
Fixed,11775,1,Energy_SF,,scalefactor,O,R,,,1
Fixed,11776,1,MWHEnergy_SF,,scalefactor,O,R,,,1
Fixed,11777,1,Reserved09,,uint16,O,R,,,1
Header,11778,1,"ID ""PowinPCSExtensionReport""",65119,uint16,M,R,,,1
Header,11779,1,Length,10,uint16,M,R,,,1
Fixed,11780,1,RotationState,,enum16,M,R,,,1
Fixed,11781,1,RotationCommand,,enum16,M,RW,,,1
Fixed,11782,1,FaultCode,,uint16,M,R,,,1
Fixed,11783,1,FaultResetCommand,,enum16,M,RW,,,1
Fixed,11784,1,TotalEnergy,,uint16,O,R,MWHEnergy_SF,Wh,1
Fixed,11785,1,ImportedEnergy,,uint16,O,R,MWHEnergy_SF,Wh,1
Fixed,11786,1,ExportedEnergy,,uint16,O,R,MWHEnergy_SF,Wh,1
Fixed,11787,1,Energy_SF,,scalefactor,O,R,,,1
Fixed,11788,1,MWHEnergy_SF,,scalefactor,O,R,,,1
Fixed,11789,1,Reserved09,,uint16,O,R,,,1
Header,11790,1,"ID ""PowinPCSExtensionReport""",65119,uint16,M,R,,,1
Header,11791,1,Length,10,uint16,M,R,,,1
Fixed,11792,1,RotationState,,enum16,M,R,,,1
Fixed,11793,1,RotationCommand,,enum16,M,RW,,,1
Fixed,11794,1,FaultCode,,uint16,M,R,,,1
Fixed,11795,1,FaultResetCommand,,enum16,M,RW,,,1
Fixed,11796,1,TotalEnergy,,uint16,O,R,MWHEnergy_SF,Wh,1
Fixed,11797,1,ImportedEnergy,,uint16,O,R,MWHEnergy_SF,Wh,1
Fixed,11798,1,ExportedEnergy,,uint16,O,R,MWHEnergy_SF,Wh,1
Fixed,11799,1,Energy_SF,,scalefactor,O,R,,,1
Fixed,11800,1,MWHEnergy_SF,,scalefactor,O,R,,,1
Fixed,11801,1,Reserved09,,uint16,O,R,,,1
Header,11802,1,"ID ""PowinPCSExtensionReport""",65119,uint16,M,R,,,1
Header,11803,1,Length,10,uint16,M,R,,,1
Fixed,11804,1,RotationState,,enum16,M,R,,,1
Fixed,11805,1,RotationCommand,,enum16,M,RW,,,1
Fixed,11806,1,FaultCode,,uint16,M,R,,,1
Fixed,11807,1,FaultResetCommand,,enum16,M,RW,,,1
Fixed,11808,1,TotalEnergy,,uint16,O,R,MWHEnergy_SF,Wh,1
Fixed,11809,1,ImportedEnergy,,uint16,O,R,MWHEnergy_SF,Wh,1
Fixed,11810,1,ExportedEnergy,,uint16,O,R,MWHEnergy_SF,Wh,1
Fixed,11811,1,Energy_SF,,scalefactor,O,R,,,1
Fixed,11812,1,MWHEnergy_SF,,scalefactor,O,R,,,1
Fixed,11813,1,Reserved09,,uint16,O,R,,,1
Header,11814,1,"ID ""PowinPCSExtensionReport""",65119,uint16,M,R,,,1
Header,11815,1,Length,10,uint16,M,R,,,1
Fixed,11816,1,RotationState,,enum16,M,R,,,1
Fixed,11817,1,RotationCommand,,enum16,M,RW,,,1
Fixed,11818,1,FaultCode,,uint16,M,R,,,1
Fixed,11819,1,FaultResetCommand,,enum16,M,RW,,,1
Fixed,11820,1,TotalEnergy,,uint16,O,R,MWHEnergy_SF,Wh,1
Fixed,11821,1,ImportedEnergy,,uint16,O,R,MWHEnergy_SF,Wh,1
Fixed,11822,1,ExportedEnergy,,uint16,O,R,MWHEnergy_SF,Wh,1
Fixed,11823,1,Energy_SF,,scalefactor,O,R,,,1
Fixed,11824,1,MWHEnergy_SF,,scalefactor,O,R,,,1
Fixed,11825,1,Reserved09,,uint16,O,R,,,1
Header,11826,1,"ID ""Powin""",65123,uint16,M,R,,,1
Header,11827,1,Length,100,uint16,M,R,,,1
Fixed,11828,1,NumberofApps,,uint16,M,R,,,1
Fixed,11829,1,BlockAmpHourRating,,uint16,M,R,AH_SF,Ah,1
Fixed,11830,1,BlockWattHourRating,,uint16,M,R,WH_SF,Wh,1
Fixed,11831,1,BlockMaxChargeRate,,uint16,M,R,W_SF,W,1
Fixed,11832,1,BlockMaxDischargeRate,,uint16,M,R,W_SF,W,1
Fixed,11833,1,BlockOnlineSOC,,uint16,M,R,SoC_SF,%BlockOnlineCapacity,1
Fixed,11834,1,BlockOfflineSOC,,uint16,M,R,SoC_SF,%BlockOfflineCapacity,1
Fixed,11835,1,BlockNearlineSOC,,uint16,M,R,SoC_SF,%BlockNearlineCapacity,1
Fixed,11836,1,BlockTotalSOC,,uint16,M,R,SoC_SF,%BlockTotalCapacity,1
Fixed,11837,1,BlockOnlineStoredWh,,uint16,M,R,WH_SF,Wh,1
Fixed,11838,1,BlockOfflineStoredWh,,uint16,M,R,WH_SF,Wh,1
Fixed,11839,1,BlockNearlineStoredWh,,uint16,M,R,WH_SF,Wh,1
Fixed,11840,1,BlockTotalStoredWh,,uint16,M,R,WH_SF,Wh,1
Fixed,11841,1,BlockOnlineCapacityWh,,uint16,M,R,WH_SF,Wh,1
Fixed,11842,1,BlockOfflineCapacityWh,,uint16,M,R,WH_SF,Wh,1
Fixed,11843,1,BlockNearlineCapacityWh,,uint16,M,R,WH_SF,Wh,1
Fixed,11844,1,BlockTotalCapacityWh,,uint16,M,R,WH_SF,Wh,1
Fixed,11845,1,BlockW,,sint16,M,R,W_SF,W,1
Fixed,11846,1,BlockVA,,sint16,M,R,VA_SF,VA,1
Fixed,11847,1,BlockVAr,,sint16,M,R,VAr_SF,var,1
Fixed,11848,2,Events,,bitfield32,M,R,,,1
Fixed,11850,2,SchedulerFlags,,uint32,M,R,,,1
Fixed,11852,1,BasicOpPriority,,enum16,M,R,,,1
Fixed,11853,1,BasicOpTargetSOC,,uint16,M,R,SoC_SF,%,1
Fixed,11854,1,BasicOpTargetPower,,sint16,M,R,W_SF,W,1
Fixed,11855,2,SchedulerFlagsCommand,,uint32,M,RW,,,1
Fixed,11857,1,BasicOpPriorityCommand,,enum16,M,RW,,,1
Fixed,11858,1,BasicOpTargetSOCCommand,,uint16,M,RW,SoC_SF,%,1
Fixed,11859,1,BasicOpTargetPowerCommand,,sint16,M,RW,W_SF,W,1
Fixed,11860,1,BasicOpTriggerCommand,,enum16,M,RW,,,1
Fixed,11861,1,SimpleBasicOpCommand,,sint16,M,RW,W_SF,W,1
Fixed,11862,1,AvailableChargePowerCapacity,,uint16,M,R,W_SF,,1
Fixed,11863,1,AvailableDischargePowerCapacity,,uint16,M,R,W_SF,,1
Fixed,11864,1,BasicOpStatus,,enum16,M,R,,,1
Fixed,11865,1,InstantaneousSystemAvailabilityPercentage,,uint16,M,R,Percent_SF,%,1
Fixed,11866,1,SiteEStopStatus,,enum16,M,R,,,1
Fixed,11867,1,SiteEStopCommand,,enum16,M,RW,,,1
Fixed,11868,1,BlockConnect,,enum16,M,RW,,,1
Fixed,11869,1,CriticalPowerMode,,enum16,M,RW,,,1
Fixed,11870,1,StackCount,,sint16,M,R,,,1
Fixed,11871,1,StackWithOpenContactorsCount,,sint16,M,R,,,1
Fixed,11872,1,StackWithClosedContactorsCount,,sint16,M,R,,,1
Fixed,11873,1,StackInRotationCount,,sint16,M,R,,,1
Fixed,11874,1,StackOutOfRotationCount,,sint16,M,R,,,1
Fixed,11875,1,BlockwideStackCommand,,enum16,M,RW,,,1
Fixed,11876,1,BlockAvailableAcEnergyDischarge,,uint16,M,R,WH_SF,WH,1
Fixed,11877,1,BlockAvailableAcEnergyCharge,,uint16,M,R,WH_SF,WH,1
Fixed,11878,1,BlockAvailableAcEnergyNameplate,,uint16,M,R,WH_SF,WH,1
Fixed,11879,1,BlockAvailableAcPowerDischarge,,uint16,M,R,BlockW_SF,W,1
Fixed,11880,1,BlockAvailableAcPowerCharge,,uint16,M,R,BlockW_SF,W,1
Fixed,11881,1,BlockAvailableAcPowerNameplate,,uint16,M,R,BlockW_SF,W,1
Fixed,11882,1,HvacsRunningLimit,,uint16,M,RW,,,1
Fixed,11883,1,Reserved55,,uint16,O,R,,,1
Fixed,11884,1,Reserved56,,uint16,O,R,,,1
Fixed,11885,1,Reserved57,,uint16,O,R,,,1
Fixed,11886,1,Reserved58,,uint16,O,R,,,1
Fixed,11887,1,Reserved59,,uint16,O,R,,,1
Fixed,11888,1,Reserved60,,uint16,O,R,,,1
Fixed,11889,1,Reserved61,,uint16,O,R,,,1
Fixed,11890,1,Reserved62,,uint16,O,R,,,1
Fixed,11891,1,Reserved63,,uint16,O,R,,,1
Fixed,11892,1,Reserved64,,uint16,O,R,,,1
Fixed,11893,1,Reserved65,,uint16,O,R,,,1
Fixed,11894,1,Reserved66,,uint16,O,R,,,1
Fixed,11895,1,Reserved67,,uint16,O,R,,,1
Fixed,11896,1,Reserved68,,uint16,O,R,,,1
Fixed,11897,1,Reserved69,,uint16,O,R,,,1
Fixed,11898,1,Reserved70,,uint16,O,R,,,1
Fixed,11899,1,Reserved71,,uint16,O,R,,,1
Fixed,11900,1,Reserved72,,uint16,O,R,,,1
Fixed,11901,1,Reserved73,,uint16,O,R,,,1
Fixed,11902,1,Reserved74,,uint16,O,R,,,1
Fixed,11903,1,Reserved75,,uint16,O,R,,,1
Fixed,11904,1,Reserved76,,uint16,O,R,,,1
Fixed,11905,1,Reserved77,,uint16,O,R,,,1
Fixed,11906,1,Reserved78,,uint16,O,R,,,1
Fixed,11907,1,Reserved79,,uint16,O,R,,,1
Fixed,11908,1,Reserved80,,uint16,O,R,,,1
Fixed,11909,1,Reserved81,,uint16,O,R,,,1
Fixed,11910,1,Reserved82,,uint16,O,R,,,1
Fixed,11911,1,Reserved83,,uint16,O,R,,,1
Fixed,11912,1,Reserved84,,uint16,O,R,,,1
Fixed,11913,1,Reserved85,,uint16,O,R,,,1
Fixed,11914,1,Reserved86,,uint16,O,R,,,1
Fixed,11915,1,Reserved87,,uint16,O,R,,,1
Fixed,11916,1,Reserved88,,uint16,O,R,,,1
Fixed,11917,1,Reserved89,,uint16,O,R,,,1
Fixed,11918,1,Percent_SF,,scalefactor,M,R,,,1
Fixed,11919,1,AH_SF,,scalefactor,M,R,,,1
Fixed,11920,1,WH_SF,,scalefactor,M,R,,,1
Fixed,11921,1,W_SF,,scalefactor,M,R,,,1
Fixed,11922,1,VA_SF,,scalefactor,M,R,,,1
Fixed,11923,1,VAr_SF,,scalefactor,M,R,,,1
Fixed,11924,1,SoC_SF,,scalefactor,M,R,,,1
Fixed,11925,1,BlockW_SF,,scalefactor,M,R,,,1
Fixed,11926,1,BlockVA_SF,,scalefactor,M,R,,,1
Fixed,11927,1,BlockVAr_SF,,scalefactor,M,R,,,1
Header,11928,1,"ID ""PowinArrayExtensionReport""",65126,uint16,M,R,,,1
Header,11929,1,Length,150,uint16,M,R,,,1
Fixed,11930,1,StackCount,,sint16,M,R,,,1
Fixed,11931,1,StackWithOpenContactorsCount,,sint16,M,R,,,1
Fixed,11932,1,StackWithClosedContactorsCount,,sint16,M,R,,,1
Fixed,11933,1,StackInRotationCount,,sint16,M,R,,,1
Fixed,11934,1,StackOutOfRotationCount,,sint16,M,R,,,1
Fixed,11935,1,ArrayStackCommand,,enum16,M,RW,,,1
Fixed,11936,1,CellTmpMax,,sint16,M,R,Tmp_SF,C,1
Fixed,11937,1,CellTmpMin,,sint16,M,R,Tmp_SF,C,1
Fixed,11938,1,CellTmpAvg,,sint16,M,R,Tmp_SF,C,1
Fixed,11939,1,CellVoltageMax,,sint16,M,R,CellVolt_SF,V,1
Fixed,11940,1,CellVoltageMin,,sint16,M,R,CellVolt_SF,V,1
Fixed,11941,1,CellVoltageAvg,,sint16,M,R,CellVolt_SF,V,1
Fixed,11942,1,StackVoltageMax,,sint16,M,R,Volt_SF,V,1
Fixed,11943,1,StackVoltageMin,,sint16,M,R,Volt_SF,V,1
Fixed,11944,1,StackVoltageAvg,,sint16,M,R,Volt_SF,V,1
Fixed,11945,1,DcBusVoltageMax,,sint16,M,R,Volt_SF,V,1
Fixed,11946,1,DcBusVoltageMin,,sint16,M,R,Volt_SF,V,1
Fixed,11947,1,DcBusVoltageAvg,,sint16,M,R,Volt_SF,V,1
Fixed,11948,1,ChargeThroughputWh,,uint16,M,R,MWHEnergy_SF,Wh,1
Fixed,11949,1,DischargeThroughputWh,,uint16,M,R,MWHEnergy_SF,Wh,1
Fixed,11950,1,Reserved20,,uint16,O,R,,,1
Fixed,11951,1,Reserved21,,uint16,O,R,,,1
Fixed,11952,1,Reserved22,,uint16,O,R,,,1
Fixed,11953,1,Reserved23,,uint16,O,R,,,1
Fixed,11954,1,Reserved24,,uint16,O,R,,,1
Fixed,11955,1,Reserved25,,uint16,O,R,,,1
Fixed,11956,1,MWHEnergy_SF,,scalefactor,M,R,,,1
Fixed,11957,1,Volt_SF,,scalefactor,M,R,,,1
Fixed,11958,1,CellVolt_SF,,scalefactor,M,R,,,1
Fixed,11959,1,Tmp_SF,,scalefactor,M,R,,,1
Repeating,11960,1,StackIndex[1],,sint16,M,R,,,1
Repeating,11961,1,StackState[1],,enum16,M,R,,,1
Repeating,11962,1,StackCommand[1],,enum16,M,RW,,,1
Repeating,11963,1,StackIndex[2],,sint16,M,R,,,1
Repeating,11964,1,StackState[2],,enum16,M,R,,,1
Repeating,11965,1,StackCommand[2],,enum16,M,RW,,,1
Repeating,11966,1,StackIndex[3],,sint16,M,R,,,1
Repeating,11967,1,StackState[3],,enum16,M,R,,,1
Repeating,11968,1,StackCommand[3],,enum16,M,RW,,,1
Repeating,11969,1,StackIndex[4],,sint16,M,R,,,1
Repeating,11970,1,StackState[4],,enum16,M,R,,,1
Repeating,11971,1,StackCommand[4],,enum16,M,RW,,,1
Repeating,11972,1,StackIndex[5],,sint16,M,R,,,1
Repeating,11973,1,StackState[5],,enum16,M,R,,,1
Repeating,11974,1,StackCommand[5],,enum16,M,RW,,,1
Repeating,11975,1,StackIndex[6],,sint16,M,R,,,1
Repeating,11976,1,StackState[6],,enum16,M,R,,,1
Repeating,11977,1,StackCommand[6],,enum16,M,RW,,,1
Repeating,11978,1,StackIndex[7],,sint16,M,R,,,1
Repeating,11979,1,StackState[7],,enum16,M,R,,,1
Repeating,11980,1,StackCommand[7],,enum16,M,RW,,,1
Repeating,11981,1,StackIndex[8],,sint16,M,R,,,1
Repeating,11982,1,StackState[8],,enum16,M,R,,,1
Repeating,11983,1,StackCommand[8],,enum16,M,RW,,,1
Repeating,11984,1,StackIndex[9],,sint16,M,R,,,1
Repeating,11985,1,StackState[9],,enum16,M,R,,,1
Repeating,11986,1,StackCommand[9],,enum16,M,RW,,,1
Repeating,11987,1,StackIndex[10],,sint16,M,R,,,1
Repeating,11988,1,StackState[10],,enum16,M,R,,,1
Repeating,11989,1,StackCommand[10],,enum16,M,RW,,,1
Repeating,11990,1,StackIndex[11],,sint16,M,R,,,1
Repeating,11991,1,StackState[11],,enum16,M,R,,,1
Repeating,11992,1,StackCommand[11],,enum16,M,RW,,,1
Repeating,11993,1,StackIndex[12],,sint16,M,R,,,1
Repeating,11994,1,StackState[12],,enum16,M,R,,,1
Repeating,11995,1,StackCommand[12],,enum16,M,RW,,,1
Repeating,11996,1,StackIndex[13],,sint16,M,R,,,1
Repeating,11997,1,StackState[13],,enum16,M,R,,,1
Repeating,11998,1,StackCommand[13],,enum16,M,RW,,,1
Repeating,11999,1,StackIndex[14],,sint16,M,R,,,1
Repeating,12000,1,StackState[14],,enum16,M,R,,,1
Repeating,12001,1,StackCommand[14],,enum16,M,RW,,,1
Repeating,12002,1,StackIndex[15],,sint16,M,R,,,1
Repeating,12003,1,StackState[15],,enum16,M,R,,,1
Repeating,12004,1,StackCommand[15],,enum16,M,RW,,,1
Repeating,12005,1,StackIndex[16],,sint16,M,R,,,1
Repeating,12006,1,StackState[16],,enum16,M,R,,,1
Repeating,12007,1,StackCommand[16],,enum16,M,RW,,,1
Repeating,12008,1,StackIndex[17],,sint16,M,R,,,1
Repeating,12009,1,StackState[17],,enum16,M,R,,,1
Repeating,12010,1,StackCommand[17],,enum16,M,RW,,,1
Repeating,12011,1,StackIndex[18],,sint16,M,R,,,1
Repeating,12012,1,StackState[18],,enum16,M,R,,,1
Repeating,12013,1,StackCommand[18],,enum16,M,RW,,,1
Repeating,12014,1,StackIndex[19],,sint16,M,R,,,1
Repeating,12015,1,StackState[19],,enum16,M,R,,,1
Repeating,12016,1,StackCommand[19],,enum16,M,RW,,,1
Repeating,12017,1,StackIndex[20],,sint16,M,R,,,1
Repeating,12018,1,StackState[20],,enum16,M,R,,,1
Repeating,12019,1,StackCommand[20],,enum16,M,RW,,,1
Repeating,12020,1,StackIndex[21],,sint16,M,R,,,1
Repeating,12021,1,StackState[21],,enum16,M,R,,,1
Repeating,12022,1,StackCommand[21],,enum16,M,RW,,,1
Repeating,12023,1,StackIndex[22],,sint16,M,R,,,1
Repeating,12024,1,StackState[22],,enum16,M,R,,,1
Repeating,12025,1,StackCommand[22],,enum16,M,RW,,,1
Repeating,12026,1,StackIndex[23],,sint16,M,R,,,1
Repeating,12027,1,StackState[23],,enum16,M,R,,,1
Repeating,12028,1,StackCommand[23],,enum16,M,RW,,,1
Repeating,12029,1,StackIndex[24],,sint16,M,R,,,1
Repeating,12030,1,StackState[24],,enum16,M,R,,,1
Repeating,12031,1,StackCommand[24],,enum16,M,RW,,,1
Repeating,12032,1,StackIndex[25],,sint16,M,R,,,1
Repeating,12033,1,StackState[25],,enum16,M,R,,,1
Repeating,12034,1,StackCommand[25],,enum16,M,RW,,,1
Repeating,12035,1,StackIndex[26],,sint16,M,R,,,1
Repeating,12036,1,StackState[26],,enum16,M,R,,,1
Repeating,12037,1,StackCommand[26],,enum16,M,RW,,,1
Repeating,12038,1,StackIndex[27],,sint16,M,R,,,1
Repeating,12039,1,StackState[27],,enum16,M,R,,,1
Repeating,12040,1,StackCommand[27],,enum16,M,RW,,,1
Repeating,12041,1,StackIndex[28],,sint16,M,R,,,1
Repeating,12042,1,StackState[28],,enum16,M,R,,,1
Repeating,12043,1,StackCommand[28],,enum16,M,RW,,,1
Repeating,12044,1,StackIndex[29],,sint16,M,R,,,1
Repeating,12045,1,StackState[29],,enum16,M,R,,,1
Repeating,12046,1,StackCommand[29],,enum16,M,RW,,,1
Repeating,12047,1,StackIndex[30],,sint16,M,R,,,1
Repeating,12048,1,StackState[30],,enum16,M,R,,,1
Repeating,12049,1,StackCommand[30],,enum16,M,RW,,,1
Repeating,12050,1,StackIndex[31],,sint16,M,R,,,1
Repeating,12051,1,StackState[31],,enum16,M,R,,,1
Repeating,12052,1,StackCommand[31],,enum16,M,RW,,,1
Repeating,12053,1,StackIndex[32],,sint16,M,R,,,1
Repeating,12054,1,StackState[32],,enum16,M,R,,,1
Repeating,12055,1,StackCommand[32],,enum16,M,RW,,,1
Repeating,12056,1,StackIndex[33],,sint16,M,R,,,1
Repeating,12057,1,StackState[33],,enum16,M,R,,,1
Repeating,12058,1,StackCommand[33],,enum16,M,RW,,,1
Repeating,12059,1,StackIndex[34],,sint16,M,R,,,1
Repeating,12060,1,StackState[34],,enum16,M,R,,,1
Repeating,12061,1,StackCommand[34],,enum16,M,RW,,,1
Repeating,12062,1,StackIndex[35],,sint16,M,R,,,1
Repeating,12063,1,StackState[35],,enum16,M,R,,,1
Repeating,12064,1,StackCommand[35],,enum16,M,RW,,,1
Repeating,12065,1,StackIndex[36],,sint16,M,R,,,1
Repeating,12066,1,StackState[36],,enum16,M,R,,,1
Repeating,12067,1,StackCommand[36],,enum16,M,RW,,,1
Repeating,12068,1,StackIndex[37],,sint16,M,R,,,1
Repeating,12069,1,StackState[37],,enum16,M,R,,,1
Repeating,12070,1,StackCommand[37],,enum16,M,RW,,,1
Repeating,12071,1,StackIndex[38],,sint16,M,R,,,1
Repeating,12072,1,StackState[38],,enum16,M,R,,,1
Repeating,12073,1,StackCommand[38],,enum16,M,RW,,,1
Repeating,12074,1,StackIndex[39],,sint16,M,R,,,1
Repeating,12075,1,StackState[39],,enum16,M,R,,,1
Repeating,12076,1,StackCommand[39],,enum16,M,RW,,,1
Repeating,12077,1,StackIndex[40],,sint16,M,R,,,1
Repeating,12078,1,StackState[40],,enum16,M,R,,,1
Repeating,12079,1,StackCommand[40],,enum16,M,RW,,,1
Header,12080,1,"ID ""PowinArrayExtensionReport""",65126,uint16,M,R,,,1
Header,12081,1,Length,150,uint16,M,R,,,1
Fixed,12082,1,StackCount,,sint16,M,R,,,1
Fixed,12083,1,StackWithOpenContactorsCount,,sint16,M,R,,,1
Fixed,12084,1,StackWithClosedContactorsCount,,sint16,M,R,,,1
Fixed,12085,1,StackInRotationCount,,sint16,M,R,,,1
Fixed,12086,1,StackOutOfRotationCount,,sint16,M,R,,,1
Fixed,12087,1,ArrayStackCommand,,enum16,M,RW,,,1
Fixed,12088,1,CellTmpMax,,sint16,M,R,Tmp_SF,C,1
Fixed,12089,1,CellTmpMin,,sint16,M,R,Tmp_SF,C,1
Fixed,12090,1,CellTmpAvg,,sint16,M,R,Tmp_SF,C,1
Fixed,12091,1,CellVoltageMax,,sint16,M,R,CellVolt_SF,V,1
Fixed,12092,1,CellVoltageMin,,sint16,M,R,CellVolt_SF,V,1
Fixed,12093,1,CellVoltageAvg,,sint16,M,R,CellVolt_SF,V,1
Fixed,12094,1,StackVoltageMax,,sint16,M,R,Volt_SF,V,1
Fixed,12095,1,StackVoltageMin,,sint16,M,R,Volt_SF,V,1
Fixed,12096,1,StackVoltageAvg,,sint16,M,R,Volt_SF,V,1
Fixed,12097,1,DcBusVoltageMax,,sint16,M,R,Volt_SF,V,1
Fixed,12098,1,DcBusVoltageMin,,sint16,M,R,Volt_SF,V,1
Fixed,12099,1,DcBusVoltageAvg,,sint16,M,R,Volt_SF,V,1
Fixed,12100,1,ChargeThroughputWh,,uint16,M,R,MWHEnergy_SF,Wh,1
Fixed,12101,1,DischargeThroughputWh,,uint16,M,R,MWHEnergy_SF,Wh,1
Fixed,12102,1,Reserved20,,uint16,O,R,,,1
Fixed,12103,1,Reserved21,,uint16,O,R,,,1
Fixed,12104,1,Reserved22,,uint16,O,R,,,1
Fixed,12105,1,Reserved23,,uint16,O,R,,,1
Fixed,12106,1,Reserved24,,uint16,O,R,,,1
Fixed,12107,1,Reserved25,,uint16,O,R,,,1
Fixed,12108,1,MWHEnergy_SF,,scalefactor,M,R,,,1
Fixed,12109,1,Volt_SF,,scalefactor,M,R,,,1
Fixed,12110,1,CellVolt_SF,,scalefactor,M,R,,,1
Fixed,12111,1,Tmp_SF,,scalefactor,M,R,,,1
Repeating,12112,1,StackIndex[1],,sint16,M,R,,,1
Repeating,12113,1,StackState[1],,enum16,M,R,,,1
Repeating,12114,1,StackCommand[1],,enum16,M,RW,,,1
Repeating,12115,1,StackIndex[2],,sint16,M,R,,,1
Repeating,12116,1,StackState[2],,enum16,M,R,,,1
Repeating,12117,1,StackCommand[2],,enum16,M,RW,,,1
Repeating,12118,1,StackIndex[3],,sint16,M,R,,,1
Repeating,12119,1,StackState[3],,enum16,M,R,,,1
Repeating,12120,1,StackCommand[3],,enum16,M,RW,,,1
Repeating,12121,1,StackIndex[4],,sint16,M,R,,,1
Repeating,12122,1,StackState[4],,enum16,M,R,,,1
Repeating,12123,1,StackCommand[4],,enum16,M,RW,,,1
Repeating,12124,1,StackIndex[5],,sint16,M,R,,,1
Repeating,12125,1,StackState[5],,enum16,M,R,,,1
Repeating,12126,1,StackCommand[5],,enum16,M,RW,,,1
Repeating,12127,1,StackIndex[6],,sint16,M,R,,,1
Repeating,12128,1,StackState[6],,enum16,M,R,,,1
Repeating,12129,1,StackCommand[6],,enum16,M,RW,,,1
Repeating,12130,1,StackIndex[7],,sint16,M,R,,,1
Repeating,12131,1,StackState[7],,enum16,M,R,,,1
Repeating,12132,1,StackCommand[7],,enum16,M,RW,,,1
Repeating,12133,1,StackIndex[8],,sint16,M,R,,,1
Repeating,12134,1,StackState[8],,enum16,M,R,,,1
Repeating,12135,1,StackCommand[8],,enum16,M,RW,,,1
Repeating,12136,1,StackIndex[9],,sint16,M,R,,,1
Repeating,12137,1,StackState[9],,enum16,M,R,,,1
Repeating,12138,1,StackCommand[9],,enum16,M,RW,,,1
Repeating,12139,1,StackIndex[10],,sint16,M,R,,,1
Repeating,12140,1,StackState[10],,enum16,M,R,,,1
Repeating,12141,1,StackCommand[10],,enum16,M,RW,,,1
Repeating,12142,1,StackIndex[11],,sint16,M,R,,,1
Repeating,12143,1,StackState[11],,enum16,M,R,,,1
Repeating,12144,1,StackCommand[11],,enum16,M,RW,,,1
Repeating,12145,1,StackIndex[12],,sint16,M,R,,,1
Repeating,12146,1,StackState[12],,enum16,M,R,,,1
Repeating,12147,1,StackCommand[12],,enum16,M,RW,,,1
Repeating,12148,1,StackIndex[13],,sint16,M,R,,,1
Repeating,12149,1,StackState[13],,enum16,M,R,,,1
Repeating,12150,1,StackCommand[13],,enum16,M,RW,,,1
Repeating,12151,1,StackIndex[14],,sint16,M,R,,,1
Repeating,12152,1,StackState[14],,enum16,M,R,,,1
Repeating,12153,1,StackCommand[14],,enum16,M,RW,,,1
Repeating,12154,1,StackIndex[15],,sint16,M,R,,,1
Repeating,12155,1,StackState[15],,enum16,M,R,,,1
Repeating,12156,1,StackCommand[15],,enum16,M,RW,,,1
Repeating,12157,1,StackIndex[16],,sint16,M,R,,,1
Repeating,12158,1,StackState[16],,enum16,M,R,,,1
Repeating,12159,1,StackCommand[16],,enum16,M,RW,,,1
Repeating,12160,1,StackIndex[17],,sint16,M,R,,,1
Repeating,12161,1,StackState[17],,enum16,M,R,,,1
Repeating,12162,1,StackCommand[17],,enum16,M,RW,,,1
Repeating,12163,1,StackIndex[18],,sint16,M,R,,,1
Repeating,12164,1,StackState[18],,enum16,M,R,,,1
Repeating,12165,1,StackCommand[18],,enum16,M,RW,,,1
Repeating,12166,1,StackIndex[19],,sint16,M,R,,,1
Repeating,12167,1,StackState[19],,enum16,M,R,,,1
Repeating,12168,1,StackCommand[19],,enum16,M,RW,,,1
Repeating,12169,1,StackIndex[20],,sint16,M,R,,,1
Repeating,12170,1,StackState[20],,enum16,M,R,,,1
Repeating,12171,1,StackCommand[20],,enum16,M,RW,,,1
Repeating,12172,1,StackIndex[21],,sint16,M,R,,,1
Repeating,12173,1,StackState[21],,enum16,M,R,,,1
Repeating,12174,1,StackCommand[21],,enum16,M,RW,,,1
Repeating,12175,1,StackIndex[22],,sint16,M,R,,,1
Repeating,12176,1,StackState[22],,enum16,M,R,,,1
Repeating,12177,1,StackCommand[22],,enum16,M,RW,,,1
Repeating,12178,1,StackIndex[23],,sint16,M,R,,,1
Repeating,12179,1,StackState[23],,enum16,M,R,,,1
Repeating,12180,1,StackCommand[23],,enum16,M,RW,,,1
Repeating,12181,1,StackIndex[24],,sint16,M,R,,,1
Repeating,12182,1,StackState[24],,enum16,M,R,,,1
Repeating,12183,1,StackCommand[24],,enum16,M,RW,,,1
Repeating,12184,1,StackIndex[25],,sint16,M,R,,,1
Repeating,12185,1,StackState[25],,enum16,M,R,,,1
Repeating,12186,1,StackCommand[25],,enum16,M,RW,,,1
Repeating,12187,1,StackIndex[26],,sint16,M,R,,,1
Repeating,12188,1,StackState[26],,enum16,M,R,,,1
Repeating,12189,1,StackCommand[26],,enum16,M,RW,,,1
Repeating,12190,1,StackIndex[27],,sint16,M,R,,,1
Repeating,12191,1,StackState[27],,enum16,M,R,,,1
Repeating,12192,1,StackCommand[27],,enum16,M,RW,,,1
Repeating,12193,1,StackIndex[28],,sint16,M,R,,,1
Repeating,12194,1,StackState[28],,enum16,M,R,,,1
Repeating,12195,1,StackCommand[28],,enum16,M,RW,,,1
Repeating,12196,1,StackIndex[29],,sint16,M,R,,,1
Repeating,12197,1,StackState[29],,enum16,M,R,,,1
Repeating,12198,1,StackCommand[29],,enum16,M,RW,,,1
Repeating,12199,1,StackIndex[30],,sint16,M,R,,,1
Repeating,12200,1,StackState[30],,enum16,M,R,,,1
Repeating,12201,1,StackCommand[30],,enum16,M,RW,,,1
Repeating,12202,1,StackIndex[31],,sint16,M,R,,,1
Repeating,12203,1,StackState[31],,enum16,M,R,,,1
Repeating,12204,1,StackCommand[31],,enum16,M,RW,,,1
Repeating,12205,1,StackIndex[32],,sint16,M,R,,,1
Repeating,12206,1,StackState[32],,enum16,M,R,,,1
Repeating,12207,1,StackCommand[32],,enum16,M,RW,,,1
Repeating,12208,1,StackIndex[33],,sint16,M,R,,,1
Repeating,12209,1,StackState[33],,enum16,M,R,,,1
Repeating,12210,1,StackCommand[33],,enum16,M,RW,,,1
Repeating,12211,1,StackIndex[34],,sint16,M,R,,,1
Repeating,12212,1,StackState[34],,enum16,M,R,,,1
Repeating,12213,1,StackCommand[34],,enum16,M,RW,,,1
Repeating,12214,1,StackIndex[35],,sint16,M,R,,,1
Repeating,12215,1,StackState[35],,enum16,M,R,,,1
Repeating,12216,1,StackCommand[35],,enum16,M,RW,,,1
Repeating,12217,1,StackIndex[36],,sint16,M,R,,,1
Repeating,12218,1,StackState[36],,enum16,M,R,,,1
Repeating,12219,1,StackCommand[36],,enum16,M,RW,,,1
Repeating,12220,1,StackIndex[37],,sint16,M,R,,,1
Repeating,12221,1,StackState[37],,enum16,M,R,,,1
Repeating,12222,1,StackCommand[37],,enum16,M,RW,,,1
Repeating,12223,1,StackIndex[38],,sint16,M,R,,,1
Repeating,12224,1,StackState[38],,enum16,M,R,,,1
Repeating,12225,1,StackCommand[38],,enum16,M,RW,,,1
Repeating,12226,1,StackIndex[39],,sint16,M,R,,,1
Repeating,12227,1,StackState[39],,enum16,M,R,,,1
Repeating,12228,1,StackCommand[39],,enum16,M,RW,,,1
Repeating,12229,1,StackIndex[40],,sint16,M,R,,,1
Repeating,12230,1,StackState[40],,enum16,M,R,,,1
Repeating,12231,1,StackCommand[40],,enum16,M,RW,,,1
Header,12232,1,"ID ""PowinArrayExtensionReport""",65126,uint16,M,R,,,1
Header,12233,1,Length,150,uint16,M,R,,,1
Fixed,12234,1,StackCount,,sint16,M,R,,,1
Fixed,12235,1,StackWithOpenContactorsCount,,sint16,M,R,,,1
Fixed,12236,1,StackWithClosedContactorsCount,,sint16,M,R,,,1
Fixed,12237,1,StackInRotationCount,,sint16,M,R,,,1
Fixed,12238,1,StackOutOfRotationCount,,sint16,M,R,,,1
Fixed,12239,1,ArrayStackCommand,,enum16,M,RW,,,1
Fixed,12240,1,CellTmpMax,,sint16,M,R,Tmp_SF,C,1
Fixed,12241,1,CellTmpMin,,sint16,M,R,Tmp_SF,C,1
Fixed,12242,1,CellTmpAvg,,sint16,M,R,Tmp_SF,C,1
Fixed,12243,1,CellVoltageMax,,sint16,M,R,CellVolt_SF,V,1
Fixed,12244,1,CellVoltageMin,,sint16,M,R,CellVolt_SF,V,1
Fixed,12245,1,CellVoltageAvg,,sint16,M,R,CellVolt_SF,V,1
Fixed,12246,1,StackVoltageMax,,sint16,M,R,Volt_SF,V,1
Fixed,12247,1,StackVoltageMin,,sint16,M,R,Volt_SF,V,1
Fixed,12248,1,StackVoltageAvg,,sint16,M,R,Volt_SF,V,1
Fixed,12249,1,DcBusVoltageMax,,sint16,M,R,Volt_SF,V,1
Fixed,12250,1,DcBusVoltageMin,,sint16,M,R,Volt_SF,V,1
Fixed,12251,1,DcBusVoltageAvg,,sint16,M,R,Volt_SF,V,1
Fixed,12252,1,ChargeThroughputWh,,uint16,M,R,MWHEnergy_SF,Wh,1
Fixed,12253,1,DischargeThroughputWh,,uint16,M,R,MWHEnergy_SF,Wh,1
Fixed,12254,1,Reserved20,,uint16,O,R,,,1
Fixed,12255,1,Reserved21,,uint16,O,R,,,1
Fixed,12256,1,Reserved22,,uint16,O,R,,,1
Fixed,12257,1,Reserved23,,uint16,O,R,,,1
Fixed,12258,1,Reserved24,,uint16,O,R,,,1
Fixed,12259,1,Reserved25,,uint16,O,R,,,1
Fixed,12260,1,MWHEnergy_SF,,scalefactor,M,R,,,1
Fixed,12261,1,Volt_SF,,scalefactor,M,R,,,1
Fixed,12262,1,CellVolt_SF,,scalefactor,M,R,,,1
Fixed,12263,1,Tmp_SF,,scalefactor,M,R,,,1
Repeating,12264,1,StackIndex[1],,sint16,M,R,,,1
Repeating,12265,1,StackState[1],,enum16,M,R,,,1
Repeating,12266,1,StackCommand[1],,enum16,M,RW,,,1
Repeating,12267,1,StackIndex[2],,sint16,M,R,,,1
Repeating,12268,1,StackState[2],,enum16,M,R,,,1
Repeating,12269,1,StackCommand[2],,enum16,M,RW,,,1
Repeating,12270,1,StackIndex[3],,sint16,M,R,,,1
Repeating,12271,1,StackState[3],,enum16,M,R,,,1
Repeating,12272,1,StackCommand[3],,enum16,M,RW,,,1
Repeating,12273,1,StackIndex[4],,sint16,M,R,,,1
Repeating,12274,1,StackState[4],,enum16,M,R,,,1
Repeating,12275,1,StackCommand[4],,enum16,M,RW,,,1
Repeating,12276,1,StackIndex[5],,sint16,M,R,,,1
Repeating,12277,1,StackState[5],,enum16,M,R,,,1
Repeating,12278,1,StackCommand[5],,enum16,M,RW,,,1
Repeating,12279,1,StackIndex[6],,sint16,M,R,,,1
Repeating,12280,1,StackState[6],,enum16,M,R,,,1
Repeating,12281,1,StackCommand[6],,enum16,M,RW,,,1
Repeating,12282,1,StackIndex[7],,sint16,M,R,,,1
Repeating,12283,1,StackState[7],,enum16,M,R,,,1
Repeating,12284,1,StackCommand[7],,enum16,M,RW,,,1
Repeating,12285,1,StackIndex[8],,sint16,M,R,,,1
Repeating,12286,1,StackState[8],,enum16,M,R,,,1
Repeating,12287,1,StackCommand[8],,enum16,M,RW,,,1
Repeating,12288,1,StackIndex[9],,sint16,M,R,,,1
Repeating,12289,1,StackState[9],,enum16,M,R,,,1
Repeating,12290,1,StackCommand[9],,enum16,M,RW,,,1
Repeating,12291,1,StackIndex[10],,sint16,M,R,,,1
Repeating,12292,1,StackState[10],,enum16,M,R,,,1
Repeating,12293,1,StackCommand[10],,enum16,M,RW,,,1
Repeating,12294,1,StackIndex[11],,sint16,M,R,,,1
Repeating,12295,1,StackState[11],,enum16,M,R,,,1
Repeating,12296,1,StackCommand[11],,enum16,M,RW,,,1
Repeating,12297,1,StackIndex[12],,sint16,M,R,,,1
Repeating,12298,1,StackState[12],,enum16,M,R,,,1
Repeating,12299,1,StackCommand[12],,enum16,M,RW,,,1
Repeating,12300,1,StackIndex[13],,sint16,M,R,,,1
Repeating,12301,1,StackState[13],,enum16,M,R,,,1
Repeating,12302,1,StackCommand[13],,enum16,M,RW,,,1
Repeating,12303,1,StackIndex[14],,sint16,M,R,,,1
Repeating,12304,1,StackState[14],,enum16,M,R,,,1
Repeating,12305,1,StackCommand[14],,enum16,M,RW,,,1
Repeating,12306,1,StackIndex[15],,sint16,M,R,,,1
Repeating,12307,1,StackState[15],,enum16,M,R,,,1
Repeating,12308,1,StackCommand[15],,enum16,M,RW,,,1
Repeating,12309,1,StackIndex[16],,sint16,M,R,,,1
Repeating,12310,1,StackState[16],,enum16,M,R,,,1
Repeating,12311,1,StackCommand[16],,enum16,M,RW,,,1
Repeating,12312,1,StackIndex[17],,sint16,M,R,,,1
Repeating,12313,1,StackState[17],,enum16,M,R,,,1
Repeating,12314,1,StackCommand[17],,enum16,M,RW,,,1
Repeating,12315,1,StackIndex[18],,sint16,M,R,,,1
Repeating,12316,1,StackState[18],,enum16,M,R,,,1
Repeating,12317,1,StackCommand[18],,enum16,M,RW,,,1
Repeating,12318,1,StackIndex[19],,sint16,M,R,,,1
Repeating,12319,1,StackState[19],,enum16,M,R,,,1
Repeating,12320,1,StackCommand[19],,enum16,M,RW,,,1
Repeating,12321,1,StackIndex[20],,sint16,M,R,,,1
Repeating,12322,1,StackState[20],,enum16,M,R,,,1
Repeating,12323,1,StackCommand[20],,enum16,M,RW,,,1
Repeating,12324,1,StackIndex[21],,sint16,M,R,,,1
Repeating,12325,1,StackState[21],,enum16,M,R,,,1
Repeating,12326,1,StackCommand[21],,enum16,M,RW,,,1
Repeating,12327,1,StackIndex[22],,sint16,M,R,,,1
Repeating,12328,1,StackState[22],,enum16,M,R,,,1
Repeating,12329,1,StackCommand[22],,enum16,M,RW,,,1
Repeating,12330,1,StackIndex[23],,sint16,M,R,,,1
Repeating,12331,1,StackState[23],,enum16,M,R,,,1
Repeating,12332,1,StackCommand[23],,enum16,M,RW,,,1
Repeating,12333,1,StackIndex[24],,sint16,M,R,,,1
Repeating,12334,1,StackState[24],,enum16,M,R,,,1
Repeating,12335,1,StackCommand[24],,enum16,M,RW,,,1
Repeating,12336,1,StackIndex[25],,sint16,M,R,,,1
Repeating,12337,1,StackState[25],,enum16,M,R,,,1
Repeating,12338,1,StackCommand[25],,enum16,M,RW,,,1
Repeating,12339,1,StackIndex[26],,sint16,M,R,,,1
Repeating,12340,1,StackState[26],,enum16,M,R,,,1
Repeating,12341,1,StackCommand[26],,enum16,M,RW,,,1
Repeating,12342,1,StackIndex[27],,sint16,M,R,,,1
Repeating,12343,1,StackState[27],,enum16,M,R,,,1
Repeating,12344,1,StackCommand[27],,enum16,M,RW,,,1
Repeating,12345,1,StackIndex[28],,sint16,M,R,,,1
Repeating,12346,1,StackState[28],,enum16,M,R,,,1
Repeating,12347,1,StackCommand[28],,enum16,M,RW,,,1
Repeating,12348,1,StackIndex[29],,sint16,M,R,,,1
Repeating,12349,1,StackState[29],,enum16,M,R,,,1
Repeating,12350,1,StackCommand[29],,enum16,M,RW,,,1
Repeating,12351,1,StackIndex[30],,sint16,M,R,,,1
Repeating,12352,1,StackState[30],,enum16,M,R,,,1
Repeating,12353,1,StackCommand[30],,enum16,M,RW,,,1
Repeating,12354,1,StackIndex[31],,sint16,M,R,,,1
Repeating,12355,1,StackState[31],,enum16,M,R,,,1
Repeating,12356,1,StackCommand[31],,enum16,M,RW,,,1
Repeating,12357,1,StackIndex[32],,sint16,M,R,,,1
Repeating,12358,1,StackState[32],,enum16,M,R,,,1
Repeating,12359,1,StackCommand[32],,enum16,M,RW,,,1
Repeating,12360,1,StackIndex[33],,sint16,M,R,,,1
Repeating,12361,1,StackState[33],,enum16,M,R,,,1
Repeating,12362,1,StackCommand[33],,enum16,M,RW,,,1
Repeating,12363,1,StackIndex[34],,sint16,M,R,,,1
Repeating,12364,1,StackState[34],,enum16,M,R,,,1
Repeating,12365,1,StackCommand[34],,enum16,M,RW,,,1
Repeating,12366,1,StackIndex[35],,sint16,M,R,,,1
Repeating,12367,1,StackState[35],,enum16,M,R,,,1
Repeating,12368,1,StackCommand[35],,enum16,M,RW,,,1
Repeating,12369,1,StackIndex[36],,sint16,M,R,,,1
Repeating,12370,1,StackState[36],,enum16,M,R,,,1
Repeating,12371,1,StackCommand[36],,enum16,M,RW,,,1
Repeating,12372,1,StackIndex[37],,sint16,M,R,,,1
Repeating,12373,1,StackState[37],,enum16,M,R,,,1
Repeating,12374,1,StackCommand[37],,enum16,M,RW,,,1
Repeating,12375,1,StackIndex[38],,sint16,M,R,,,1
Repeating,12376,1,StackState[38],,enum16,M,R,,,1
Repeating,12377,1,StackCommand[38],,enum16,M,RW,,,1
Repeating,12378,1,StackIndex[39],,sint16,M,R,,,1
Repeating,12379,1,StackState[39],,enum16,M,R,,,1
Repeating,12380,1,StackCommand[39],,enum16,M,RW,,,1
Repeating,12381,1,StackIndex[40],,sint16,M,R,,,1
Repeating,12382,1,StackState[40],,enum16,M,R,,,1
Repeating,12383,1,StackCommand[40],,enum16,M,RW,,,1
Header,12384,1,"ID ""PowinArrayExtensionReport""",65126,uint16,M,R,,,1
Header,12385,1,Length,150,uint16,M,R,,,1
Fixed,12386,1,StackCount,,sint16,M,R,,,1
Fixed,12387,1,StackWithOpenContactorsCount,,sint16,M,R,,,1
Fixed,12388,1,StackWithClosedContactorsCount,,sint16,M,R,,,1
Fixed,12389,1,StackInRotationCount,,sint16,M,R,,,1
Fixed,12390,1,StackOutOfRotationCount,,sint16,M,R,,,1
Fixed,12391,1,ArrayStackCommand,,enum16,M,RW,,,1
Fixed,12392,1,CellTmpMax,,sint16,M,R,Tmp_SF,C,1
Fixed,12393,1,CellTmpMin,,sint16,M,R,Tmp_SF,C,1
Fixed,12394,1,CellTmpAvg,,sint16,M,R,Tmp_SF,C,1
Fixed,12395,1,CellVoltageMax,,sint16,M,R,CellVolt_SF,V,1
Fixed,12396,1,CellVoltageMin,,sint16,M,R,CellVolt_SF,V,1
Fixed,12397,1,CellVoltageAvg,,sint16,M,R,CellVolt_SF,V,1
Fixed,12398,1,StackVoltageMax,,sint16,M,R,Volt_SF,V,1
Fixed,12399,1,StackVoltageMin,,sint16,M,R,Volt_SF,V,1
Fixed,12400,1,StackVoltageAvg,,sint16,M,R,Volt_SF,V,1
Fixed,12401,1,DcBusVoltageMax,,sint16,M,R,Volt_SF,V,1
Fixed,12402,1,DcBusVoltageMin,,sint16,M,R,Volt_SF,V,1
Fixed,12403,1,DcBusVoltageAvg,,sint16,M,R,Volt_SF,V,1
Fixed,12404,1,ChargeThroughputWh,,uint16,M,R,MWHEnergy_SF,Wh,1
Fixed,12405,1,DischargeThroughputWh,,uint16,M,R,MWHEnergy_SF,Wh,1
Fixed,12406,1,Reserved20,,uint16,O,R,,,1
Fixed,12407,1,Reserved21,,uint16,O,R,,,1
Fixed,12408,1,Reserved22,,uint16,O,R,,,1
Fixed,12409,1,Reserved23,,uint16,O,R,,,1
Fixed,12410,1,Reserved24,,uint16,O,R,,,1
Fixed,12411,1,Reserved25,,uint16,O,R,,,1
Fixed,12412,1,MWHEnergy_SF,,scalefactor,M,R,,,1
Fixed,12413,1,Volt_SF,,scalefactor,M,R,,,1
Fixed,12414,1,CellVolt_SF,,scalefactor,M,R,,,1
Fixed,12415,1,Tmp_SF,,scalefactor,M,R,,,1
Repeating,12416,1,StackIndex[1],,sint16,M,R,,,1
Repeating,12417,1,StackState[1],,enum16,M,R,,,1
Repeating,12418,1,StackCommand[1],,enum16,M,RW,,,1
Repeating,12419,1,StackIndex[2],,sint16,M,R,,,1
Repeating,12420,1,StackState[2],,enum16,M,R,,,1
Repeating,12421,1,StackCommand[2],,enum16,M,RW,,,1
Repeating,12422,1,StackIndex[3],,sint16,M,R,,,1
Repeating,12423,1,StackState[3],,enum16,M,R,,,1
Repeating,12424,1,StackCommand[3],,enum16,M,RW,,,1
Repeating,12425,1,StackIndex[4],,sint16,M,R,,,1
Repeating,12426,1,StackState[4],,enum16,M,R,,,1
Repeating,12427,1,StackCommand[4],,enum16,M,RW,,,1
Repeating,12428,1,StackIndex[5],,sint16,M,R,,,1
Repeating,12429,1,StackState[5],,enum16,M,R,,,1
Repeating,12430,1,StackCommand[5],,enum16,M,RW,,,1
Repeating,12431,1,StackIndex[6],,sint16,M,R,,,1
Repeating,12432,1,StackState[6],,enum16,M,R,,,1
Repeating,12433,1,StackCommand[6],,enum16,M,RW,,,1
Repeating,12434,1,StackIndex[7],,sint16,M,R,,,1
Repeating,12435,1,StackState[7],,enum16,M,R,,,1
Repeating,12436,1,StackCommand[7],,enum16,M,RW,,,1
Repeating,12437,1,StackIndex[8],,sint16,M,R,,,1
Repeating,12438,1,StackState[8],,enum16,M,R,,,1
Repeating,12439,1,StackCommand[8],,enum16,M,RW,,,1
Repeating,12440,1,StackIndex[9],,sint16,M,R,,,1
Repeating,12441,1,StackState[9],,enum16,M,R,,,1
Repeating,12442,1,StackCommand[9],,enum16,M,RW,,,1
Repeating,12443,1,StackIndex[10],,sint16,M,R,,,1
Repeating,12444,1,StackState[10],,enum16,M,R,,,1
Repeating,12445,1,StackCommand[10],,enum16,M,RW,,,1
Repeating,12446,1,StackIndex[11],,sint16,M,R,,,1
Repeating,12447,1,StackState[11],,enum16,M,R,,,1
Repeating,12448,1,StackCommand[11],,enum16,M,RW,,,1
Repeating,12449,1,StackIndex[12],,sint16,M,R,,,1
Repeating,12450,1,StackState[12],,enum16,M,R,,,1
Repeating,12451,1,StackCommand[12],,enum16,M,RW,,,1
Repeating,12452,1,StackIndex[13],,sint16,M,R,,,1
Repeating,12453,1,StackState[13],,enum16,M,R,,,1
Repeating,12454,1,StackCommand[13],,enum16,M,RW,,,1
Repeating,12455,1,StackIndex[14],,sint16,M,R,,,1
Repeating,12456,1,StackState[14],,enum16,M,R,,,1
Repeating,12457,1,StackCommand[14],,enum16,M,RW,,,1
Repeating,12458,1,StackIndex[15],,sint16,M,R,,,1
Repeating,12459,1,StackState[15],,enum16,M,R,,,1
Repeating,12460,1,StackCommand[15],,enum16,M,RW,,,1
Repeating,12461,1,StackIndex[16],,sint16,M,R,,,1
Repeating,12462,1,StackState[16],,enum16,M,R,,,1
Repeating,12463,1,StackCommand[16],,enum16,M,RW,,,1
Repeating,12464,1,StackIndex[17],,sint16,M,R,,,1
Repeating,12465,1,StackState[17],,enum16,M,R,,,1
Repeating,12466,1,StackCommand[17],,enum16,M,RW,,,1
Repeating,12467,1,StackIndex[18],,sint16,M,R,,,1
Repeating,12468,1,StackState[18],,enum16,M,R,,,1
Repeating,12469,1,StackCommand[18],,enum16,M,RW,,,1
Repeating,12470,1,StackIndex[19],,sint16,M,R,,,1
Repeating,12471,1,StackState[19],,enum16,M,R,,,1
Repeating,12472,1,StackCommand[19],,enum16,M,RW,,,1
Repeating,12473,1,StackIndex[20],,sint16,M,R,,,1
Repeating,12474,1,StackState[20],,enum16,M,R,,,1
Repeating,12475,1,StackCommand[20],,enum16,M,RW,,,1
Repeating,12476,1,StackIndex[21],,sint16,M,R,,,1
Repeating,12477,1,StackState[21],,enum16,M,R,,,1
Repeating,12478,1,StackCommand[21],,enum16,M,RW,,,1
Repeating,12479,1,StackIndex[22],,sint16,M,R,,,1
Repeating,12480,1,StackState[22],,enum16,M,R,,,1
Repeating,12481,1,StackCommand[22],,enum16,M,RW,,,1
Repeating,12482,1,StackIndex[23],,sint16,M,R,,,1
Repeating,12483,1,StackState[23],,enum16,M,R,,,1
Repeating,12484,1,StackCommand[23],,enum16,M,RW,,,1
Repeating,12485,1,StackIndex[24],,sint16,M,R,,,1
Repeating,12486,1,StackState[24],,enum16,M,R,,,1
Repeating,12487,1,StackCommand[24],,enum16,M,RW,,,1
Repeating,12488,1,StackIndex[25],,sint16,M,R,,,1
Repeating,12489,1,StackState[25],,enum16,M,R,,,1
Repeating,12490,1,StackCommand[25],,enum16,M,RW,,,1
Repeating,12491,1,StackIndex[26],,sint16,M,R,,,1
Repeating,12492,1,StackState[26],,enum16,M,R,,,1
Repeating,12493,1,StackCommand[26],,enum16,M,RW,,,1
Repeating,12494,1,StackIndex[27],,sint16,M,R,,,1
Repeating,12495,1,StackState[27],,enum16,M,R,,,1
Repeating,12496,1,StackCommand[27],,enum16,M,RW,,,1
Repeating,12497,1,StackIndex[28],,sint16,M,R,,,1
Repeating,12498,1,StackState[28],,enum16,M,R,,,1
Repeating,12499,1,StackCommand[28],,enum16,M,RW,,,1
Repeating,12500,1,StackIndex[29],,sint16,M,R,,,1
Repeating,12501,1,StackState[29],,enum16,M,R,,,1
Repeating,12502,1,StackCommand[29],,enum16,M,RW,,,1
Repeating,12503,1,StackIndex[30],,sint16,M,R,,,1
Repeating,12504,1,StackState[30],,enum16,M,R,,,1
Repeating,12505,1,StackCommand[30],,enum16,M,RW,,,1
Repeating,12506,1,StackIndex[31],,sint16,M,R,,,1
Repeating,12507,1,StackState[31],,enum16,M,R,,,1
Repeating,12508,1,StackCommand[31],,enum16,M,RW,,,1
Repeating,12509,1,StackIndex[32],,sint16,M,R,,,1
Repeating,12510,1,StackState[32],,enum16,M,R,,,1
Repeating,12511,1,StackCommand[32],,enum16,M,RW,,,1
Repeating,12512,1,StackIndex[33],,sint16,M,R,,,1
Repeating,12513,1,StackState[33],,enum16,M,R,,,1
Repeating,12514,1,StackCommand[33],,enum16,M,RW,,,1
Repeating,12515,1,StackIndex[34],,sint16,M,R,,,1
Repeating,12516,1,StackState[34],,enum16,M,R,,,1
Repeating,12517,1,StackCommand[34],,enum16,M,RW,,,1
Repeating,12518,1,StackIndex[35],,sint16,M,R,,,1
Repeating,12519,1,StackState[35],,enum16,M,R,,,1
Repeating,12520,1,StackCommand[35],,enum16,M,RW,,,1
Repeating,12521,1,StackIndex[36],,sint16,M,R,,,1
Repeating,12522,1,StackState[36],,enum16,M,R,,,1
Repeating,12523,1,StackCommand[36],,enum16,M,RW,,,1
Repeating,12524,1,StackIndex[37],,sint16,M,R,,,1
Repeating,12525,1,StackState[37],,enum16,M,R,,,1
Repeating,12526,1,StackCommand[37],,enum16,M,RW,,,1
Repeating,12527,1,StackIndex[38],,sint16,M,R,,,1
Repeating,12528,1,StackState[38],,enum16,M,R,,,1
Repeating,12529,1,StackCommand[38],,enum16,M,RW,,,1
Repeating,12530,1,StackIndex[39],,sint16,M,R,,,1
Repeating,12531,1,StackState[39],,enum16,M,R,,,1
Repeating,12532,1,StackCommand[39],,enum16,M,RW,,,1
Repeating,12533,1,StackIndex[40],,sint16,M,R,,,1
Repeating,12534,1,StackState[40],,enum16,M,R,,,1
Repeating,12535,1,StackCommand[40],,enum16,M,RW,,,1
Header,12536,1,"ID ""PowinArrayExtensionReport""",65126,uint16,M,R,,,1
Header,12537,1,Length,150,uint16,M,R,,,1
Fixed,12538,1,StackCount,,sint16,M,R,,,1
Fixed,12539,1,StackWithOpenContactorsCount,,sint16,M,R,,,1
Fixed,12540,1,StackWithClosedContactorsCount,,sint16,M,R,,,1
Fixed,12541,1,StackInRotationCount,,sint16,M,R,,,1
Fixed,12542,1,StackOutOfRotationCount,,sint16,M,R,,,1
Fixed,12543,1,ArrayStackCommand,,enum16,M,RW,,,1
Fixed,12544,1,CellTmpMax,,sint16,M,R,Tmp_SF,C,1
Fixed,12545,1,CellTmpMin,,sint16,M,R,Tmp_SF,C,1
Fixed,12546,1,CellTmpAvg,,sint16,M,R,Tmp_SF,C,1
Fixed,12547,1,CellVoltageMax,,sint16,M,R,CellVolt_SF,V,1
Fixed,12548,1,CellVoltageMin,,sint16,M,R,CellVolt_SF,V,1
Fixed,12549,1,CellVoltageAvg,,sint16,M,R,CellVolt_SF,V,1
Fixed,12550,1,StackVoltageMax,,sint16,M,R,Volt_SF,V,1
Fixed,12551,1,StackVoltageMin,,sint16,M,R,Volt_SF,V,1
Fixed,12552,1,StackVoltageAvg,,sint16,M,R,Volt_SF,V,1
Fixed,12553,1,DcBusVoltageMax,,sint16,M,R,Volt_SF,V,1
Fixed,12554,1,DcBusVoltageMin,,sint16,M,R,Volt_SF,V,1
Fixed,12555,1,DcBusVoltageAvg,,sint16,M,R,Volt_SF,V,1
Fixed,12556,1,ChargeThroughputWh,,uint16,M,R,MWHEnergy_SF,Wh,1
Fixed,12557,1,DischargeThroughputWh,,uint16,M,R,MWHEnergy_SF,Wh,1
Fixed,12558,1,Reserved20,,uint16,O,R,,,1
Fixed,12559,1,Reserved21,,uint16,O,R,,,1
Fixed,12560,1,Reserved22,,uint16,O,R,,,1
Fixed,12561,1,Reserved23,,uint16,O,R,,,1
Fixed,12562,1,Reserved24,,uint16,O,R,,,1
Fixed,12563,1,Reserved25,,uint16,O,R,,,1
Fixed,12564,1,MWHEnergy_SF,,scalefactor,M,R,,,1
Fixed,12565,1,Volt_SF,,scalefactor,M,R,,,1
Fixed,12566,1,CellVolt_SF,,scalefactor,M,R,,,1
Fixed,12567,1,Tmp_SF,,scalefactor,M,R,,,1
Repeating,12568,1,StackIndex[1],,sint16,M,R,,,1
Repeating,12569,1,StackState[1],,enum16,M,R,,,1
Repeating,12570,1,StackCommand[1],,enum16,M,RW,,,1
Repeating,12571,1,StackIndex[2],,sint16,M,R,,,1
Repeating,12572,1,StackState[2],,enum16,M,R,,,1
Repeating,12573,1,StackCommand[2],,enum16,M,RW,,,1
Repeating,12574,1,StackIndex[3],,sint16,M,R,,,1
Repeating,12575,1,StackState[3],,enum16,M,R,,,1
Repeating,12576,1,StackCommand[3],,enum16,M,RW,,,1
Repeating,12577,1,StackIndex[4],,sint16,M,R,,,1
Repeating,12578,1,StackState[4],,enum16,M,R,,,1
Repeating,12579,1,StackCommand[4],,enum16,M,RW,,,1
Repeating,12580,1,StackIndex[5],,sint16,M,R,,,1
Repeating,12581,1,StackState[5],,enum16,M,R,,,1
Repeating,12582,1,StackCommand[5],,enum16,M,RW,,,1
Repeating,12583,1,StackIndex[6],,sint16,M,R,,,1
Repeating,12584,1,StackState[6],,enum16,M,R,,,1
Repeating,12585,1,StackCommand[6],,enum16,M,RW,,,1
Repeating,12586,1,StackIndex[7],,sint16,M,R,,,1
Repeating,12587,1,StackState[7],,enum16,M,R,,,1
Repeating,12588,1,StackCommand[7],,enum16,M,RW,,,1
Repeating,12589,1,StackIndex[8],,sint16,M,R,,,1
Repeating,12590,1,StackState[8],,enum16,M,R,,,1
Repeating,12591,1,StackCommand[8],,enum16,M,RW,,,1
Repeating,12592,1,StackIndex[9],,sint16,M,R,,,1
Repeating,12593,1,StackState[9],,enum16,M,R,,,1
Repeating,12594,1,StackCommand[9],,enum16,M,RW,,,1
Repeating,12595,1,StackIndex[10],,sint16,M,R,,,1
Repeating,12596,1,StackState[10],,enum16,M,R,,,1
Repeating,12597,1,StackCommand[10],,enum16,M,RW,,,1
Repeating,12598,1,StackIndex[11],,sint16,M,R,,,1
Repeating,12599,1,StackState[11],,enum16,M,R,,,1
Repeating,12600,1,StackCommand[11],,enum16,M,RW,,,1
Repeating,12601,1,StackIndex[12],,sint16,M,R,,,1
Repeating,12602,1,StackState[12],,enum16,M,R,,,1
Repeating,12603,1,StackCommand[12],,enum16,M,RW,,,1
Repeating,12604,1,StackIndex[13],,sint16,M,R,,,1
Repeating,12605,1,StackState[13],,enum16,M,R,,,1
Repeating,12606,1,StackCommand[13],,enum16,M,RW,,,1
Repeating,12607,1,StackIndex[14],,sint16,M,R,,,1
Repeating,12608,1,StackState[14],,enum16,M,R,,,1
Repeating,12609,1,StackCommand[14],,enum16,M,RW,,,1
Repeating,12610,1,StackIndex[15],,sint16,M,R,,,1
Repeating,12611,1,StackState[15],,enum16,M,R,,,1
Repeating,12612,1,StackCommand[15],,enum16,M,RW,,,1
Repeating,12613,1,StackIndex[16],,sint16,M,R,,,1
Repeating,12614,1,StackState[16],,enum16,M,R,,,1
Repeating,12615,1,StackCommand[16],,enum16,M,RW,,,1
Repeating,12616,1,StackIndex[17],,sint16,M,R,,,1
Repeating,12617,1,StackState[17],,enum16,M,R,,,1
Repeating,12618,1,StackCommand[17],,enum16,M,RW,,,1
Repeating,12619,1,StackIndex[18],,sint16,M,R,,,1
Repeating,12620,1,StackState[18],,enum16,M,R,,,1
Repeating,12621,1,StackCommand[18],,enum16,M,RW,,,1
Repeating,12622,1,StackIndex[19],,sint16,M,R,,,1
Repeating,12623,1,StackState[19],,enum16,M,R,,,1
Repeating,12624,1,StackCommand[19],,enum16,M,RW,,,1
Repeating,12625,1,StackIndex[20],,sint16,M,R,,,1
Repeating,12626,1,StackState[20],,enum16,M,R,,,1
Repeating,12627,1,StackCommand[20],,enum16,M,RW,,,1
Repeating,12628,1,StackIndex[21],,sint16,M,R,,,1
Repeating,12629,1,StackState[21],,enum16,M,R,,,1
Repeating,12630,1,StackCommand[21],,enum16,M,RW,,,1
Repeating,12631,1,StackIndex[22],,sint16,M,R,,,1
Repeating,12632,1,StackState[22],,enum16,M,R,,,1
Repeating,12633,1,StackCommand[22],,enum16,M,RW,,,1
Repeating,12634,1,StackIndex[23],,sint16,M,R,,,1
Repeating,12635,1,StackState[23],,enum16,M,R,,,1
Repeating,12636,1,StackCommand[23],,enum16,M,RW,,,1
Repeating,12637,1,StackIndex[24],,sint16,M,R,,,1
Repeating,12638,1,StackState[24],,enum16,M,R,,,1
Repeating,12639,1,StackCommand[24],,enum16,M,RW,,,1
Repeating,12640,1,StackIndex[25],,sint16,M,R,,,1
Repeating,12641,1,StackState[25],,enum16,M,R,,,1
Repeating,12642,1,StackCommand[25],,enum16,M,RW,,,1
Repeating,12643,1,StackIndex[26],,sint16,M,R,,,1
Repeating,12644,1,StackState[26],,enum16,M,R,,,1
Repeating,12645,1,StackCommand[26],,enum16,M,RW,,,1
Repeating,12646,1,StackIndex[27],,sint16,M,R,,,1
Repeating,12647,1,StackState[27],,enum16,M,R,,,1
Repeating,12648,1,StackCommand[27],,enum16,M,RW,,,1
Repeating,12649,1,StackIndex[28],,sint16,M,R,,,1
Repeating,12650,1,StackState[28],,enum16,M,R,,,1
Repeating,12651,1,StackCommand[28],,enum16,M,RW,,,1
Repeating,12652,1,StackIndex[29],,sint16,M,R,,,1
Repeating,12653,1,StackState[29],,enum16,M,R,,,1
Repeating,12654,1,StackCommand[29],,enum16,M,RW,,,1
Repeating,12655,1,StackIndex[30],,sint16,M,R,,,1
Repeating,12656,1,StackState[30],,enum16,M,R,,,1
Repeating,12657,1,StackCommand[30],,enum16,M,RW,,,1
Repeating,12658,1,StackIndex[31],,sint16,M,R,,,1
Repeating,12659,1,StackState[31],,enum16,M,R,,,1
Repeating,12660,1,StackCommand[31],,enum16,M,RW,,,1
Repeating,12661,1,StackIndex[32],,sint16,M,R,,,1
Repeating,12662,1,StackState[32],,enum16,M,R,,,1
Repeating,12663,1,StackCommand[32],,enum16,M,RW,,,1
Repeating,12664,1,StackIndex[33],,sint16,M,R,,,1
Repeating,12665,1,StackState[33],,enum16,M,R,,,1
Repeating,12666,1,StackCommand[33],,enum16,M,RW,,,1
Repeating,12667,1,StackIndex[34],,sint16,M,R,,,1
Repeating,12668,1,StackState[34],,enum16,M,R,,,1
Repeating,12669,1,StackCommand[34],,enum16,M,RW,,,1
Repeating,12670,1,StackIndex[35],,sint16,M,R,,,1
Repeating,12671,1,StackState[35],,enum16,M,R,,,1
Repeating,12672,1,StackCommand[35],,enum16,M,RW,,,1
Repeating,12673,1,StackIndex[36],,sint16,M,R,,,1
Repeating,12674,1,StackState[36],,enum16,M,R,,,1
Repeating,12675,1,StackCommand[36],,enum16,M,RW,,,1
Repeating,12676,1,StackIndex[37],,sint16,M,R,,,1
Repeating,12677,1,StackState[37],,enum16,M,R,,,1
Repeating,12678,1,StackCommand[37],,enum16,M,RW,,,1
Repeating,12679,1,StackIndex[38],,sint16,M,R,,,1
Repeating,12680,1,StackState[38],,enum16,M,R,,,1
Repeating,12681,1,StackCommand[38],,enum16,M,RW,,,1
Repeating,12682,1,StackIndex[39],,sint16,M,R,,,1
Repeating,12683,1,StackState[39],,enum16,M,R,,,1
Repeating,12684,1,StackCommand[39],,enum16,M,RW,,,1
Repeating,12685,1,StackIndex[40],,sint16,M,R,,,1
Repeating,12686,1,StackState[40],,enum16,M,R,,,1
Repeating,12687,1,StackCommand[40],,enum16,M,RW,,,1
Header,12688,1,"ID ""PowinArrayExtensionReport""",65126,uint16,M,R,,,1
Header,12689,1,Length,150,uint16,M,R,,,1
Fixed,12690,1,StackCount,,sint16,M,R,,,1
Fixed,12691,1,StackWithOpenContactorsCount,,sint16,M,R,,,1
Fixed,12692,1,StackWithClosedContactorsCount,,sint16,M,R,,,1
Fixed,12693,1,StackInRotationCount,,sint16,M,R,,,1
Fixed,12694,1,StackOutOfRotationCount,,sint16,M,R,,,1
Fixed,12695,1,ArrayStackCommand,,enum16,M,RW,,,1
Fixed,12696,1,CellTmpMax,,sint16,M,R,Tmp_SF,C,1
Fixed,12697,1,CellTmpMin,,sint16,M,R,Tmp_SF,C,1
Fixed,12698,1,CellTmpAvg,,sint16,M,R,Tmp_SF,C,1
Fixed,12699,1,CellVoltageMax,,sint16,M,R,CellVolt_SF,V,1
Fixed,12700,1,CellVoltageMin,,sint16,M,R,CellVolt_SF,V,1
Fixed,12701,1,CellVoltageAvg,,sint16,M,R,CellVolt_SF,V,1
Fixed,12702,1,StackVoltageMax,,sint16,M,R,Volt_SF,V,1
Fixed,12703,1,StackVoltageMin,,sint16,M,R,Volt_SF,V,1
Fixed,12704,1,StackVoltageAvg,,sint16,M,R,Volt_SF,V,1
Fixed,12705,1,DcBusVoltageMax,,sint16,M,R,Volt_SF,V,1
Fixed,12706,1,DcBusVoltageMin,,sint16,M,R,Volt_SF,V,1
Fixed,12707,1,DcBusVoltageAvg,,sint16,M,R,Volt_SF,V,1
Fixed,12708,1,ChargeThroughputWh,,uint16,M,R,MWHEnergy_SF,Wh,1
Fixed,12709,1,DischargeThroughputWh,,uint16,M,R,MWHEnergy_SF,Wh,1
Fixed,12710,1,Reserved20,,uint16,O,R,,,1
Fixed,12711,1,Reserved21,,uint16,O,R,,,1
Fixed,12712,1,Reserved22,,uint16,O,R,,,1
Fixed,12713,1,Reserved23,,uint16,O,R,,,1
Fixed,12714,1,Reserved24,,uint16,O,R,,,1
Fixed,12715,1,Reserved25,,uint16,O,R,,,1
Fixed,12716,1,MWHEnergy_SF,,scalefactor,M,R,,,1
Fixed,12717,1,Volt_SF,,scalefactor,M,R,,,1
Fixed,12718,1,CellVolt_SF,,scalefactor,M,R,,,1
Fixed,12719,1,Tmp_SF,,scalefactor,M,R,,,1
Repeating,12720,1,StackIndex[1],,sint16,M,R,,,1
Repeating,12721,1,StackState[1],,enum16,M,R,,,1
Repeating,12722,1,StackCommand[1],,enum16,M,RW,,,1
Repeating,12723,1,StackIndex[2],,sint16,M,R,,,1
Repeating,12724,1,StackState[2],,enum16,M,R,,,1
Repeating,12725,1,StackCommand[2],,enum16,M,RW,,,1
Repeating,12726,1,StackIndex[3],,sint16,M,R,,,1
Repeating,12727,1,StackState[3],,enum16,M,R,,,1
Repeating,12728,1,StackCommand[3],,enum16,M,RW,,,1
Repeating,12729,1,StackIndex[4],,sint16,M,R,,,1
Repeating,12730,1,StackState[4],,enum16,M,R,,,1
Repeating,12731,1,StackCommand[4],,enum16,M,RW,,,1
Repeating,12732,1,StackIndex[5],,sint16,M,R,,,1
Repeating,12733,1,StackState[5],,enum16,M,R,,,1
Repeating,12734,1,StackCommand[5],,enum16,M,RW,,,1
Repeating,12735,1,StackIndex[6],,sint16,M,R,,,1
Repeating,12736,1,StackState[6],,enum16,M,R,,,1
Repeating,12737,1,StackCommand[6],,enum16,M,RW,,,1
Repeating,12738,1,StackIndex[7],,sint16,M,R,,,1
Repeating,12739,1,StackState[7],,enum16,M,R,,,1
Repeating,12740,1,StackCommand[7],,enum16,M,RW,,,1
Repeating,12741,1,StackIndex[8],,sint16,M,R,,,1
Repeating,12742,1,StackState[8],,enum16,M,R,,,1
Repeating,12743,1,StackCommand[8],,enum16,M,RW,,,1
Repeating,12744,1,StackIndex[9],,sint16,M,R,,,1
Repeating,12745,1,StackState[9],,enum16,M,R,,,1
Repeating,12746,1,StackCommand[9],,enum16,M,RW,,,1
Repeating,12747,1,StackIndex[10],,sint16,M,R,,,1
Repeating,12748,1,StackState[10],,enum16,M,R,,,1
Repeating,12749,1,StackCommand[10],,enum16,M,RW,,,1
Repeating,12750,1,StackIndex[11],,sint16,M,R,,,1
Repeating,12751,1,StackState[11],,enum16,M,R,,,1
Repeating,12752,1,StackCommand[11],,enum16,M,RW,,,1
Repeating,12753,1,StackIndex[12],,sint16,M,R,,,1
Repeating,12754,1,StackState[12],,enum16,M,R,,,1
Repeating,12755,1,StackCommand[12],,enum16,M,RW,,,1
Repeating,12756,1,StackIndex[13],,sint16,M,R,,,1
Repeating,12757,1,StackState[13],,enum16,M,R,,,1
Repeating,12758,1,StackCommand[13],,enum16,M,RW,,,1
Repeating,12759,1,StackIndex[14],,sint16,M,R,,,1
Repeating,12760,1,StackState[14],,enum16,M,R,,,1
Repeating,12761,1,StackCommand[14],,enum16,M,RW,,,1
Repeating,12762,1,StackIndex[15],,sint16,M,R,,,1
Repeating,12763,1,StackState[15],,enum16,M,R,,,1
Repeating,12764,1,StackCommand[15],,enum16,M,RW,,,1
Repeating,12765,1,StackIndex[16],,sint16,M,R,,,1
Repeating,12766,1,StackState[16],,enum16,M,R,,,1
Repeating,12767,1,StackCommand[16],,enum16,M,RW,,,1
Repeating,12768,1,StackIndex[17],,sint16,M,R,,,1
Repeating,12769,1,StackState[17],,enum16,M,R,,,1
Repeating,12770,1,StackCommand[17],,enum16,M,RW,,,1
Repeating,12771,1,StackIndex[18],,sint16,M,R,,,1
Repeating,12772,1,StackState[18],,enum16,M,R,,,1
Repeating,12773,1,StackCommand[18],,enum16,M,RW,,,1
Repeating,12774,1,StackIndex[19],,sint16,M,R,,,1
Repeating,12775,1,StackState[19],,enum16,M,R,,,1
Repeating,12776,1,StackCommand[19],,enum16,M,RW,,,1
Repeating,12777,1,StackIndex[20],,sint16,M,R,,,1
Repeating,12778,1,StackState[20],,enum16,M,R,,,1
Repeating,12779,1,StackCommand[20],,enum16,M,RW,,,1
Repeating,12780,1,StackIndex[21],,sint16,M,R,,,1
Repeating,12781,1,StackState[21],,enum16,M,R,,,1
Repeating,12782,1,StackCommand[21],,enum16,M,RW,,,1
Repeating,12783,1,StackIndex[22],,sint16,M,R,,,1
Repeating,12784,1,StackState[22],,enum16,M,R,,,1
Repeating,12785,1,StackCommand[22],,enum16,M,RW,,,1
Repeating,12786,1,StackIndex[23],,sint16,M,R,,,1
Repeating,12787,1,StackState[23],,enum16,M,R,,,1
Repeating,12788,1,StackCommand[23],,enum16,M,RW,,,1
Repeating,12789,1,StackIndex[24],,sint16,M,R,,,1
Repeating,12790,1,StackState[24],,enum16,M,R,,,1
Repeating,12791,1,StackCommand[24],,enum16,M,RW,,,1
Repeating,12792,1,StackIndex[25],,sint16,M,R,,,1
Repeating,12793,1,StackState[25],,enum16,M,R,,,1
Repeating,12794,1,StackCommand[25],,enum16,M,RW,,,1
Repeating,12795,1,StackIndex[26],,sint16,M,R,,,1
Repeating,12796,1,StackState[26],,enum16,M,R,,,1
Repeating,12797,1,StackCommand[26],,enum16,M,RW,,,1
Repeating,12798,1,StackIndex[27],,sint16,M,R,,,1
Repeating,12799,1,StackState[27],,enum16,M,R,,,1
Repeating,12800,1,StackCommand[27],,enum16,M,RW,,,1
Repeating,12801,1,StackIndex[28],,sint16,M,R,,,1
Repeating,12802,1,StackState[28],,enum16,M,R,,,1
Repeating,12803,1,StackCommand[28],,enum16,M,RW,,,1
Repeating,12804,1,StackIndex[29],,sint16,M,R,,,1
Repeating,12805,1,StackState[29],,enum16,M,R,,,1
Repeating,12806,1,StackCommand[29],,enum16,M,RW,,,1
Repeating,12807,1,StackIndex[30],,sint16,M,R,,,1
Repeating,12808,1,StackState[30],,enum16,M,R,,,1
Repeating,12809,1,StackCommand[30],,enum16,M,RW,,,1
Repeating,12810,1,StackIndex[31],,sint16,M,R,,,1
Repeating,12811,1,StackState[31],,enum16,M,R,,,1
Repeating,12812,1,StackCommand[31],,enum16,M,RW,,,1
Repeating,12813,1,StackIndex[32],,sint16,M,R,,,1
Repeating,12814,1,StackState[32],,enum16,M,R,,,1
Repeating,12815,1,StackCommand[32],,enum16,M,RW,,,1
Repeating,12816,1,StackIndex[33],,sint16,M,R,,,1
Repeating,12817,1,StackState[33],,enum16,M,R,,,1
Repeating,12818,1,StackCommand[33],,enum16,M,RW,,,1
Repeating,12819,1,StackIndex[34],,sint16,M,R,,,1
Repeating,12820,1,StackState[34],,enum16,M,R,,,1
Repeating,12821,1,StackCommand[34],,enum16,M,RW,,,1
Repeating,12822,1,StackIndex[35],,sint16,M,R,,,1
Repeating,12823,1,StackState[35],,enum16,M,R,,,1
Repeating,12824,1,StackCommand[35],,enum16,M,RW,,,1
Repeating,12825,1,StackIndex[36],,sint16,M,R,,,1
Repeating,12826,1,StackState[36],,enum16,M,R,,,1
Repeating,12827,1,StackCommand[36],,enum16,M,RW,,,1
Repeating,12828,1,StackIndex[37],,sint16,M,R,,,1
Repeating,12829,1,StackState[37],,enum16,M,R,,,1
Repeating,12830,1,StackCommand[37],,enum16,M,RW,,,1
Repeating,12831,1,StackIndex[38],,sint16,M,R,,,1
Repeating,12832,1,StackState[38],,enum16,M,R,,,1
Repeating,12833,1,StackCommand[38],,enum16,M,RW,,,1
Repeating,12834,1,StackIndex[39],,sint16,M,R,,,1
Repeating,12835,1,StackState[39],,enum16,M,R,,,1
Repeating,12836,1,StackCommand[39],,enum16,M,RW,,,1
Repeating,12837,1,StackIndex[40],,sint16,M,R,,,1
Repeating,12838,1,StackState[40],,enum16,M,R,,,1
Repeating,12839,1,StackCommand[40],,enum16,M,RW,,,1
Header,12840,1,"ID ""PowinArrayExtensionReport""",65126,uint16,M,R,,,1
Header,12841,1,Length,150,uint16,M,R,,,1
Fixed,12842,1,StackCount,,sint16,M,R,,,1
Fixed,12843,1,StackWithOpenContactorsCount,,sint16,M,R,,,1
Fixed,12844,1,StackWithClosedContactorsCount,,sint16,M,R,,,1
Fixed,12845,1,StackInRotationCount,,sint16,M,R,,,1
Fixed,12846,1,StackOutOfRotationCount,,sint16,M,R,,,1
Fixed,12847,1,ArrayStackCommand,,enum16,M,RW,,,1
Fixed,12848,1,CellTmpMax,,sint16,M,R,Tmp_SF,C,1
Fixed,12849,1,CellTmpMin,,sint16,M,R,Tmp_SF,C,1
Fixed,12850,1,CellTmpAvg,,sint16,M,R,Tmp_SF,C,1
Fixed,12851,1,CellVoltageMax,,sint16,M,R,CellVolt_SF,V,1
Fixed,12852,1,CellVoltageMin,,sint16,M,R,CellVolt_SF,V,1
Fixed,12853,1,CellVoltageAvg,,sint16,M,R,CellVolt_SF,V,1
Fixed,12854,1,StackVoltageMax,,sint16,M,R,Volt_SF,V,1
Fixed,12855,1,StackVoltageMin,,sint16,M,R,Volt_SF,V,1
Fixed,12856,1,StackVoltageAvg,,sint16,M,R,Volt_SF,V,1
Fixed,12857,1,DcBusVoltageMax,,sint16,M,R,Volt_SF,V,1
Fixed,12858,1,DcBusVoltageMin,,sint16,M,R,Volt_SF,V,1
Fixed,12859,1,DcBusVoltageAvg,,sint16,M,R,Volt_SF,V,1
Fixed,12860,1,ChargeThroughputWh,,uint16,M,R,MWHEnergy_SF,Wh,1
Fixed,12861,1,DischargeThroughputWh,,uint16,M,R,MWHEnergy_SF,Wh,1
Fixed,12862,1,Reserved20,,uint16,O,R,,,1
Fixed,12863,1,Reserved21,,uint16,O,R,,,1
Fixed,12864,1,Reserved22,,uint16,O,R,,,1
Fixed,12865,1,Reserved23,,uint16,O,R,,,1
Fixed,12866,1,Reserved24,,uint16,O,R,,,1
Fixed,12867,1,Reserved25,,uint16,O,R,,,1
Fixed,12868,1,MWHEnergy_SF,,scalefactor,M,R,,,1
Fixed,12869,1,Volt_SF,,scalefactor,M,R,,,1
Fixed,12870,1,CellVolt_SF,,scalefactor,M,R,,,1
Fixed,12871,1,Tmp_SF,,scalefactor,M,R,,,1
Repeating,12872,1,StackIndex[1],,sint16,M,R,,,1
Repeating,12873,1,StackState[1],,enum16,M,R,,,1
Repeating,12874,1,StackCommand[1],,enum16,M,RW,,,1
Repeating,12875,1,StackIndex[2],,sint16,M,R,,,1
Repeating,12876,1,StackState[2],,enum16,M,R,,,1
Repeating,12877,1,StackCommand[2],,enum16,M,RW,,,1
Repeating,12878,1,StackIndex[3],,sint16,M,R,,,1
Repeating,12879,1,StackState[3],,enum16,M,R,,,1
Repeating,12880,1,StackCommand[3],,enum16,M,RW,,,1
Repeating,12881,1,StackIndex[4],,sint16,M,R,,,1
Repeating,12882,1,StackState[4],,enum16,M,R,,,1
Repeating,12883,1,StackCommand[4],,enum16,M,RW,,,1
Repeating,12884,1,StackIndex[5],,sint16,M,R,,,1
Repeating,12885,1,StackState[5],,enum16,M,R,,,1
Repeating,12886,1,StackCommand[5],,enum16,M,RW,,,1
Repeating,12887,1,StackIndex[6],,sint16,M,R,,,1
Repeating,12888,1,StackState[6],,enum16,M,R,,,1
Repeating,12889,1,StackCommand[6],,enum16,M,RW,,,1
Repeating,12890,1,StackIndex[7],,sint16,M,R,,,1
Repeating,12891,1,StackState[7],,enum16,M,R,,,1
Repeating,12892,1,StackCommand[7],,enum16,M,RW,,,1
Repeating,12893,1,StackIndex[8],,sint16,M,R,,,1
Repeating,12894,1,StackState[8],,enum16,M,R,,,1
Repeating,12895,1,StackCommand[8],,enum16,M,RW,,,1
Repeating,12896,1,StackIndex[9],,sint16,M,R,,,1
Repeating,12897,1,StackState[9],,enum16,M,R,,,1
Repeating,12898,1,StackCommand[9],,enum16,M,RW,,,1
Repeating,12899,1,StackIndex[10],,sint16,M,R,,,1
Repeating,12900,1,StackState[10],,enum16,M,R,,,1
Repeating,12901,1,StackCommand[10],,enum16,M,RW,,,1
Repeating,12902,1,StackIndex[11],,sint16,M,R,,,1
Repeating,12903,1,StackState[11],,enum16,M,R,,,1
Repeating,12904,1,StackCommand[11],,enum16,M,RW,,,1
Repeating,12905,1,StackIndex[12],,sint16,M,R,,,1
Repeating,12906,1,StackState[12],,enum16,M,R,,,1
Repeating,12907,1,StackCommand[12],,enum16,M,RW,,,1
Repeating,12908,1,StackIndex[13],,sint16,M,R,,,1
Repeating,12909,1,StackState[13],,enum16,M,R,,,1
Repeating,12910,1,StackCommand[13],,enum16,M,RW,,,1
Repeating,12911,1,StackIndex[14],,sint16,M,R,,,1
Repeating,12912,1,StackState[14],,enum16,M,R,,,1
Repeating,12913,1,StackCommand[14],,enum16,M,RW,,,1
Repeating,12914,1,StackIndex[15],,sint16,M,R,,,1
Repeating,12915,1,StackState[15],,enum16,M,R,,,1
Repeating,12916,1,StackCommand[15],,enum16,M,RW,,,1
Repeating,12917,1,StackIndex[16],,sint16,M,R,,,1
Repeating,12918,1,StackState[16],,enum16,M,R,,,1
Repeating,12919,1,StackCommand[16],,enum16,M,RW,,,1
Repeating,12920,1,StackIndex[17],,sint16,M,R,,,1
Repeating,12921,1,StackState[17],,enum16,M,R,,,1
Repeating,12922,1,StackCommand[17],,enum16,M,RW,,,1
Repeating,12923,1,StackIndex[18],,sint16,M,R,,,1
Repeating,12924,1,StackState[18],,enum16,M,R,,,1
Repeating,12925,1,StackCommand[18],,enum16,M,RW,,,1
Repeating,12926,1,StackIndex[19],,sint16,M,R,,,1
Repeating,12927,1,StackState[19],,enum16,M,R,,,1
Repeating,12928,1,StackCommand[19],,enum16,M,RW,,,1
Repeating,12929,1,StackIndex[20],,sint16,M,R,,,1
Repeating,12930,1,StackState[20],,enum16,M,R,,,1
Repeating,12931,1,StackCommand[20],,enum16,M,RW,,,1
Repeating,12932,1,StackIndex[21],,sint16,M,R,,,1
Repeating,12933,1,StackState[21],,enum16,M,R,,,1
Repeating,12934,1,StackCommand[21],,enum16,M,RW,,,1
Repeating,12935,1,StackIndex[22],,sint16,M,R,,,1
Repeating,12936,1,StackState[22],,enum16,M,R,,,1
Repeating,12937,1,StackCommand[22],,enum16,M,RW,,,1
Repeating,12938,1,StackIndex[23],,sint16,M,R,,,1
Repeating,12939,1,StackState[23],,enum16,M,R,,,1
Repeating,12940,1,StackCommand[23],,enum16,M,RW,,,1
Repeating,12941,1,StackIndex[24],,sint16,M,R,,,1
Repeating,12942,1,StackState[24],,enum16,M,R,,,1
Repeating,12943,1,StackCommand[24],,enum16,M,RW,,,1
Repeating,12944,1,StackIndex[25],,sint16,M,R,,,1
Repeating,12945,1,StackState[25],,enum16,M,R,,,1
Repeating,12946,1,StackCommand[25],,enum16,M,RW,,,1
Repeating,12947,1,StackIndex[26],,sint16,M,R,,,1
Repeating,12948,1,StackState[26],,enum16,M,R,,,1
Repeating,12949,1,StackCommand[26],,enum16,M,RW,,,1
Repeating,12950,1,StackIndex[27],,sint16,M,R,,,1
Repeating,12951,1,StackState[27],,enum16,M,R,,,1
Repeating,12952,1,StackCommand[27],,enum16,M,RW,,,1
Repeating,12953,1,StackIndex[28],,sint16,M,R,,,1
Repeating,12954,1,StackState[28],,enum16,M,R,,,1
Repeating,12955,1,StackCommand[28],,enum16,M,RW,,,1
Repeating,12956,1,StackIndex[29],,sint16,M,R,,,1
Repeating,12957,1,StackState[29],,enum16,M,R,,,1
Repeating,12958,1,StackCommand[29],,enum16,M,RW,,,1
Repeating,12959,1,StackIndex[30],,sint16,M,R,,,1
Repeating,12960,1,StackState[30],,enum16,M,R,,,1
Repeating,12961,1,StackCommand[30],,enum16,M,RW,,,1
Repeating,12962,1,StackIndex[31],,sint16,M,R,,,1
Repeating,12963,1,StackState[31],,enum16,M,R,,,1
Repeating,12964,1,StackCommand[31],,enum16,M,RW,,,1
Repeating,12965,1,StackIndex[32],,sint16,M,R,,,1
Repeating,12966,1,StackState[32],,enum16,M,R,,,1
Repeating,12967,1,StackCommand[32],,enum16,M,RW,,,1
Repeating,12968,1,StackIndex[33],,sint16,M,R,,,1
Repeating,12969,1,StackState[33],,enum16,M,R,,,1
Repeating,12970,1,StackCommand[33],,enum16,M,RW,,,1
Repeating,12971,1,StackIndex[34],,sint16,M,R,,,1
Repeating,12972,1,StackState[34],,enum16,M,R,,,1
Repeating,12973,1,StackCommand[34],,enum16,M,RW,,,1
Repeating,12974,1,StackIndex[35],,sint16,M,R,,,1
Repeating,12975,1,StackState[35],,enum16,M,R,,,1
Repeating,12976,1,StackCommand[35],,enum16,M,RW,,,1
Repeating,12977,1,StackIndex[36],,sint16,M,R,,,1
Repeating,12978,1,StackState[36],,enum16,M,R,,,1
Repeating,12979,1,StackCommand[36],,enum16,M,RW,,,1
Repeating,12980,1,StackIndex[37],,sint16,M,R,,,1
Repeating,12981,1,StackState[37],,enum16,M,R,,,1
Repeating,12982,1,StackCommand[37],,enum16,M,RW,,,1
Repeating,12983,1,StackIndex[38],,sint16,M,R,,,1
Repeating,12984,1,StackState[38],,enum16,M,R,,,1
Repeating,12985,1,StackCommand[38],,enum16,M,RW,,,1
Repeating,12986,1,StackIndex[39],,sint16,M,R,,,1
Repeating,12987,1,StackState[39],,enum16,M,R,,,1
Repeating,12988,1,StackCommand[39],,enum16,M,RW,,,1
Repeating,12989,1,StackIndex[40],,sint16,M,R,,,1
Repeating,12990,1,StackState[40],,enum16,M,R,,,1
Repeating,12991,1,StackCommand[40],,enum16,M,RW,,,1
Header,12992,1,"ID ""PowinArrayExtensionReport""",65126,uint16,M,R,,,1
Header,12993,1,Length,150,uint16,M,R,,,1
Fixed,12994,1,StackCount,,sint16,M,R,,,1
Fixed,12995,1,StackWithOpenContactorsCount,,sint16,M,R,,,1
Fixed,12996,1,StackWithClosedContactorsCount,,sint16,M,R,,,1
Fixed,12997,1,StackInRotationCount,,sint16,M,R,,,1
Fixed,12998,1,StackOutOfRotationCount,,sint16,M,R,,,1
Fixed,12999,1,ArrayStackCommand,,enum16,M,RW,,,1
Fixed,13000,1,CellTmpMax,,sint16,M,R,Tmp_SF,C,1
Fixed,13001,1,CellTmpMin,,sint16,M,R,Tmp_SF,C,1
Fixed,13002,1,CellTmpAvg,,sint16,M,R,Tmp_SF,C,1
Fixed,13003,1,CellVoltageMax,,sint16,M,R,CellVolt_SF,V,1
Fixed,13004,1,CellVoltageMin,,sint16,M,R,CellVolt_SF,V,1
Fixed,13005,1,CellVoltageAvg,,sint16,M,R,CellVolt_SF,V,1
Fixed,13006,1,StackVoltageMax,,sint16,M,R,Volt_SF,V,1
Fixed,13007,1,StackVoltageMin,,sint16,M,R,Volt_SF,V,1
Fixed,13008,1,StackVoltageAvg,,sint16,M,R,Volt_SF,V,1
Fixed,13009,1,DcBusVoltageMax,,sint16,M,R,Volt_SF,V,1
Fixed,13010,1,DcBusVoltageMin,,sint16,M,R,Volt_SF,V,1
Fixed,13011,1,DcBusVoltageAvg,,sint16,M,R,Volt_SF,V,1
Fixed,13012,1,ChargeThroughputWh,,uint16,M,R,MWHEnergy_SF,Wh,1
Fixed,13013,1,DischargeThroughputWh,,uint16,M,R,MWHEnergy_SF,Wh,1
Fixed,13014,1,Reserved20,,uint16,O,R,,,1
Fixed,13015,1,Reserved21,,uint16,O,R,,,1
Fixed,13016,1,Reserved22,,uint16,O,R,,,1
Fixed,13017,1,Reserved23,,uint16,O,R,,,1
Fixed,13018,1,Reserved24,,uint16,O,R,,,1
Fixed,13019,1,Reserved25,,uint16,O,R,,,1
Fixed,13020,1,MWHEnergy_SF,,scalefactor,M,R,,,1
Fixed,13021,1,Volt_SF,,scalefactor,M,R,,,1
Fixed,13022,1,CellVolt_SF,,scalefactor,M,R,,,1
Fixed,13023,1,Tmp_SF,,scalefactor,M,R,,,1
Repeating,13024,1,StackIndex[1],,sint16,M,R,,,1
Repeating,13025,1,StackState[1],,enum16,M,R,,,1
Repeating,13026,1,StackCommand[1],,enum16,M,RW,,,1
Repeating,13027,1,StackIndex[2],,sint16,M,R,,,1
Repeating,13028,1,StackState[2],,enum16,M,R,,,1
Repeating,13029,1,StackCommand[2],,enum16,M,RW,,,1
Repeating,13030,1,StackIndex[3],,sint16,M,R,,,1
Repeating,13031,1,StackState[3],,enum16,M,R,,,1
Repeating,13032,1,StackCommand[3],,enum16,M,RW,,,1
Repeating,13033,1,StackIndex[4],,sint16,M,R,,,1
Repeating,13034,1,StackState[4],,enum16,M,R,,,1
Repeating,13035,1,StackCommand[4],,enum16,M,RW,,,1
Repeating,13036,1,StackIndex[5],,sint16,M,R,,,1
Repeating,13037,1,StackState[5],,enum16,M,R,,,1
Repeating,13038,1,StackCommand[5],,enum16,M,RW,,,1
Repeating,13039,1,StackIndex[6],,sint16,M,R,,,1
Repeating,13040,1,StackState[6],,enum16,M,R,,,1
Repeating,13041,1,StackCommand[6],,enum16,M,RW,,,1
Repeating,13042,1,StackIndex[7],,sint16,M,R,,,1
Repeating,13043,1,StackState[7],,enum16,M,R,,,1
Repeating,13044,1,StackCommand[7],,enum16,M,RW,,,1
Repeating,13045,1,StackIndex[8],,sint16,M,R,,,1
Repeating,13046,1,StackState[8],,enum16,M,R,,,1
Repeating,13047,1,StackCommand[8],,enum16,M,RW,,,1
Repeating,13048,1,StackIndex[9],,sint16,M,R,,,1
Repeating,13049,1,StackState[9],,enum16,M,R,,,1
Repeating,13050,1,StackCommand[9],,enum16,M,RW,,,1
Repeating,13051,1,StackIndex[10],,sint16,M,R,,,1
Repeating,13052,1,StackState[10],,enum16,M,R,,,1
Repeating,13053,1,StackCommand[10],,enum16,M,RW,,,1
Repeating,13054,1,StackIndex[11],,sint16,M,R,,,1
Repeating,13055,1,StackState[11],,enum16,M,R,,,1
Repeating,13056,1,StackCommand[11],,enum16,M,RW,,,1
Repeating,13057,1,StackIndex[12],,sint16,M,R,,,1
Repeating,13058,1,StackState[12],,enum16,M,R,,,1
Repeating,13059,1,StackCommand[12],,enum16,M,RW,,,1
Repeating,13060,1,StackIndex[13],,sint16,M,R,,,1
Repeating,13061,1,StackState[13],,enum16,M,R,,,1
Repeating,13062,1,StackCommand[13],,enum16,M,RW,,,1
Repeating,13063,1,StackIndex[14],,sint16,M,R,,,1
Repeating,13064,1,StackState[14],,enum16,M,R,,,1
Repeating,13065,1,StackCommand[14],,enum16,M,RW,,,1
Repeating,13066,1,StackIndex[15],,sint16,M,R,,,1
Repeating,13067,1,StackState[15],,enum16,M,R,,,1
Repeating,13068,1,StackCommand[15],,enum16,M,RW,,,1
Repeating,13069,1,StackIndex[16],,sint16,M,R,,,1
Repeating,13070,1,StackState[16],,enum16,M,R,,,1
Repeating,13071,1,StackCommand[16],,enum16,M,RW,,,1
Repeating,13072,1,StackIndex[17],,sint16,M,R,,,1
Repeating,13073,1,StackState[17],,enum16,M,R,,,1
Repeating,13074,1,StackCommand[17],,enum16,M,RW,,,1
Repeating,13075,1,StackIndex[18],,sint16,M,R,,,1
Repeating,13076,1,StackState[18],,enum16,M,R,,,1
Repeating,13077,1,StackCommand[18],,enum16,M,RW,,,1
Repeating,13078,1,StackIndex[19],,sint16,M,R,,,1
Repeating,13079,1,StackState[19],,enum16,M,R,,,1
Repeating,13080,1,StackCommand[19],,enum16,M,RW,,,1
Repeating,13081,1,StackIndex[20],,sint16,M,R,,,1
Repeating,13082,1,StackState[20],,enum16,M,R,,,1
Repeating,13083,1,StackCommand[20],,enum16,M,RW,,,1
Repeating,13084,1,StackIndex[21],,sint16,M,R,,,1
Repeating,13085,1,StackState[21],,enum16,M,R,,,1
Repeating,13086,1,StackCommand[21],,enum16,M,RW,,,1
Repeating,13087,1,StackIndex[22],,sint16,M,R,,,1
Repeating,13088,1,StackState[22],,enum16,M,R,,,1
Repeating,13089,1,StackCommand[22],,enum16,M,RW,,,1
Repeating,13090,1,StackIndex[23],,sint16,M,R,,,1
Repeating,13091,1,StackState[23],,enum16,M,R,,,1
Repeating,13092,1,StackCommand[23],,enum16,M,RW,,,1
Repeating,13093,1,StackIndex[24],,sint16,M,R,,,1
Repeating,13094,1,StackState[24],,enum16,M,R,,,1
Repeating,13095,1,StackCommand[24],,enum16,M,RW,,,1
Repeating,13096,1,StackIndex[25],,sint16,M,R,,,1
Repeating,13097,1,StackState[25],,enum16,M,R,,,1
Repeating,13098,1,StackCommand[25],,enum16,M,RW,,,1
Repeating,13099,1,StackIndex[26],,sint16,M,R,,,1
Repeating,13100,1,StackState[26],,enum16,M,R,,,1
Repeating,13101,1,StackCommand[26],,enum16,M,RW,,,1
Repeating,13102,1,StackIndex[27],,sint16,M,R,,,1
Repeating,13103,1,StackState[27],,enum16,M,R,,,1
Repeating,13104,1,StackCommand[27],,enum16,M,RW,,,1
Repeating,13105,1,StackIndex[28],,sint16,M,R,,,1
Repeating,13106,1,StackState[28],,enum16,M,R,,,1
Repeating,13107,1,StackCommand[28],,enum16,M,RW,,,1
Repeating,13108,1,StackIndex[29],,sint16,M,R,,,1
Repeating,13109,1,StackState[29],,enum16,M,R,,,1
Repeating,13110,1,StackCommand[29],,enum16,M,RW,,,1
Repeating,13111,1,StackIndex[30],,sint16,M,R,,,1
Repeating,13112,1,StackState[30],,enum16,M,R,,,1
Repeating,13113,1,StackCommand[30],,enum16,M,RW,,,1
Repeating,13114,1,StackIndex[31],,sint16,M,R,,,1
Repeating,13115,1,StackState[31],,enum16,M,R,,,1
Repeating,13116,1,StackCommand[31],,enum16,M,RW,,,1
Repeating,13117,1,StackIndex[32],,sint16,M,R,,,1
Repeating,13118,1,StackState[32],,enum16,M,R,,,1
Repeating,13119,1,StackCommand[32],,enum16,M,RW,,,1
Repeating,13120,1,StackIndex[33],,sint16,M,R,,,1
Repeating,13121,1,StackState[33],,enum16,M,R,,,1
Repeating,13122,1,StackCommand[33],,enum16,M,RW,,,1
Repeating,13123,1,StackIndex[34],,sint16,M,R,,,1
Repeating,13124,1,StackState[34],,enum16,M,R,,,1
Repeating,13125,1,StackCommand[34],,enum16,M,RW,,,1
Repeating,13126,1,StackIndex[35],,sint16,M,R,,,1
Repeating,13127,1,StackState[35],,enum16,M,R,,,1
Repeating,13128,1,StackCommand[35],,enum16,M,RW,,,1
Repeating,13129,1,StackIndex[36],,sint16,M,R,,,1
Repeating,13130,1,StackState[36],,enum16,M,R,,,1
Repeating,13131,1,StackCommand[36],,enum16,M,RW,,,1
Repeating,13132,1,StackIndex[37],,sint16,M,R,,,1
Repeating,13133,1,StackState[37],,enum16,M,R,,,1
Repeating,13134,1,StackCommand[37],,enum16,M,RW,,,1
Repeating,13135,1,StackIndex[38],,sint16,M,R,,,1
Repeating,13136,1,StackState[38],,enum16,M,R,,,1
Repeating,13137,1,StackCommand[38],,enum16,M,RW,,,1
Repeating,13138,1,StackIndex[39],,sint16,M,R,,,1
Repeating,13139,1,StackState[39],,enum16,M,R,,,1
Repeating,13140,1,StackCommand[39],,enum16,M,RW,,,1
Repeating,13141,1,StackIndex[40],,sint16,M,R,,,1
Repeating,13142,1,StackState[40],,enum16,M,R,,,1
Repeating,13143,1,StackCommand[40],,enum16,M,RW,,,1
Header,13144,1,"ID ""OtherAppsControl""",65127,uint16,M,R,,,1
Header,13145,1,Length,100,uint16,M,R,,,1
Fixed,13146,1,AVRVoltageSetpointPu,,uint16,M,RW,AVR_SF,PU,1
Fixed,13147,1,PVSMode,,enum16,M,RW,,,1
Fixed,13148,1,PVSSetpointKw,,sint16,M,RW,PVS_SF,KW,1
Fixed,13149,1,PVSGridExportMaxKw,,sint16,M,RW,PVS_SF,KW,1
Fixed,13150,1,PVSGridImportMaxKw,,sint16,M,RW,PVS_SF,KW,1
Fixed,13151,1,PVSBatteryDischargeMaxKw,,sint16,M,RW,PVS_SF,KW,1
Fixed,13152,1,PVSBatteryChargeMaxKw,,sint16,M,RW,PVS_SF,KW,1
Fixed,13153,1,ImportLimitkW,,sint16,M,RW,IEM_SF,KW,1
Fixed,13154,1,ChargeCompensationPct,,uint16,M,RW,,%,1
Fixed,13155,1,ExportLimitkW,,sint16,M,RW,IEM_SF,KW,1
Fixed,13156,1,DischargeCompensationPct,,uint16,M,RW,,%,1
Fixed,13157,1,PreferredCurrentChargeDisableEnable,,enum16,M,RW,,,1
Fixed,13158,1,PreferredCurrentDischargeDisableEnable,,enum16,M,RW,,,1
Fixed,13159,1,Reserved13,,uint16,O,R,,,1
Fixed,13160,1,Reserved14,,uint16,O,R,,,1
Fixed,13161,1,Reserved15,,uint16,O,R,,,1
Fixed,13162,1,Reserved16,,uint16,O,R,,,1
Fixed,13163,1,Reserved17,,uint16,O,R,,,1
Fixed,13164,1,Reserved18,,uint16,O,R,,,1
Fixed,13165,1,Reserved19,,uint16,O,R,,,1
Fixed,13166,1,Reserved20,,uint16,O,R,,,1
Fixed,13167,1,Reserved21,,uint16,O,R,,,1
Fixed,13168,1,Reserved22,,uint16,O,R,,,1
Fixed,13169,1,Reserved23,,uint16,O,R,,,1
Fixed,13170,1,Reserved24,,uint16,O,R,,,1
Fixed,13171,1,Reserved25,,uint16,O,R,,,1
Fixed,13172,1,Reserved26,,uint16,O,R,,,1
Fixed,13173,1,Reserved27,,uint16,O,R,,,1
Fixed,13174,1,Reserved28,,uint16,O,R,,,1
Fixed,13175,1,Reserved29,,uint16,O,R,,,1
Fixed,13176,1,Reserved30,,uint16,O,R,,,1
Fixed,13177,1,Reserved31,,uint16,O,R,,,1
Fixed,13178,1,Reserved32,,uint16,O,R,,,1
Fixed,13179,1,Reserved33,,uint16,O,R,,,1
Fixed,13180,1,Reserved34,,uint16,O,R,,,1
Fixed,13181,1,Reserved35,,uint16,O,R,,,1
Fixed,13182,1,Reserved36,,uint16,O,R,,,1
Fixed,13183,1,Reserved37,,uint16,O,R,,,1
Fixed,13184,1,Reserved38,,uint16,O,R,,,1
Fixed,13185,1,Reserved39,,uint16,O,R,,,1
Fixed,13186,1,Reserved40,,uint16,O,R,,,1
Fixed,13187,1,Reserved41,,uint16,O,R,,,1
Fixed,13188,1,Reserved42,,uint16,O,R,,,1
Fixed,13189,1,Reserved43,,uint16,O,R,,,1
Fixed,13190,1,Reserved44,,uint16,O,R,,,1
Fixed,13191,1,Reserved45,,uint16,O,R,,,1
Fixed,13192,1,Reserved46,,uint16,O,R,,,1
Fixed,13193,1,Reserved47,,uint16,O,R,,,1
Fixed,13194,1,Reserved48,,uint16,O,R,,,1
Fixed,13195,1,Reserved49,,uint16,O,R,,,1
Fixed,13196,1,Reserved50,,uint16,O,R,,,1
Fixed,13197,1,Reserved51,,uint16,O,R,,,1
Fixed,13198,1,Reserved52,,uint16,O,R,,,1
Fixed,13199,1,Reserved53,,uint16,O,R,,,1
Fixed,13200,1,Reserved54,,uint16,O,R,,,1
Fixed,13201,1,Reserved55,,uint16,O,R,,,1
Fixed,13202,1,Reserved56,,uint16,O,R,,,1
Fixed,13203,1,Reserved57,,uint16,O,R,,,1
Fixed,13204,1,Reserved58,,uint16,O,R,,,1
Fixed,13205,1,Reserved59,,uint16,O,R,,,1
Fixed,13206,1,Reserved60,,uint16,O,R,,,1
Fixed,13207,1,Reserved61,,uint16,O,R,,,1
Fixed,13208,1,Reserved62,,uint16,O,R,,,1
Fixed,13209,1,Reserved63,,uint16,O,R,,,1
Fixed,13210,1,Reserved64,,uint16,O,R,,,1
Fixed,13211,1,Reserved65,,uint16,O,R,,,1
Fixed,13212,1,Reserved66,,uint16,O,R,,,1
Fixed,13213,1,Reserved67,,uint16,O,R,,,1
Fixed,13214,1,Reserved68,,uint16,O,R,,,1
Fixed,13215,1,Reserved69,,uint16,O,R,,,1
Fixed,13216,1,Reserved70,,uint16,O,R,,,1
Fixed,13217,1,Reserved71,,uint16,O,R,,,1
Fixed,13218,1,Reserved72,,uint16,O,R,,,1
Fixed,13219,1,Reserved73,,uint16,O,R,,,1
Fixed,13220,1,Reserved74,,uint16,O,R,,,1
Fixed,13221,1,Reserved75,,uint16,O,R,,,1
Fixed,13222,1,Reserved76,,uint16,O,R,,,1
Fixed,13223,1,Reserved77,,uint16,O,R,,,1
Fixed,13224,1,Reserved78,,uint16,O,R,,,1
Fixed,13225,1,Reserved79,,uint16,O,R,,,1
Fixed,13226,1,Reserved80,,uint16,O,R,,,1
Fixed,13227,1,Reserved81,,uint16,O,R,,,1
Fixed,13228,1,Reserved82,,uint16,O,R,,,1
Fixed,13229,1,Reserved83,,uint16,O,R,,,1
Fixed,13230,1,Reserved84,,uint16,O,R,,,1
Fixed,13231,1,Reserved85,,uint16,O,R,,,1
Fixed,13232,1,Reserved86,,uint16,O,R,,,1
Fixed,13233,1,Reserved87,,uint16,O,R,,,1
Fixed,13234,1,Reserved88,,uint16,O,R,,,1
Fixed,13235,1,Reserved89,,uint16,O,R,,,1
Fixed,13236,1,Reserved90,,uint16,O,R,,,1
Fixed,13237,1,Reserved91,,uint16,O,R,,,1
Fixed,13238,1,Reserved92,,uint16,O,R,,,1
Fixed,13239,1,Reserved93,,uint16,O,R,,,1
Fixed,13240,1,Reserved94,,uint16,O,R,,,1
Fixed,13241,1,Reserved95,,uint16,O,R,,,1
Fixed,13242,1,Reserved96,,uint16,O,R,,,1
Fixed,13243,1,PVS_SF,,scalefactor,M,R,,,1
Fixed,13244,1,IEM_SF,,scalefactor,M,R,,,1
Fixed,13245,1,AVR_SF,,scalefactor,M,R,,,1
Header,13246,1,"ID ""PowinLineUpEnclosures""",65131,uint16,M,R,,,1
Header,13247,1,Length,564,uint16,M,R,,,1
Fixed,13248,1,LinupIndex,,sint16,M,R,,,1
Fixed,13249,1,SegQty,,sint16,M,R,,,1
Fixed,13250,2,LineupEvt1,,bitfield32,M,R,,,1
Fixed,13252,1,OATmp,,sint16,M,R,Tmp_SF,C,1
Fixed,13253,1,OAHumidity,,sint16,M,R,Humidity_SF,%,1
Fixed,13254,1,StringCount,,sint16,M,R,,,1
Fixed,13255,1,StringWithOpenContactorsCount,,sint16,M,R,,,1
Fixed,13256,1,StringWithClosedContactorsCount,,sint16,M,R,,,1
Fixed,13257,1,StringOutOfRotationCount,,sint16,M,R,,,1
Fixed,13258,1,ActiveLineupStringCommand,,enum16,M,R,,,1
Fixed,13259,1,LineupStringCommand,,enum16,M,RW,,,1
Fixed,13260,1,ReservedRegister14,,scalefactor,O,R,,,1
Fixed,13261,1,ReservedRegister15,,scalefactor,O,R,,,1
Fixed,13262,1,ReservedRegister16,,scalefactor,O,R,,,1
Fixed,13263,1,ReservedRegister17,,scalefactor,O,R,,,1
Fixed,13264,1,ReservedRegister18,,scalefactor,O,R,,,1
Fixed,13265,1,ReservedRegister19,,scalefactor,O,R,,,1
Fixed,13266,1,ReservedRegister20,,scalefactor,O,R,,,1
Fixed,13267,1,ReservedRegister21,,scalefactor,O,R,,,1
Fixed,13268,1,ReservedRegister22,,scalefactor,O,R,,,1
Fixed,13269,1,ReservedRegister23,,scalefactor,O,R,,,1
Fixed,13270,1,ReservedRegister24,,scalefactor,O,R,,,1
Fixed,13271,1,ReservedRegister25,,scalefactor,O,R,,,1
Fixed,13272,1,ReservedRegister26,,scalefactor,O,R,,,1
Fixed,13273,1,ReservedRegister27,,scalefactor,O,R,,,1
Fixed,13274,1,ReservedRegister28,,scalefactor,O,R,,,1
Fixed,13275,1,ReservedRegister29,,scalefactor,O,R,,,1
Fixed,13276,1,ReservedRegister30,,scalefactor,O,R,,,1
Fixed,13277,1,ReservedRegister31,,scalefactor,O,R,,,1
Fixed,13278,1,ReservedRegister32,,scalefactor,O,R,,,1
Fixed,13279,1,ReservedRegister33,,scalefactor,O,R,,,1
Fixed,13280,1,ReservedRegister34,,scalefactor,O,R,,,1
Fixed,13281,1,ReservedRegister35,,scalefactor,O,R,,,1
Fixed,13282,1,HPPM_SF,,scalefactor,M,R,,,1
Fixed,13283,1,Humidity_SF,,scalefactor,M,R,,,1
Fixed,13284,1,Volt_SF,,scalefactor,M,R,,,1
Fixed,13285,1,CellVolt_SF,,scalefactor,M,R,,,1
Fixed,13286,1,Tmp_SF,,scalefactor,M,R,,,1
Repeating,13287,1,SegIndex[1],,sint16,M,R,,,1
Repeating,13288,1,SegType[1],,enum16,M,R,,,1
Repeating,13289,1,ArrayIndex[1],,sint16,M,R,,,1
Repeating,13290,2,SegEvent[1],,bitfield32,M,R,,,1
Repeating,13292,2,SegDeviceCommsLost[1],,bitfield32,M,R,,,1
Repeating,13294,1,SegInternalTmp[1],,sint16,M,R,Tmp_SF,C,1
Repeating,13295,1,SegInternalHumidity[1],,sint16,M,R,Humidity_SF,%,1
Repeating,13296,2,SegHvacState[1],,bitfield32,M,R,,,1
Repeating,13298,1,HydrogenPPM[1],,uint16,M,R,HPPM_SF,PPM,1
Repeating,13299,1,CellTmpMax[1],,sint16,M,R,Tmp_SF,C,1
Repeating,13300,1,CellTmpMin[1],,sint16,M,R,Tmp_SF,C,1
Repeating,13301,1,CellTmpAvg[1],,sint16,M,R,Tmp_SF,C,1
Repeating,13302,1,Reserved15[1],,sint16,O,R,,,1
Repeating,13303,1,Reserved16[1],,sint16,O,R,,,1
Repeating,13304,1,Reserved17[1],,sint16,O,R,,,1
Repeating,13305,1,Reserved18[1],,sint16,O,R,,,1
Repeating,13306,1,Reserved19[1],,sint16,O,R,,,1
Repeating,13307,1,Reserved20[1],,sint16,O,R,,,1
Repeating,13308,1,Reserved21[1],,sint16,O,R,,,1
Repeating,13309,1,Reserved22[1],,sint16,O,R,,,1
Repeating,13310,1,Reserved23[1],,sint16,O,R,,,1
Repeating,13311,1,Reserved24[1],,sint16,O,R,,,1
Repeating,13312,1,SegIndex[2],,sint16,M,R,,,1
Repeating,13313,1,SegType[2],,enum16,M,R,,,1
Repeating,13314,1,ArrayIndex[2],,sint16,M,R,,,1
Repeating,13315,2,SegEvent[2],,bitfield32,M,R,,,1
Repeating,13317,2,SegDeviceCommsLost[2],,bitfield32,M,R,,,1
Repeating,13319,1,SegInternalTmp[2],,sint16,M,R,Tmp_SF,C,1
Repeating,13320,1,SegInternalHumidity[2],,sint16,M,R,Humidity_SF,%,1
Repeating,13321,2,SegHvacState[2],,bitfield32,M,R,,,1
Repeating,13323,1,HydrogenPPM[2],,uint16,M,R,HPPM_SF,PPM,1
Repeating,13324,1,CellTmpMax[2],,sint16,M,R,Tmp_SF,C,1
Repeating,13325,1,CellTmpMin[2],,sint16,M,R,Tmp_SF,C,1
Repeating,13326,1,CellTmpAvg[2],,sint16,M,R,Tmp_SF,C,1
Repeating,13327,1,Reserved15[2],,sint16,O,R,,,1
Repeating,13328,1,Reserved16[2],,sint16,O,R,,,1
Repeating,13329,1,Reserved17[2],,sint16,O,R,,,1
Repeating,13330,1,Reserved18[2],,sint16,O,R,,,1
Repeating,13331,1,Reserved19[2],,sint16,O,R,,,1
Repeating,13332,1,Reserved20[2],,sint16,O,R,,,1
Repeating,13333,1,Reserved21[2],,sint16,O,R,,,1
Repeating,13334,1,Reserved22[2],,sint16,O,R,,,1
Repeating,13335,1,Reserved23[2],,sint16,O,R,,,1
Repeating,13336,1,Reserved24[2],,sint16,O,R,,,1
Repeating,13337,1,SegIndex[3],,sint16,M,R,,,1
Repeating,13338,1,SegType[3],,enum16,M,R,,,1
Repeating,13339,1,ArrayIndex[3],,sint16,M,R,,,1
Repeating,13340,2,SegEvent[3],,bitfield32,M,R,,,1
Repeating,13342,2,SegDeviceCommsLost[3],,bitfield32,M,R,,,1
Repeating,13344,1,SegInternalTmp[3],,sint16,M,R,Tmp_SF,C,1
Repeating,13345,1,SegInternalHumidity[3],,sint16,M,R,Humidity_SF,%,1
Repeating,13346,2,SegHvacState[3],,bitfield32,M,R,,,1
Repeating,13348,1,HydrogenPPM[3],,uint16,M,R,HPPM_SF,PPM,1
Repeating,13349,1,CellTmpMax[3],,sint16,M,R,Tmp_SF,C,1
Repeating,13350,1,CellTmpMin[3],,sint16,M,R,Tmp_SF,C,1
Repeating,13351,1,CellTmpAvg[3],,sint16,M,R,Tmp_SF,C,1
Repeating,13352,1,Reserved15[3],,sint16,O,R,,,1
Repeating,13353,1,Reserved16[3],,sint16,O,R,,,1
Repeating,13354,1,Reserved17[3],,sint16,O,R,,,1
Repeating,13355,1,Reserved18[3],,sint16,O,R,,,1
Repeating,13356,1,Reserved19[3],,sint16,O,R,,,1
Repeating,13357,1,Reserved20[3],,sint16,O,R,,,1
Repeating,13358,1,Reserved21[3],,sint16,O,R,,,1
Repeating,13359,1,Reserved22[3],,sint16,O,R,,,1
Repeating,13360,1,Reserved23[3],,sint16,O,R,,,1
Repeating,13361,1,Reserved24[3],,sint16,O,R,,,1
Repeating,13362,1,SegIndex[4],,sint16,M,R,,,1
Repeating,13363,1,SegType[4],,enum16,M,R,,,1
Repeating,13364,1,ArrayIndex[4],,sint16,M,R,,,1
Repeating,13365,2,SegEvent[4],,bitfield32,M,R,,,1
Repeating,13367,2,SegDeviceCommsLost[4],,bitfield32,M,R,,,1
Repeating,13369,1,SegInternalTmp[4],,sint16,M,R,Tmp_SF,C,1
Repeating,13370,1,SegInternalHumidity[4],,sint16,M,R,Humidity_SF,%,1
Repeating,13371,2,SegHvacState[4],,bitfield32,M,R,,,1
Repeating,13373,1,HydrogenPPM[4],,uint16,M,R,HPPM_SF,PPM,1
Repeating,13374,1,CellTmpMax[4],,sint16,M,R,Tmp_SF,C,1
Repeating,13375,1,CellTmpMin[4],,sint16,M,R,Tmp_SF,C,1
Repeating,13376,1,CellTmpAvg[4],,sint16,M,R,Tmp_SF,C,1
Repeating,13377,1,Reserved15[4],,sint16,O,R,,,1
Repeating,13378,1,Reserved16[4],,sint16,O,R,,,1
Repeating,13379,1,Reserved17[4],,sint16,O,R,,,1
Repeating,13380,1,Reserved18[4],,sint16,O,R,,,1
Repeating,13381,1,Reserved19[4],,sint16,O,R,,,1
Repeating,13382,1,Reserved20[4],,sint16,O,R,,,1
Repeating,13383,1,Reserved21[4],,sint16,O,R,,,1
Repeating,13384,1,Reserved22[4],,sint16,O,R,,,1
Repeating,13385,1,Reserved23[4],,sint16,O,R,,,1
Repeating,13386,1,Reserved24[4],,sint16,O,R,,,1
Repeating,13387,1,SegIndex[5],,sint16,M,R,,,1
Repeating,13388,1,SegType[5],,enum16,M,R,,,1
Repeating,13389,1,ArrayIndex[5],,sint16,M,R,,,1
Repeating,13390,2,SegEvent[5],,bitfield32,M,R,,,1
Repeating,13392,2,SegDeviceCommsLost[5],,bitfield32,M,R,,,1
Repeating,13394,1,SegInternalTmp[5],,sint16,M,R,Tmp_SF,C,1
Repeating,13395,1,SegInternalHumidity[5],,sint16,M,R,Humidity_SF,%,1
Repeating,13396,2,SegHvacState[5],,bitfield32,M,R,,,1
Repeating,13398,1,HydrogenPPM[5],,uint16,M,R,HPPM_SF,PPM,1
Repeating,13399,1,CellTmpMax[5],,sint16,M,R,Tmp_SF,C,1
Repeating,13400,1,CellTmpMin[5],,sint16,M,R,Tmp_SF,C,1
Repeating,13401,1,CellTmpAvg[5],,sint16,M,R,Tmp_SF,C,1
Repeating,13402,1,Reserved15[5],,sint16,O,R,,,1
Repeating,13403,1,Reserved16[5],,sint16,O,R,,,1
Repeating,13404,1,Reserved17[5],,sint16,O,R,,,1
Repeating,13405,1,Reserved18[5],,sint16,O,R,,,1
Repeating,13406,1,Reserved19[5],,sint16,O,R,,,1
Repeating,13407,1,Reserved20[5],,sint16,O,R,,,1
Repeating,13408,1,Reserved21[5],,sint16,O,R,,,1
Repeating,13409,1,Reserved22[5],,sint16,O,R,,,1
Repeating,13410,1,Reserved23[5],,sint16,O,R,,,1
Repeating,13411,1,Reserved24[5],,sint16,O,R,,,1
Repeating,13412,1,SegIndex[6],,sint16,M,R,,,1
Repeating,13413,1,SegType[6],,enum16,M,R,,,1
Repeating,13414,1,ArrayIndex[6],,sint16,M,R,,,1
Repeating,13415,2,SegEvent[6],,bitfield32,M,R,,,1
Repeating,13417,2,SegDeviceCommsLost[6],,bitfield32,M,R,,,1
Repeating,13419,1,SegInternalTmp[6],,sint16,M,R,Tmp_SF,C,1
Repeating,13420,1,SegInternalHumidity[6],,sint16,M,R,Humidity_SF,%,1
Repeating,13421,2,SegHvacState[6],,bitfield32,M,R,,,1
Repeating,13423,1,HydrogenPPM[6],,uint16,M,R,HPPM_SF,PPM,1
Repeating,13424,1,CellTmpMax[6],,sint16,M,R,Tmp_SF,C,1
Repeating,13425,1,CellTmpMin[6],,sint16,M,R,Tmp_SF,C,1
Repeating,13426,1,CellTmpAvg[6],,sint16,M,R,Tmp_SF,C,1
Repeating,13427,1,Reserved15[6],,sint16,O,R,,,1
Repeating,13428,1,Reserved16[6],,sint16,O,R,,,1
Repeating,13429,1,Reserved17[6],,sint16,O,R,,,1
Repeating,13430,1,Reserved18[6],,sint16,O,R,,,1
Repeating,13431,1,Reserved19[6],,sint16,O,R,,,1
Repeating,13432,1,Reserved20[6],,sint16,O,R,,,1
Repeating,13433,1,Reserved21[6],,sint16,O,R,,,1
Repeating,13434,1,Reserved22[6],,sint16,O,R,,,1
Repeating,13435,1,Reserved23[6],,sint16,O,R,,,1
Repeating,13436,1,Reserved24[6],,sint16,O,R,,,1
Repeating,13437,1,SegIndex[7],,sint16,M,R,,,1
Repeating,13438,1,SegType[7],,enum16,M,R,,,1
Repeating,13439,1,ArrayIndex[7],,sint16,M,R,,,1
Repeating,13440,2,SegEvent[7],,bitfield32,M,R,,,1
Repeating,13442,2,SegDeviceCommsLost[7],,bitfield32,M,R,,,1
Repeating,13444,1,SegInternalTmp[7],,sint16,M,R,Tmp_SF,C,1
Repeating,13445,1,SegInternalHumidity[7],,sint16,M,R,Humidity_SF,%,1
Repeating,13446,2,SegHvacState[7],,bitfield32,M,R,,,1
Repeating,13448,1,HydrogenPPM[7],,uint16,M,R,HPPM_SF,PPM,1
Repeating,13449,1,CellTmpMax[7],,sint16,M,R,Tmp_SF,C,1
Repeating,13450,1,CellTmpMin[7],,sint16,M,R,Tmp_SF,C,1
Repeating,13451,1,CellTmpAvg[7],,sint16,M,R,Tmp_SF,C,1
Repeating,13452,1,Reserved15[7],,sint16,O,R,,,1
Repeating,13453,1,Reserved16[7],,sint16,O,R,,,1
Repeating,13454,1,Reserved17[7],,sint16,O,R,,,1
Repeating,13455,1,Reserved18[7],,sint16,O,R,,,1
Repeating,13456,1,Reserved19[7],,sint16,O,R,,,1
Repeating,13457,1,Reserved20[7],,sint16,O,R,,,1
Repeating,13458,1,Reserved21[7],,sint16,O,R,,,1
Repeating,13459,1,Reserved22[7],,sint16,O,R,,,1
Repeating,13460,1,Reserved23[7],,sint16,O,R,,,1
Repeating,13461,1,Reserved24[7],,sint16,O,R,,,1
Repeating,13462,1,SegIndex[8],,sint16,M,R,,,1
Repeating,13463,1,SegType[8],,enum16,M,R,,,1
Repeating,13464,1,ArrayIndex[8],,sint16,M,R,,,1
Repeating,13465,2,SegEvent[8],,bitfield32,M,R,,,1
Repeating,13467,2,SegDeviceCommsLost[8],,bitfield32,M,R,,,1
Repeating,13469,1,SegInternalTmp[8],,sint16,M,R,Tmp_SF,C,1
Repeating,13470,1,SegInternalHumidity[8],,sint16,M,R,Humidity_SF,%,1
Repeating,13471,2,SegHvacState[8],,bitfield32,M,R,,,1
Repeating,13473,1,HydrogenPPM[8],,uint16,M,R,HPPM_SF,PPM,1
Repeating,13474,1,CellTmpMax[8],,sint16,M,R,Tmp_SF,C,1
Repeating,13475,1,CellTmpMin[8],,sint16,M,R,Tmp_SF,C,1
Repeating,13476,1,CellTmpAvg[8],,sint16,M,R,Tmp_SF,C,1
Repeating,13477,1,Reserved15[8],,sint16,O,R,,,1
Repeating,13478,1,Reserved16[8],,sint16,O,R,,,1
Repeating,13479,1,Reserved17[8],,sint16,O,R,,,1
Repeating,13480,1,Reserved18[8],,sint16,O,R,,,1
Repeating,13481,1,Reserved19[8],,sint16,O,R,,,1
Repeating,13482,1,Reserved20[8],,sint16,O,R,,,1
Repeating,13483,1,Reserved21[8],,sint16,O,R,,,1
Repeating,13484,1,Reserved22[8],,sint16,O,R,,,1
Repeating,13485,1,Reserved23[8],,sint16,O,R,,,1
Repeating,13486,1,Reserved24[8],,sint16,O,R,,,1
Repeating,13487,1,SegIndex[9],,sint16,M,R,,,1
Repeating,13488,1,SegType[9],,enum16,M,R,,,1
Repeating,13489,1,ArrayIndex[9],,sint16,M,R,,,1
Repeating,13490,2,SegEvent[9],,bitfield32,M,R,,,1
Repeating,13492,2,SegDeviceCommsLost[9],,bitfield32,M,R,,,1
Repeating,13494,1,SegInternalTmp[9],,sint16,M,R,Tmp_SF,C,1
Repeating,13495,1,SegInternalHumidity[9],,sint16,M,R,Humidity_SF,%,1
Repeating,13496,2,SegHvacState[9],,bitfield32,M,R,,,1
Repeating,13498,1,HydrogenPPM[9],,uint16,M,R,HPPM_SF,PPM,1
Repeating,13499,1,CellTmpMax[9],,sint16,M,R,Tmp_SF,C,1
Repeating,13500,1,CellTmpMin[9],,sint16,M,R,Tmp_SF,C,1
Repeating,13501,1,CellTmpAvg[9],,sint16,M,R,Tmp_SF,C,1
Repeating,13502,1,Reserved15[9],,sint16,O,R,,,1
Repeating,13503,1,Reserved16[9],,sint16,O,R,,,1
Repeating,13504,1,Reserved17[9],,sint16,O,R,,,1
Repeating,13505,1,Reserved18[9],,sint16,O,R,,,1
Repeating,13506,1,Reserved19[9],,sint16,O,R,,,1
Repeating,13507,1,Reserved20[9],,sint16,O,R,,,1
Repeating,13508,1,Reserved21[9],,sint16,O,R,,,1
Repeating,13509,1,Reserved22[9],,sint16,O,R,,,1
Repeating,13510,1,Reserved23[9],,sint16,O,R,,,1
Repeating,13511,1,Reserved24[9],,sint16,O,R,,,1
Repeating,13512,1,SegIndex[10],,sint16,M,R,,,1
Repeating,13513,1,SegType[10],,enum16,M,R,,,1
Repeating,13514,1,ArrayIndex[10],,sint16,M,R,,,1
Repeating,13515,2,SegEvent[10],,bitfield32,M,R,,,1
Repeating,13517,2,SegDeviceCommsLost[10],,bitfield32,M,R,,,1
Repeating,13519,1,SegInternalTmp[10],,sint16,M,R,Tmp_SF,C,1
Repeating,13520,1,SegInternalHumidity[10],,sint16,M,R,Humidity_SF,%,1
Repeating,13521,2,SegHvacState[10],,bitfield32,M,R,,,1
Repeating,13523,1,HydrogenPPM[10],,uint16,M,R,HPPM_SF,PPM,1
Repeating,13524,1,CellTmpMax[10],,sint16,M,R,Tmp_SF,C,1
Repeating,13525,1,CellTmpMin[10],,sint16,M,R,Tmp_SF,C,1
Repeating,13526,1,CellTmpAvg[10],,sint16,M,R,Tmp_SF,C,1
Repeating,13527,1,Reserved15[10],,sint16,O,R,,,1
Repeating,13528,1,Reserved16[10],,sint16,O,R,,,1
Repeating,13529,1,Reserved17[10],,sint16,O,R,,,1
Repeating,13530,1,Reserved18[10],,sint16,O,R,,,1
Repeating,13531,1,Reserved19[10],,sint16,O,R,,,1
Repeating,13532,1,Reserved20[10],,sint16,O,R,,,1
Repeating,13533,1,Reserved21[10],,sint16,O,R,,,1
Repeating,13534,1,Reserved22[10],,sint16,O,R,,,1
Repeating,13535,1,Reserved23[10],,sint16,O,R,,,1
Repeating,13536,1,Reserved24[10],,sint16,O,R,,,1
Repeating,13537,1,SegIndex[11],,sint16,M,R,,,1
Repeating,13538,1,SegType[11],,enum16,M,R,,,1
Repeating,13539,1,ArrayIndex[11],,sint16,M,R,,,1
Repeating,13540,2,SegEvent[11],,bitfield32,M,R,,,1
Repeating,13542,2,SegDeviceCommsLost[11],,bitfield32,M,R,,,1
Repeating,13544,1,SegInternalTmp[11],,sint16,M,R,Tmp_SF,C,1
Repeating,13545,1,SegInternalHumidity[11],,sint16,M,R,Humidity_SF,%,1
Repeating,13546,2,SegHvacState[11],,bitfield32,M,R,,,1
Repeating,13548,1,HydrogenPPM[11],,uint16,M,R,HPPM_SF,PPM,1
Repeating,13549,1,CellTmpMax[11],,sint16,M,R,Tmp_SF,C,1
Repeating,13550,1,CellTmpMin[11],,sint16,M,R,Tmp_SF,C,1
Repeating,13551,1,CellTmpAvg[11],,sint16,M,R,Tmp_SF,C,1
Repeating,13552,1,Reserved15[11],,sint16,O,R,,,1
Repeating,13553,1,Reserved16[11],,sint16,O,R,,,1
Repeating,13554,1,Reserved17[11],,sint16,O,R,,,1
Repeating,13555,1,Reserved18[11],,sint16,O,R,,,1
Repeating,13556,1,Reserved19[11],,sint16,O,R,,,1
Repeating,13557,1,Reserved20[11],,sint16,O,R,,,1
Repeating,13558,1,Reserved21[11],,sint16,O,R,,,1
Repeating,13559,1,Reserved22[11],,sint16,O,R,,,1
Repeating,13560,1,Reserved23[11],,sint16,O,R,,,1
Repeating,13561,1,Reserved24[11],,sint16,O,R,,,1
Repeating,13562,1,SegIndex[12],,sint16,M,R,,,1
Repeating,13563,1,SegType[12],,enum16,M,R,,,1
Repeating,13564,1,ArrayIndex[12],,sint16,M,R,,,1
Repeating,13565,2,SegEvent[12],,bitfield32,M,R,,,1
Repeating,13567,2,SegDeviceCommsLost[12],,bitfield32,M,R,,,1
Repeating,13569,1,SegInternalTmp[12],,sint16,M,R,Tmp_SF,C,1
Repeating,13570,1,SegInternalHumidity[12],,sint16,M,R,Humidity_SF,%,1
Repeating,13571,2,SegHvacState[12],,bitfield32,M,R,,,1
Repeating,13573,1,HydrogenPPM[12],,uint16,M,R,HPPM_SF,PPM,1
Repeating,13574,1,CellTmpMax[12],,sint16,M,R,Tmp_SF,C,1
Repeating,13575,1,CellTmpMin[12],,sint16,M,R,Tmp_SF,C,1
Repeating,13576,1,CellTmpAvg[12],,sint16,M,R,Tmp_SF,C,1
Repeating,13577,1,Reserved15[12],,sint16,O,R,,,1
Repeating,13578,1,Reserved16[12],,sint16,O,R,,,1
Repeating,13579,1,Reserved17[12],,sint16,O,R,,,1
Repeating,13580,1,Reserved18[12],,sint16,O,R,,,1
Repeating,13581,1,Reserved19[12],,sint16,O,R,,,1
Repeating,13582,1,Reserved20[12],,sint16,O,R,,,1
Repeating,13583,1,Reserved21[12],,sint16,O,R,,,1
Repeating,13584,1,Reserved22[12],,sint16,O,R,,,1
Repeating,13585,1,Reserved23[12],,sint16,O,R,,,1
Repeating,13586,1,Reserved24[12],,sint16,O,R,,,1
Repeating,13587,1,SegIndex[13],,sint16,M,R,,,1
Repeating,13588,1,SegType[13],,enum16,M,R,,,1
Repeating,13589,1,ArrayIndex[13],,sint16,M,R,,,1
Repeating,13590,2,SegEvent[13],,bitfield32,M,R,,,1
Repeating,13592,2,SegDeviceCommsLost[13],,bitfield32,M,R,,,1
Repeating,13594,1,SegInternalTmp[13],,sint16,M,R,Tmp_SF,C,1
Repeating,13595,1,SegInternalHumidity[13],,sint16,M,R,Humidity_SF,%,1
Repeating,13596,2,SegHvacState[13],,bitfield32,M,R,,,1
Repeating,13598,1,HydrogenPPM[13],,uint16,M,R,HPPM_SF,PPM,1
Repeating,13599,1,CellTmpMax[13],,sint16,M,R,Tmp_SF,C,1
Repeating,13600,1,CellTmpMin[13],,sint16,M,R,Tmp_SF,C,1
Repeating,13601,1,CellTmpAvg[13],,sint16,M,R,Tmp_SF,C,1
Repeating,13602,1,Reserved15[13],,sint16,O,R,,,1
Repeating,13603,1,Reserved16[13],,sint16,O,R,,,1
Repeating,13604,1,Reserved17[13],,sint16,O,R,,,1
Repeating,13605,1,Reserved18[13],,sint16,O,R,,,1
Repeating,13606,1,Reserved19[13],,sint16,O,R,,,1
Repeating,13607,1,Reserved20[13],,sint16,O,R,,,1
Repeating,13608,1,Reserved21[13],,sint16,O,R,,,1
Repeating,13609,1,Reserved22[13],,sint16,O,R,,,1
Repeating,13610,1,Reserved23[13],,sint16,O,R,,,1
Repeating,13611,1,Reserved24[13],,sint16,O,R,,,1
Repeating,13612,1,SegIndex[14],,sint16,M,R,,,1
Repeating,13613,1,SegType[14],,enum16,M,R,,,1
Repeating,13614,1,ArrayIndex[14],,sint16,M,R,,,1
Repeating,13615,2,SegEvent[14],,bitfield32,M,R,,,1
Repeating,13617,2,SegDeviceCommsLost[14],,bitfield32,M,R,,,1
Repeating,13619,1,SegInternalTmp[14],,sint16,M,R,Tmp_SF,C,1
Repeating,13620,1,SegInternalHumidity[14],,sint16,M,R,Humidity_SF,%,1
Repeating,13621,2,SegHvacState[14],,bitfield32,M,R,,,1
Repeating,13623,1,HydrogenPPM[14],,uint16,M,R,HPPM_SF,PPM,1
Repeating,13624,1,CellTmpMax[14],,sint16,M,R,Tmp_SF,C,1
Repeating,13625,1,CellTmpMin[14],,sint16,M,R,Tmp_SF,C,1
Repeating,13626,1,CellTmpAvg[14],,sint16,M,R,Tmp_SF,C,1
Repeating,13627,1,Reserved15[14],,sint16,O,R,,,1
Repeating,13628,1,Reserved16[14],,sint16,O,R,,,1
Repeating,13629,1,Reserved17[14],,sint16,O,R,,,1
Repeating,13630,1,Reserved18[14],,sint16,O,R,,,1
Repeating,13631,1,Reserved19[14],,sint16,O,R,,,1
Repeating,13632,1,Reserved20[14],,sint16,O,R,,,1
Repeating,13633,1,Reserved21[14],,sint16,O,R,,,1
Repeating,13634,1,Reserved22[14],,sint16,O,R,,,1
Repeating,13635,1,Reserved23[14],,sint16,O,R,,,1
Repeating,13636,1,Reserved24[14],,sint16,O,R,,,1
Repeating,13637,1,SegIndex[15],,sint16,M,R,,,1
Repeating,13638,1,SegType[15],,enum16,M,R,,,1
Repeating,13639,1,ArrayIndex[15],,sint16,M,R,,,1
Repeating,13640,2,SegEvent[15],,bitfield32,M,R,,,1
Repeating,13642,2,SegDeviceCommsLost[15],,bitfield32,M,R,,,1
Repeating,13644,1,SegInternalTmp[15],,sint16,M,R,Tmp_SF,C,1
Repeating,13645,1,SegInternalHumidity[15],,sint16,M,R,Humidity_SF,%,1
Repeating,13646,2,SegHvacState[15],,bitfield32,M,R,,,1
Repeating,13648,1,HydrogenPPM[15],,uint16,M,R,HPPM_SF,PPM,1
Repeating,13649,1,CellTmpMax[15],,sint16,M,R,Tmp_SF,C,1
Repeating,13650,1,CellTmpMin[15],,sint16,M,R,Tmp_SF,C,1
Repeating,13651,1,CellTmpAvg[15],,sint16,M,R,Tmp_SF,C,1
Repeating,13652,1,Reserved15[15],,sint16,O,R,,,1
Repeating,13653,1,Reserved16[15],,sint16,O,R,,,1
Repeating,13654,1,Reserved17[15],,sint16,O,R,,,1
Repeating,13655,1,Reserved18[15],,sint16,O,R,,,1
Repeating,13656,1,Reserved19[15],,sint16,O,R,,,1
Repeating,13657,1,Reserved20[15],,sint16,O,R,,,1
Repeating,13658,1,Reserved21[15],,sint16,O,R,,,1
Repeating,13659,1,Reserved22[15],,sint16,O,R,,,1
Repeating,13660,1,Reserved23[15],,sint16,O,R,,,1
Repeating,13661,1,Reserved24[15],,sint16,O,R,,,1
Repeating,13662,1,SegIndex[16],,sint16,M,R,,,1
Repeating,13663,1,SegType[16],,enum16,M,R,,,1
Repeating,13664,1,ArrayIndex[16],,sint16,M,R,,,1
Repeating,13665,2,SegEvent[16],,bitfield32,M,R,,,1
Repeating,13667,2,SegDeviceCommsLost[16],,bitfield32,M,R,,,1
Repeating,13669,1,SegInternalTmp[16],,sint16,M,R,Tmp_SF,C,1
Repeating,13670,1,SegInternalHumidity[16],,sint16,M,R,Humidity_SF,%,1
Repeating,13671,2,SegHvacState[16],,bitfield32,M,R,,,1
Repeating,13673,1,HydrogenPPM[16],,uint16,M,R,HPPM_SF,PPM,1
Repeating,13674,1,CellTmpMax[16],,sint16,M,R,Tmp_SF,C,1
Repeating,13675,1,CellTmpMin[16],,sint16,M,R,Tmp_SF,C,1
Repeating,13676,1,CellTmpAvg[16],,sint16,M,R,Tmp_SF,C,1
Repeating,13677,1,Reserved15[16],,sint16,O,R,,,1
Repeating,13678,1,Reserved16[16],,sint16,O,R,,,1
Repeating,13679,1,Reserved17[16],,sint16,O,R,,,1
Repeating,13680,1,Reserved18[16],,sint16,O,R,,,1
Repeating,13681,1,Reserved19[16],,sint16,O,R,,,1
Repeating,13682,1,Reserved20[16],,sint16,O,R,,,1
Repeating,13683,1,Reserved21[16],,sint16,O,R,,,1
Repeating,13684,1,Reserved22[16],,sint16,O,R,,,1
Repeating,13685,1,Reserved23[16],,sint16,O,R,,,1
Repeating,13686,1,Reserved24[16],,sint16,O,R,,,1
Repeating,13687,1,SegIndex[17],,sint16,M,R,,,1
Repeating,13688,1,SegType[17],,enum16,M,R,,,1
Repeating,13689,1,ArrayIndex[17],,sint16,M,R,,,1
Repeating,13690,2,SegEvent[17],,bitfield32,M,R,,,1
Repeating,13692,2,SegDeviceCommsLost[17],,bitfield32,M,R,,,1
Repeating,13694,1,SegInternalTmp[17],,sint16,M,R,Tmp_SF,C,1
Repeating,13695,1,SegInternalHumidity[17],,sint16,M,R,Humidity_SF,%,1
Repeating,13696,2,SegHvacState[17],,bitfield32,M,R,,,1
Repeating,13698,1,HydrogenPPM[17],,uint16,M,R,HPPM_SF,PPM,1
Repeating,13699,1,CellTmpMax[17],,sint16,M,R,Tmp_SF,C,1
Repeating,13700,1,CellTmpMin[17],,sint16,M,R,Tmp_SF,C,1
Repeating,13701,1,CellTmpAvg[17],,sint16,M,R,Tmp_SF,C,1
Repeating,13702,1,Reserved15[17],,sint16,O,R,,,1
Repeating,13703,1,Reserved16[17],,sint16,O,R,,,1
Repeating,13704,1,Reserved17[17],,sint16,O,R,,,1
Repeating,13705,1,Reserved18[17],,sint16,O,R,,,1
Repeating,13706,1,Reserved19[17],,sint16,O,R,,,1
Repeating,13707,1,Reserved20[17],,sint16,O,R,,,1
Repeating,13708,1,Reserved21[17],,sint16,O,R,,,1
Repeating,13709,1,Reserved22[17],,sint16,O,R,,,1
Repeating,13710,1,Reserved23[17],,sint16,O,R,,,1
Repeating,13711,1,Reserved24[17],,sint16,O,R,,,1
Repeating,13712,1,SegIndex[18],,sint16,M,R,,,1
Repeating,13713,1,SegType[18],,enum16,M,R,,,1
Repeating,13714,1,ArrayIndex[18],,sint16,M,R,,,1
Repeating,13715,2,SegEvent[18],,bitfield32,M,R,,,1
Repeating,13717,2,SegDeviceCommsLost[18],,bitfield32,M,R,,,1
Repeating,13719,1,SegInternalTmp[18],,sint16,M,R,Tmp_SF,C,1
Repeating,13720,1,SegInternalHumidity[18],,sint16,M,R,Humidity_SF,%,1
Repeating,13721,2,SegHvacState[18],,bitfield32,M,R,,,1
Repeating,13723,1,HydrogenPPM[18],,uint16,M,R,HPPM_SF,PPM,1
Repeating,13724,1,CellTmpMax[18],,sint16,M,R,Tmp_SF,C,1
Repeating,13725,1,CellTmpMin[18],,sint16,M,R,Tmp_SF,C,1
Repeating,13726,1,CellTmpAvg[18],,sint16,M,R,Tmp_SF,C,1
Repeating,13727,1,Reserved15[18],,sint16,O,R,,,1
Repeating,13728,1,Reserved16[18],,sint16,O,R,,,1
Repeating,13729,1,Reserved17[18],,sint16,O,R,,,1
Repeating,13730,1,Reserved18[18],,sint16,O,R,,,1
Repeating,13731,1,Reserved19[18],,sint16,O,R,,,1
Repeating,13732,1,Reserved20[18],,sint16,O,R,,,1
Repeating,13733,1,Reserved21[18],,sint16,O,R,,,1
Repeating,13734,1,Reserved22[18],,sint16,O,R,,,1
Repeating,13735,1,Reserved23[18],,sint16,O,R,,,1
Repeating,13736,1,Reserved24[18],,sint16,O,R,,,1
Repeating,13737,1,SegIndex[19],,sint16,M,R,,,1
Repeating,13738,1,SegType[19],,enum16,M,R,,,1
Repeating,13739,1,ArrayIndex[19],,sint16,M,R,,,1
Repeating,13740,2,SegEvent[19],,bitfield32,M,R,,,1
Repeating,13742,2,SegDeviceCommsLost[19],,bitfield32,M,R,,,1
Repeating,13744,1,SegInternalTmp[19],,sint16,M,R,Tmp_SF,C,1
Repeating,13745,1,SegInternalHumidity[19],,sint16,M,R,Humidity_SF,%,1
Repeating,13746,2,SegHvacState[19],,bitfield32,M,R,,,1
Repeating,13748,1,HydrogenPPM[19],,uint16,M,R,HPPM_SF,PPM,1
Repeating,13749,1,CellTmpMax[19],,sint16,M,R,Tmp_SF,C,1
Repeating,13750,1,CellTmpMin[19],,sint16,M,R,Tmp_SF,C,1
Repeating,13751,1,CellTmpAvg[19],,sint16,M,R,Tmp_SF,C,1
Repeating,13752,1,Reserved15[19],,sint16,O,R,,,1
Repeating,13753,1,Reserved16[19],,sint16,O,R,,,1
Repeating,13754,1,Reserved17[19],,sint16,O,R,,,1
Repeating,13755,1,Reserved18[19],,sint16,O,R,,,1
Repeating,13756,1,Reserved19[19],,sint16,O,R,,,1
Repeating,13757,1,Reserved20[19],,sint16,O,R,,,1
Repeating,13758,1,Reserved21[19],,sint16,O,R,,,1
Repeating,13759,1,Reserved22[19],,sint16,O,R,,,1
Repeating,13760,1,Reserved23[19],,sint16,O,R,,,1
Repeating,13761,1,Reserved24[19],,sint16,O,R,,,1
Repeating,13762,1,SegIndex[20],,sint16,M,R,,,1
Repeating,13763,1,SegType[20],,enum16,M,R,,,1
Repeating,13764,1,ArrayIndex[20],,sint16,M,R,,,1
Repeating,13765,2,SegEvent[20],,bitfield32,M,R,,,1
Repeating,13767,2,SegDeviceCommsLost[20],,bitfield32,M,R,,,1
Repeating,13769,1,SegInternalTmp[20],,sint16,M,R,Tmp_SF,C,1
Repeating,13770,1,SegInternalHumidity[20],,sint16,M,R,Humidity_SF,%,1
Repeating,13771,2,SegHvacState[20],,bitfield32,M,R,,,1
Repeating,13773,1,HydrogenPPM[20],,uint16,M,R,HPPM_SF,PPM,1
Repeating,13774,1,CellTmpMax[20],,sint16,M,R,Tmp_SF,C,1
Repeating,13775,1,CellTmpMin[20],,sint16,M,R,Tmp_SF,C,1
Repeating,13776,1,CellTmpAvg[20],,sint16,M,R,Tmp_SF,C,1
Repeating,13777,1,Reserved15[20],,sint16,O,R,,,1
Repeating,13778,1,Reserved16[20],,sint16,O,R,,,1
Repeating,13779,1,Reserved17[20],,sint16,O,R,,,1
Repeating,13780,1,Reserved18[20],,sint16,O,R,,,1
Repeating,13781,1,Reserved19[20],,sint16,O,R,,,1
Repeating,13782,1,Reserved20[20],,sint16,O,R,,,1
Repeating,13783,1,Reserved21[20],,sint16,O,R,,,1
Repeating,13784,1,Reserved22[20],,sint16,O,R,,,1
Repeating,13785,1,Reserved23[20],,sint16,O,R,,,1
Repeating,13786,1,Reserved24[20],,sint16,O,R,,,1
Repeating,13787,1,SegIndex[21],,sint16,M,R,,,1
Repeating,13788,1,SegType[21],,enum16,M,R,,,1
Repeating,13789,1,ArrayIndex[21],,sint16,M,R,,,1
Repeating,13790,2,SegEvent[21],,bitfield32,M,R,,,1
Repeating,13792,2,SegDeviceCommsLost[21],,bitfield32,M,R,,,1
Repeating,13794,1,SegInternalTmp[21],,sint16,M,R,Tmp_SF,C,1
Repeating,13795,1,SegInternalHumidity[21],,sint16,M,R,Humidity_SF,%,1
Repeating,13796,2,SegHvacState[21],,bitfield32,M,R,,,1
Repeating,13798,1,HydrogenPPM[21],,uint16,M,R,HPPM_SF,PPM,1
Repeating,13799,1,CellTmpMax[21],,sint16,M,R,Tmp_SF,C,1
Repeating,13800,1,CellTmpMin[21],,sint16,M,R,Tmp_SF,C,1
Repeating,13801,1,CellTmpAvg[21],,sint16,M,R,Tmp_SF,C,1
Repeating,13802,1,Reserved15[21],,sint16,O,R,,,1
Repeating,13803,1,Reserved16[21],,sint16,O,R,,,1
Repeating,13804,1,Reserved17[21],,sint16,O,R,,,1
Repeating,13805,1,Reserved18[21],,sint16,O,R,,,1
Repeating,13806,1,Reserved19[21],,sint16,O,R,,,1
Repeating,13807,1,Reserved20[21],,sint16,O,R,,,1
Repeating,13808,1,Reserved21[21],,sint16,O,R,,,1
Repeating,13809,1,Reserved22[21],,sint16,O,R,,,1
Repeating,13810,1,Reserved23[21],,sint16,O,R,,,1
Repeating,13811,1,Reserved24[21],,sint16,O,R,,,1
Header,13812,1,"ID ""PowinLineUpEnclosures""",65131,uint16,M,R,,,1
Header,13813,1,Length,564,uint16,M,R,,,1
Fixed,13814,1,LinupIndex,,sint16,M,R,,,1
Fixed,13815,1,SegQty,,sint16,M,R,,,1
Fixed,13816,2,LineupEvt1,,bitfield32,M,R,,,1
Fixed,13818,1,OATmp,,sint16,M,R,Tmp_SF,C,1
Fixed,13819,1,OAHumidity,,sint16,M,R,Humidity_SF,%,1
Fixed,13820,1,StringCount,,sint16,M,R,,,1
Fixed,13821,1,StringWithOpenContactorsCount,,sint16,M,R,,,1
Fixed,13822,1,StringWithClosedContactorsCount,,sint16,M,R,,,1
Fixed,13823,1,StringOutOfRotationCount,,sint16,M,R,,,1
Fixed,13824,1,ActiveLineupStringCommand,,enum16,M,R,,,1
Fixed,13825,1,LineupStringCommand,,enum16,M,RW,,,1
Fixed,13826,1,ReservedRegister14,,scalefactor,O,R,,,1
Fixed,13827,1,ReservedRegister15,,scalefactor,O,R,,,1
Fixed,13828,1,ReservedRegister16,,scalefactor,O,R,,,1
Fixed,13829,1,ReservedRegister17,,scalefactor,O,R,,,1
Fixed,13830,1,ReservedRegister18,,scalefactor,O,R,,,1
Fixed,13831,1,ReservedRegister19,,scalefactor,O,R,,,1
Fixed,13832,1,ReservedRegister20,,scalefactor,O,R,,,1
Fixed,13833,1,ReservedRegister21,,scalefactor,O,R,,,1
Fixed,13834,1,ReservedRegister22,,scalefactor,O,R,,,1
Fixed,13835,1,ReservedRegister23,,scalefactor,O,R,,,1
Fixed,13836,1,ReservedRegister24,,scalefactor,O,R,,,1
Fixed,13837,1,ReservedRegister25,,scalefactor,O,R,,,1
Fixed,13838,1,ReservedRegister26,,scalefactor,O,R,,,1
Fixed,13839,1,ReservedRegister27,,scalefactor,O,R,,,1
Fixed,13840,1,ReservedRegister28,,scalefactor,O,R,,,1
Fixed,13841,1,ReservedRegister29,,scalefactor,O,R,,,1
Fixed,13842,1,ReservedRegister30,,scalefactor,O,R,,,1
Fixed,13843,1,ReservedRegister31,,scalefactor,O,R,,,1
Fixed,13844,1,ReservedRegister32,,scalefactor,O,R,,,1
Fixed,13845,1,ReservedRegister33,,scalefactor,O,R,,,1
Fixed,13846,1,ReservedRegister34,,scalefactor,O,R,,,1
Fixed,13847,1,ReservedRegister35,,scalefactor,O,R,,,1
Fixed,13848,1,HPPM_SF,,scalefactor,M,R,,,1
Fixed,13849,1,Humidity_SF,,scalefactor,M,R,,,1
Fixed,13850,1,Volt_SF,,scalefactor,M,R,,,1
Fixed,13851,1,CellVolt_SF,,scalefactor,M,R,,,1
Fixed,13852,1,Tmp_SF,,scalefactor,M,R,,,1
Repeating,13853,1,SegIndex[1],,sint16,M,R,,,1
Repeating,13854,1,SegType[1],,enum16,M,R,,,1
Repeating,13855,1,ArrayIndex[1],,sint16,M,R,,,1
Repeating,13856,2,SegEvent[1],,bitfield32,M,R,,,1
Repeating,13858,2,SegDeviceCommsLost[1],,bitfield32,M,R,,,1
Repeating,13860,1,SegInternalTmp[1],,sint16,M,R,Tmp_SF,C,1
Repeating,13861,1,SegInternalHumidity[1],,sint16,M,R,Humidity_SF,%,1
Repeating,13862,2,SegHvacState[1],,bitfield32,M,R,,,1
Repeating,13864,1,HydrogenPPM[1],,uint16,M,R,HPPM_SF,PPM,1
Repeating,13865,1,CellTmpMax[1],,sint16,M,R,Tmp_SF,C,1
Repeating,13866,1,CellTmpMin[1],,sint16,M,R,Tmp_SF,C,1
Repeating,13867,1,CellTmpAvg[1],,sint16,M,R,Tmp_SF,C,1
Repeating,13868,1,Reserved15[1],,sint16,O,R,,,1
Repeating,13869,1,Reserved16[1],,sint16,O,R,,,1
Repeating,13870,1,Reserved17[1],,sint16,O,R,,,1
Repeating,13871,1,Reserved18[1],,sint16,O,R,,,1
Repeating,13872,1,Reserved19[1],,sint16,O,R,,,1
Repeating,13873,1,Reserved20[1],,sint16,O,R,,,1
Repeating,13874,1,Reserved21[1],,sint16,O,R,,,1
Repeating,13875,1,Reserved22[1],,sint16,O,R,,,1
Repeating,13876,1,Reserved23[1],,sint16,O,R,,,1
Repeating,13877,1,Reserved24[1],,sint16,O,R,,,1
Repeating,13878,1,SegIndex[2],,sint16,M,R,,,1
Repeating,13879,1,SegType[2],,enum16,M,R,,,1
Repeating,13880,1,ArrayIndex[2],,sint16,M,R,,,1
Repeating,13881,2,SegEvent[2],,bitfield32,M,R,,,1
Repeating,13883,2,SegDeviceCommsLost[2],,bitfield32,M,R,,,1
Repeating,13885,1,SegInternalTmp[2],,sint16,M,R,Tmp_SF,C,1
Repeating,13886,1,SegInternalHumidity[2],,sint16,M,R,Humidity_SF,%,1
Repeating,13887,2,SegHvacState[2],,bitfield32,M,R,,,1
Repeating,13889,1,HydrogenPPM[2],,uint16,M,R,HPPM_SF,PPM,1
Repeating,13890,1,CellTmpMax[2],,sint16,M,R,Tmp_SF,C,1
Repeating,13891,1,CellTmpMin[2],,sint16,M,R,Tmp_SF,C,1
Repeating,13892,1,CellTmpAvg[2],,sint16,M,R,Tmp_SF,C,1
Repeating,13893,1,Reserved15[2],,sint16,O,R,,,1
Repeating,13894,1,Reserved16[2],,sint16,O,R,,,1
Repeating,13895,1,Reserved17[2],,sint16,O,R,,,1
Repeating,13896,1,Reserved18[2],,sint16,O,R,,,1
Repeating,13897,1,Reserved19[2],,sint16,O,R,,,1
Repeating,13898,1,Reserved20[2],,sint16,O,R,,,1
Repeating,13899,1,Reserved21[2],,sint16,O,R,,,1
Repeating,13900,1,Reserved22[2],,sint16,O,R,,,1
Repeating,13901,1,Reserved23[2],,sint16,O,R,,,1
Repeating,13902,1,Reserved24[2],,sint16,O,R,,,1
Repeating,13903,1,SegIndex[3],,sint16,M,R,,,1
Repeating,13904,1,SegType[3],,enum16,M,R,,,1
Repeating,13905,1,ArrayIndex[3],,sint16,M,R,,,1
Repeating,13906,2,SegEvent[3],,bitfield32,M,R,,,1
Repeating,13908,2,SegDeviceCommsLost[3],,bitfield32,M,R,,,1
Repeating,13910,1,SegInternalTmp[3],,sint16,M,R,Tmp_SF,C,1
Repeating,13911,1,SegInternalHumidity[3],,sint16,M,R,Humidity_SF,%,1
Repeating,13912,2,SegHvacState[3],,bitfield32,M,R,,,1
Repeating,13914,1,HydrogenPPM[3],,uint16,M,R,HPPM_SF,PPM,1
Repeating,13915,1,CellTmpMax[3],,sint16,M,R,Tmp_SF,C,1
Repeating,13916,1,CellTmpMin[3],,sint16,M,R,Tmp_SF,C,1
Repeating,13917,1,CellTmpAvg[3],,sint16,M,R,Tmp_SF,C,1
Repeating,13918,1,Reserved15[3],,sint16,O,R,,,1
Repeating,13919,1,Reserved16[3],,sint16,O,R,,,1
Repeating,13920,1,Reserved17[3],,sint16,O,R,,,1
Repeating,13921,1,Reserved18[3],,sint16,O,R,,,1
Repeating,13922,1,Reserved19[3],,sint16,O,R,,,1
Repeating,13923,1,Reserved20[3],,sint16,O,R,,,1
Repeating,13924,1,Reserved21[3],,sint16,O,R,,,1
Repeating,13925,1,Reserved22[3],,sint16,O,R,,,1
Repeating,13926,1,Reserved23[3],,sint16,O,R,,,1
Repeating,13927,1,Reserved24[3],,sint16,O,R,,,1
Repeating,13928,1,SegIndex[4],,sint16,M,R,,,1
Repeating,13929,1,SegType[4],,enum16,M,R,,,1
Repeating,13930,1,ArrayIndex[4],,sint16,M,R,,,1
Repeating,13931,2,SegEvent[4],,bitfield32,M,R,,,1
Repeating,13933,2,SegDeviceCommsLost[4],,bitfield32,M,R,,,1
Repeating,13935,1,SegInternalTmp[4],,sint16,M,R,Tmp_SF,C,1
Repeating,13936,1,SegInternalHumidity[4],,sint16,M,R,Humidity_SF,%,1
Repeating,13937,2,SegHvacState[4],,bitfield32,M,R,,,1
Repeating,13939,1,HydrogenPPM[4],,uint16,M,R,HPPM_SF,PPM,1
Repeating,13940,1,CellTmpMax[4],,sint16,M,R,Tmp_SF,C,1
Repeating,13941,1,CellTmpMin[4],,sint16,M,R,Tmp_SF,C,1
Repeating,13942,1,CellTmpAvg[4],,sint16,M,R,Tmp_SF,C,1
Repeating,13943,1,Reserved15[4],,sint16,O,R,,,1
Repeating,13944,1,Reserved16[4],,sint16,O,R,,,1
Repeating,13945,1,Reserved17[4],,sint16,O,R,,,1
Repeating,13946,1,Reserved18[4],,sint16,O,R,,,1
Repeating,13947,1,Reserved19[4],,sint16,O,R,,,1
Repeating,13948,1,Reserved20[4],,sint16,O,R,,,1
Repeating,13949,1,Reserved21[4],,sint16,O,R,,,1
Repeating,13950,1,Reserved22[4],,sint16,O,R,,,1
Repeating,13951,1,Reserved23[4],,sint16,O,R,,,1
Repeating,13952,1,Reserved24[4],,sint16,O,R,,,1
Repeating,13953,1,SegIndex[5],,sint16,M,R,,,1
Repeating,13954,1,SegType[5],,enum16,M,R,,,1
Repeating,13955,1,ArrayIndex[5],,sint16,M,R,,,1
Repeating,13956,2,SegEvent[5],,bitfield32,M,R,,,1
Repeating,13958,2,SegDeviceCommsLost[5],,bitfield32,M,R,,,1
Repeating,13960,1,SegInternalTmp[5],,sint16,M,R,Tmp_SF,C,1
Repeating,13961,1,SegInternalHumidity[5],,sint16,M,R,Humidity_SF,%,1
Repeating,13962,2,SegHvacState[5],,bitfield32,M,R,,,1
Repeating,13964,1,HydrogenPPM[5],,uint16,M,R,HPPM_SF,PPM,1
Repeating,13965,1,CellTmpMax[5],,sint16,M,R,Tmp_SF,C,1
Repeating,13966,1,CellTmpMin[5],,sint16,M,R,Tmp_SF,C,1
Repeating,13967,1,CellTmpAvg[5],,sint16,M,R,Tmp_SF,C,1
Repeating,13968,1,Reserved15[5],,sint16,O,R,,,1
Repeating,13969,1,Reserved16[5],,sint16,O,R,,,1
Repeating,13970,1,Reserved17[5],,sint16,O,R,,,1
Repeating,13971,1,Reserved18[5],,sint16,O,R,,,1
Repeating,13972,1,Reserved19[5],,sint16,O,R,,,1
Repeating,13973,1,Reserved20[5],,sint16,O,R,,,1
Repeating,13974,1,Reserved21[5],,sint16,O,R,,,1
Repeating,13975,1,Reserved22[5],,sint16,O,R,,,1
Repeating,13976,1,Reserved23[5],,sint16,O,R,,,1
Repeating,13977,1,Reserved24[5],,sint16,O,R,,,1
Repeating,13978,1,SegIndex[6],,sint16,M,R,,,1
Repeating,13979,1,SegType[6],,enum16,M,R,,,1
Repeating,13980,1,ArrayIndex[6],,sint16,M,R,,,1
Repeating,13981,2,SegEvent[6],,bitfield32,M,R,,,1
Repeating,13983,2,SegDeviceCommsLost[6],,bitfield32,M,R,,,1
Repeating,13985,1,SegInternalTmp[6],,sint16,M,R,Tmp_SF,C,1
Repeating,13986,1,SegInternalHumidity[6],,sint16,M,R,Humidity_SF,%,1
Repeating,13987,2,SegHvacState[6],,bitfield32,M,R,,,1
Repeating,13989,1,HydrogenPPM[6],,uint16,M,R,HPPM_SF,PPM,1
Repeating,13990,1,CellTmpMax[6],,sint16,M,R,Tmp_SF,C,1
Repeating,13991,1,CellTmpMin[6],,sint16,M,R,Tmp_SF,C,1
Repeating,13992,1,CellTmpAvg[6],,sint16,M,R,Tmp_SF,C,1
Repeating,13993,1,Reserved15[6],,sint16,O,R,,,1
Repeating,13994,1,Reserved16[6],,sint16,O,R,,,1
Repeating,13995,1,Reserved17[6],,sint16,O,R,,,1
Repeating,13996,1,Reserved18[6],,sint16,O,R,,,1
Repeating,13997,1,Reserved19[6],,sint16,O,R,,,1
Repeating,13998,1,Reserved20[6],,sint16,O,R,,,1
Repeating,13999,1,Reserved21[6],,sint16,O,R,,,1
Repeating,14000,1,Reserved22[6],,sint16,O,R,,,1
Repeating,14001,1,Reserved23[6],,sint16,O,R,,,1
Repeating,14002,1,Reserved24[6],,sint16,O,R,,,1
Repeating,14003,1,SegIndex[7],,sint16,M,R,,,1
Repeating,14004,1,SegType[7],,enum16,M,R,,,1
Repeating,14005,1,ArrayIndex[7],,sint16,M,R,,,1
Repeating,14006,2,SegEvent[7],,bitfield32,M,R,,,1
Repeating,14008,2,SegDeviceCommsLost[7],,bitfield32,M,R,,,1
Repeating,14010,1,SegInternalTmp[7],,sint16,M,R,Tmp_SF,C,1
Repeating,14011,1,SegInternalHumidity[7],,sint16,M,R,Humidity_SF,%,1
Repeating,14012,2,SegHvacState[7],,bitfield32,M,R,,,1
Repeating,14014,1,HydrogenPPM[7],,uint16,M,R,HPPM_SF,PPM,1
Repeating,14015,1,CellTmpMax[7],,sint16,M,R,Tmp_SF,C,1
Repeating,14016,1,CellTmpMin[7],,sint16,M,R,Tmp_SF,C,1
Repeating,14017,1,CellTmpAvg[7],,sint16,M,R,Tmp_SF,C,1
Repeating,14018,1,Reserved15[7],,sint16,O,R,,,1
Repeating,14019,1,Reserved16[7],,sint16,O,R,,,1
Repeating,14020,1,Reserved17[7],,sint16,O,R,,,1
Repeating,14021,1,Reserved18[7],,sint16,O,R,,,1
Repeating,14022,1,Reserved19[7],,sint16,O,R,,,1
Repeating,14023,1,Reserved20[7],,sint16,O,R,,,1
Repeating,14024,1,Reserved21[7],,sint16,O,R,,,1
Repeating,14025,1,Reserved22[7],,sint16,O,R,,,1
Repeating,14026,1,Reserved23[7],,sint16,O,R,,,1
Repeating,14027,1,Reserved24[7],,sint16,O,R,,,1
Repeating,14028,1,SegIndex[8],,sint16,M,R,,,1
Repeating,14029,1,SegType[8],,enum16,M,R,,,1
Repeating,14030,1,ArrayIndex[8],,sint16,M,R,,,1
Repeating,14031,2,SegEvent[8],,bitfield32,M,R,,,1
Repeating,14033,2,SegDeviceCommsLost[8],,bitfield32,M,R,,,1
Repeating,14035,1,SegInternalTmp[8],,sint16,M,R,Tmp_SF,C,1
Repeating,14036,1,SegInternalHumidity[8],,sint16,M,R,Humidity_SF,%,1
Repeating,14037,2,SegHvacState[8],,bitfield32,M,R,,,1
Repeating,14039,1,HydrogenPPM[8],,uint16,M,R,HPPM_SF,PPM,1
Repeating,14040,1,CellTmpMax[8],,sint16,M,R,Tmp_SF,C,1
Repeating,14041,1,CellTmpMin[8],,sint16,M,R,Tmp_SF,C,1
Repeating,14042,1,CellTmpAvg[8],,sint16,M,R,Tmp_SF,C,1
Repeating,14043,1,Reserved15[8],,sint16,O,R,,,1
Repeating,14044,1,Reserved16[8],,sint16,O,R,,,1
Repeating,14045,1,Reserved17[8],,sint16,O,R,,,1
Repeating,14046,1,Reserved18[8],,sint16,O,R,,,1
Repeating,14047,1,Reserved19[8],,sint16,O,R,,,1
Repeating,14048,1,Reserved20[8],,sint16,O,R,,,1
Repeating,14049,1,Reserved21[8],,sint16,O,R,,,1
Repeating,14050,1,Reserved22[8],,sint16,O,R,,,1
Repeating,14051,1,Reserved23[8],,sint16,O,R,,,1
Repeating,14052,1,Reserved24[8],,sint16,O,R,,,1
Repeating,14053,1,SegIndex[9],,sint16,M,R,,,1
Repeating,14054,1,SegType[9],,enum16,M,R,,,1
Repeating,14055,1,ArrayIndex[9],,sint16,M,R,,,1
Repeating,14056,2,SegEvent[9],,bitfield32,M,R,,,1
Repeating,14058,2,SegDeviceCommsLost[9],,bitfield32,M,R,,,1
Repeating,14060,1,SegInternalTmp[9],,sint16,M,R,Tmp_SF,C,1
Repeating,14061,1,SegInternalHumidity[9],,sint16,M,R,Humidity_SF,%,1
Repeating,14062,2,SegHvacState[9],,bitfield32,M,R,,,1
Repeating,14064,1,HydrogenPPM[9],,uint16,M,R,HPPM_SF,PPM,1
Repeating,14065,1,CellTmpMax[9],,sint16,M,R,Tmp_SF,C,1
Repeating,14066,1,CellTmpMin[9],,sint16,M,R,Tmp_SF,C,1
Repeating,14067,1,CellTmpAvg[9],,sint16,M,R,Tmp_SF,C,1
Repeating,14068,1,Reserved15[9],,sint16,O,R,,,1
Repeating,14069,1,Reserved16[9],,sint16,O,R,,,1
Repeating,14070,1,Reserved17[9],,sint16,O,R,,,1
Repeating,14071,1,Reserved18[9],,sint16,O,R,,,1
Repeating,14072,1,Reserved19[9],,sint16,O,R,,,1
Repeating,14073,1,Reserved20[9],,sint16,O,R,,,1
Repeating,14074,1,Reserved21[9],,sint16,O,R,,,1
Repeating,14075,1,Reserved22[9],,sint16,O,R,,,1
Repeating,14076,1,Reserved23[9],,sint16,O,R,,,1
Repeating,14077,1,Reserved24[9],,sint16,O,R,,,1
Repeating,14078,1,SegIndex[10],,sint16,M,R,,,1
Repeating,14079,1,SegType[10],,enum16,M,R,,,1
Repeating,14080,1,ArrayIndex[10],,sint16,M,R,,,1
Repeating,14081,2,SegEvent[10],,bitfield32,M,R,,,1
Repeating,14083,2,SegDeviceCommsLost[10],,bitfield32,M,R,,,1
Repeating,14085,1,SegInternalTmp[10],,sint16,M,R,Tmp_SF,C,1
Repeating,14086,1,SegInternalHumidity[10],,sint16,M,R,Humidity_SF,%,1
Repeating,14087,2,SegHvacState[10],,bitfield32,M,R,,,1
Repeating,14089,1,HydrogenPPM[10],,uint16,M,R,HPPM_SF,PPM,1
Repeating,14090,1,CellTmpMax[10],,sint16,M,R,Tmp_SF,C,1
Repeating,14091,1,CellTmpMin[10],,sint16,M,R,Tmp_SF,C,1
Repeating,14092,1,CellTmpAvg[10],,sint16,M,R,Tmp_SF,C,1
Repeating,14093,1,Reserved15[10],,sint16,O,R,,,1
Repeating,14094,1,Reserved16[10],,sint16,O,R,,,1
Repeating,14095,1,Reserved17[10],,sint16,O,R,,,1
Repeating,14096,1,Reserved18[10],,sint16,O,R,,,1
Repeating,14097,1,Reserved19[10],,sint16,O,R,,,1
Repeating,14098,1,Reserved20[10],,sint16,O,R,,,1
Repeating,14099,1,Reserved21[10],,sint16,O,R,,,1
Repeating,14100,1,Reserved22[10],,sint16,O,R,,,1
Repeating,14101,1,Reserved23[10],,sint16,O,R,,,1
Repeating,14102,1,Reserved24[10],,sint16,O,R,,,1
Repeating,14103,1,SegIndex[11],,sint16,M,R,,,1
Repeating,14104,1,SegType[11],,enum16,M,R,,,1
Repeating,14105,1,ArrayIndex[11],,sint16,M,R,,,1
Repeating,14106,2,SegEvent[11],,bitfield32,M,R,,,1
Repeating,14108,2,SegDeviceCommsLost[11],,bitfield32,M,R,,,1
Repeating,14110,1,SegInternalTmp[11],,sint16,M,R,Tmp_SF,C,1
Repeating,14111,1,SegInternalHumidity[11],,sint16,M,R,Humidity_SF,%,1
Repeating,14112,2,SegHvacState[11],,bitfield32,M,R,,,1
Repeating,14114,1,HydrogenPPM[11],,uint16,M,R,HPPM_SF,PPM,1
Repeating,14115,1,CellTmpMax[11],,sint16,M,R,Tmp_SF,C,1
Repeating,14116,1,CellTmpMin[11],,sint16,M,R,Tmp_SF,C,1
Repeating,14117,1,CellTmpAvg[11],,sint16,M,R,Tmp_SF,C,1
Repeating,14118,1,Reserved15[11],,sint16,O,R,,,1
Repeating,14119,1,Reserved16[11],,sint16,O,R,,,1
Repeating,14120,1,Reserved17[11],,sint16,O,R,,,1
Repeating,14121,1,Reserved18[11],,sint16,O,R,,,1
Repeating,14122,1,Reserved19[11],,sint16,O,R,,,1
Repeating,14123,1,Reserved20[11],,sint16,O,R,,,1
Repeating,14124,1,Reserved21[11],,sint16,O,R,,,1
Repeating,14125,1,Reserved22[11],,sint16,O,R,,,1
Repeating,14126,1,Reserved23[11],,sint16,O,R,,,1
Repeating,14127,1,Reserved24[11],,sint16,O,R,,,1
Repeating,14128,1,SegIndex[12],,sint16,M,R,,,1
Repeating,14129,1,SegType[12],,enum16,M,R,,,1
Repeating,14130,1,ArrayIndex[12],,sint16,M,R,,,1
Repeating,14131,2,SegEvent[12],,bitfield32,M,R,,,1
Repeating,14133,2,SegDeviceCommsLost[12],,bitfield32,M,R,,,1
Repeating,14135,1,SegInternalTmp[12],,sint16,M,R,Tmp_SF,C,1
Repeating,14136,1,SegInternalHumidity[12],,sint16,M,R,Humidity_SF,%,1
Repeating,14137,2,SegHvacState[12],,bitfield32,M,R,,,1
Repeating,14139,1,HydrogenPPM[12],,uint16,M,R,HPPM_SF,PPM,1
Repeating,14140,1,CellTmpMax[12],,sint16,M,R,Tmp_SF,C,1
Repeating,14141,1,CellTmpMin[12],,sint16,M,R,Tmp_SF,C,1
Repeating,14142,1,CellTmpAvg[12],,sint16,M,R,Tmp_SF,C,1
Repeating,14143,1,Reserved15[12],,sint16,O,R,,,1
Repeating,14144,1,Reserved16[12],,sint16,O,R,,,1
Repeating,14145,1,Reserved17[12],,sint16,O,R,,,1
Repeating,14146,1,Reserved18[12],,sint16,O,R,,,1
Repeating,14147,1,Reserved19[12],,sint16,O,R,,,1
Repeating,14148,1,Reserved20[12],,sint16,O,R,,,1
Repeating,14149,1,Reserved21[12],,sint16,O,R,,,1
Repeating,14150,1,Reserved22[12],,sint16,O,R,,,1
Repeating,14151,1,Reserved23[12],,sint16,O,R,,,1
Repeating,14152,1,Reserved24[12],,sint16,O,R,,,1
Repeating,14153,1,SegIndex[13],,sint16,M,R,,,1
Repeating,14154,1,SegType[13],,enum16,M,R,,,1
Repeating,14155,1,ArrayIndex[13],,sint16,M,R,,,1
Repeating,14156,2,SegEvent[13],,bitfield32,M,R,,,1
Repeating,14158,2,SegDeviceCommsLost[13],,bitfield32,M,R,,,1
Repeating,14160,1,SegInternalTmp[13],,sint16,M,R,Tmp_SF,C,1
Repeating,14161,1,SegInternalHumidity[13],,sint16,M,R,Humidity_SF,%,1
Repeating,14162,2,SegHvacState[13],,bitfield32,M,R,,,1
Repeating,14164,1,HydrogenPPM[13],,uint16,M,R,HPPM_SF,PPM,1
Repeating,14165,1,CellTmpMax[13],,sint16,M,R,Tmp_SF,C,1
Repeating,14166,1,CellTmpMin[13],,sint16,M,R,Tmp_SF,C,1
Repeating,14167,1,CellTmpAvg[13],,sint16,M,R,Tmp_SF,C,1
Repeating,14168,1,Reserved15[13],,sint16,O,R,,,1
Repeating,14169,1,Reserved16[13],,sint16,O,R,,,1
Repeating,14170,1,Reserved17[13],,sint16,O,R,,,1
Repeating,14171,1,Reserved18[13],,sint16,O,R,,,1
Repeating,14172,1,Reserved19[13],,sint16,O,R,,,1
Repeating,14173,1,Reserved20[13],,sint16,O,R,,,1
Repeating,14174,1,Reserved21[13],,sint16,O,R,,,1
Repeating,14175,1,Reserved22[13],,sint16,O,R,,,1
Repeating,14176,1,Reserved23[13],,sint16,O,R,,,1
Repeating,14177,1,Reserved24[13],,sint16,O,R,,,1
Repeating,14178,1,SegIndex[14],,sint16,M,R,,,1
Repeating,14179,1,SegType[14],,enum16,M,R,,,1
Repeating,14180,1,ArrayIndex[14],,sint16,M,R,,,1
Repeating,14181,2,SegEvent[14],,bitfield32,M,R,,,1
Repeating,14183,2,SegDeviceCommsLost[14],,bitfield32,M,R,,,1
Repeating,14185,1,SegInternalTmp[14],,sint16,M,R,Tmp_SF,C,1
Repeating,14186,1,SegInternalHumidity[14],,sint16,M,R,Humidity_SF,%,1
Repeating,14187,2,SegHvacState[14],,bitfield32,M,R,,,1
Repeating,14189,1,HydrogenPPM[14],,uint16,M,R,HPPM_SF,PPM,1
Repeating,14190,1,CellTmpMax[14],,sint16,M,R,Tmp_SF,C,1
Repeating,14191,1,CellTmpMin[14],,sint16,M,R,Tmp_SF,C,1
Repeating,14192,1,CellTmpAvg[14],,sint16,M,R,Tmp_SF,C,1
Repeating,14193,1,Reserved15[14],,sint16,O,R,,,1
Repeating,14194,1,Reserved16[14],,sint16,O,R,,,1
Repeating,14195,1,Reserved17[14],,sint16,O,R,,,1
Repeating,14196,1,Reserved18[14],,sint16,O,R,,,1
Repeating,14197,1,Reserved19[14],,sint16,O,R,,,1
Repeating,14198,1,Reserved20[14],,sint16,O,R,,,1
Repeating,14199,1,Reserved21[14],,sint16,O,R,,,1
Repeating,14200,1,Reserved22[14],,sint16,O,R,,,1
Repeating,14201,1,Reserved23[14],,sint16,O,R,,,1
Repeating,14202,1,Reserved24[14],,sint16,O,R,,,1
Repeating,14203,1,SegIndex[15],,sint16,M,R,,,1
Repeating,14204,1,SegType[15],,enum16,M,R,,,1
Repeating,14205,1,ArrayIndex[15],,sint16,M,R,,,1
Repeating,14206,2,SegEvent[15],,bitfield32,M,R,,,1
Repeating,14208,2,SegDeviceCommsLost[15],,bitfield32,M,R,,,1
Repeating,14210,1,SegInternalTmp[15],,sint16,M,R,Tmp_SF,C,1
Repeating,14211,1,SegInternalHumidity[15],,sint16,M,R,Humidity_SF,%,1
Repeating,14212,2,SegHvacState[15],,bitfield32,M,R,,,1
Repeating,14214,1,HydrogenPPM[15],,uint16,M,R,HPPM_SF,PPM,1
Repeating,14215,1,CellTmpMax[15],,sint16,M,R,Tmp_SF,C,1
Repeating,14216,1,CellTmpMin[15],,sint16,M,R,Tmp_SF,C,1
Repeating,14217,1,CellTmpAvg[15],,sint16,M,R,Tmp_SF,C,1
Repeating,14218,1,Reserved15[15],,sint16,O,R,,,1
Repeating,14219,1,Reserved16[15],,sint16,O,R,,,1
Repeating,14220,1,Reserved17[15],,sint16,O,R,,,1
Repeating,14221,1,Reserved18[15],,sint16,O,R,,,1
Repeating,14222,1,Reserved19[15],,sint16,O,R,,,1
Repeating,14223,1,Reserved20[15],,sint16,O,R,,,1
Repeating,14224,1,Reserved21[15],,sint16,O,R,,,1
Repeating,14225,1,Reserved22[15],,sint16,O,R,,,1
Repeating,14226,1,Reserved23[15],,sint16,O,R,,,1
Repeating,14227,1,Reserved24[15],,sint16,O,R,,,1
Repeating,14228,1,SegIndex[16],,sint16,M,R,,,1
Repeating,14229,1,SegType[16],,enum16,M,R,,,1
Repeating,14230,1,ArrayIndex[16],,sint16,M,R,,,1
Repeating,14231,2,SegEvent[16],,bitfield32,M,R,,,1
Repeating,14233,2,SegDeviceCommsLost[16],,bitfield32,M,R,,,1
Repeating,14235,1,SegInternalTmp[16],,sint16,M,R,Tmp_SF,C,1
Repeating,14236,1,SegInternalHumidity[16],,sint16,M,R,Humidity_SF,%,1
Repeating,14237,2,SegHvacState[16],,bitfield32,M,R,,,1
Repeating,14239,1,HydrogenPPM[16],,uint16,M,R,HPPM_SF,PPM,1
Repeating,14240,1,CellTmpMax[16],,sint16,M,R,Tmp_SF,C,1
Repeating,14241,1,CellTmpMin[16],,sint16,M,R,Tmp_SF,C,1
Repeating,14242,1,CellTmpAvg[16],,sint16,M,R,Tmp_SF,C,1
Repeating,14243,1,Reserved15[16],,sint16,O,R,,,1
Repeating,14244,1,Reserved16[16],,sint16,O,R,,,1
Repeating,14245,1,Reserved17[16],,sint16,O,R,,,1
Repeating,14246,1,Reserved18[16],,sint16,O,R,,,1
Repeating,14247,1,Reserved19[16],,sint16,O,R,,,1
Repeating,14248,1,Reserved20[16],,sint16,O,R,,,1
Repeating,14249,1,Reserved21[16],,sint16,O,R,,,1
Repeating,14250,1,Reserved22[16],,sint16,O,R,,,1
Repeating,14251,1,Reserved23[16],,sint16,O,R,,,1
Repeating,14252,1,Reserved24[16],,sint16,O,R,,,1
Repeating,14253,1,SegIndex[17],,sint16,M,R,,,1
Repeating,14254,1,SegType[17],,enum16,M,R,,,1
Repeating,14255,1,ArrayIndex[17],,sint16,M,R,,,1
Repeating,14256,2,SegEvent[17],,bitfield32,M,R,,,1
Repeating,14258,2,SegDeviceCommsLost[17],,bitfield32,M,R,,,1
Repeating,14260,1,SegInternalTmp[17],,sint16,M,R,Tmp_SF,C,1
Repeating,14261,1,SegInternalHumidity[17],,sint16,M,R,Humidity_SF,%,1
Repeating,14262,2,SegHvacState[17],,bitfield32,M,R,,,1
Repeating,14264,1,HydrogenPPM[17],,uint16,M,R,HPPM_SF,PPM,1
Repeating,14265,1,CellTmpMax[17],,sint16,M,R,Tmp_SF,C,1
Repeating,14266,1,CellTmpMin[17],,sint16,M,R,Tmp_SF,C,1
Repeating,14267,1,CellTmpAvg[17],,sint16,M,R,Tmp_SF,C,1
Repeating,14268,1,Reserved15[17],,sint16,O,R,,,1
Repeating,14269,1,Reserved16[17],,sint16,O,R,,,1
Repeating,14270,1,Reserved17[17],,sint16,O,R,,,1
Repeating,14271,1,Reserved18[17],,sint16,O,R,,,1
Repeating,14272,1,Reserved19[17],,sint16,O,R,,,1
Repeating,14273,1,Reserved20[17],,sint16,O,R,,,1
Repeating,14274,1,Reserved21[17],,sint16,O,R,,,1
Repeating,14275,1,Reserved22[17],,sint16,O,R,,,1
Repeating,14276,1,Reserved23[17],,sint16,O,R,,,1
Repeating,14277,1,Reserved24[17],,sint16,O,R,,,1
Repeating,14278,1,SegIndex[18],,sint16,M,R,,,1
Repeating,14279,1,SegType[18],,enum16,M,R,,,1
Repeating,14280,1,ArrayIndex[18],,sint16,M,R,,,1
Repeating,14281,2,SegEvent[18],,bitfield32,M,R,,,1
Repeating,14283,2,SegDeviceCommsLost[18],,bitfield32,M,R,,,1
Repeating,14285,1,SegInternalTmp[18],,sint16,M,R,Tmp_SF,C,1
Repeating,14286,1,SegInternalHumidity[18],,sint16,M,R,Humidity_SF,%,1
Repeating,14287,2,SegHvacState[18],,bitfield32,M,R,,,1
Repeating,14289,1,HydrogenPPM[18],,uint16,M,R,HPPM_SF,PPM,1
Repeating,14290,1,CellTmpMax[18],,sint16,M,R,Tmp_SF,C,1
Repeating,14291,1,CellTmpMin[18],,sint16,M,R,Tmp_SF,C,1
Repeating,14292,1,CellTmpAvg[18],,sint16,M,R,Tmp_SF,C,1
Repeating,14293,1,Reserved15[18],,sint16,O,R,,,1
Repeating,14294,1,Reserved16[18],,sint16,O,R,,,1
Repeating,14295,1,Reserved17[18],,sint16,O,R,,,1
Repeating,14296,1,Reserved18[18],,sint16,O,R,,,1
Repeating,14297,1,Reserved19[18],,sint16,O,R,,,1
Repeating,14298,1,Reserved20[18],,sint16,O,R,,,1
Repeating,14299,1,Reserved21[18],,sint16,O,R,,,1
Repeating,14300,1,Reserved22[18],,sint16,O,R,,,1
Repeating,14301,1,Reserved23[18],,sint16,O,R,,,1
Repeating,14302,1,Reserved24[18],,sint16,O,R,,,1
Repeating,14303,1,SegIndex[19],,sint16,M,R,,,1
Repeating,14304,1,SegType[19],,enum16,M,R,,,1
Repeating,14305,1,ArrayIndex[19],,sint16,M,R,,,1
Repeating,14306,2,SegEvent[19],,bitfield32,M,R,,,1
Repeating,14308,2,SegDeviceCommsLost[19],,bitfield32,M,R,,,1
Repeating,14310,1,SegInternalTmp[19],,sint16,M,R,Tmp_SF,C,1
Repeating,14311,1,SegInternalHumidity[19],,sint16,M,R,Humidity_SF,%,1
Repeating,14312,2,SegHvacState[19],,bitfield32,M,R,,,1
Repeating,14314,1,HydrogenPPM[19],,uint16,M,R,HPPM_SF,PPM,1
Repeating,14315,1,CellTmpMax[19],,sint16,M,R,Tmp_SF,C,1
Repeating,14316,1,CellTmpMin[19],,sint16,M,R,Tmp_SF,C,1
Repeating,14317,1,CellTmpAvg[19],,sint16,M,R,Tmp_SF,C,1
Repeating,14318,1,Reserved15[19],,sint16,O,R,,,1
Repeating,14319,1,Reserved16[19],,sint16,O,R,,,1
Repeating,14320,1,Reserved17[19],,sint16,O,R,,,1
Repeating,14321,1,Reserved18[19],,sint16,O,R,,,1
Repeating,14322,1,Reserved19[19],,sint16,O,R,,,1
Repeating,14323,1,Reserved20[19],,sint16,O,R,,,1
Repeating,14324,1,Reserved21[19],,sint16,O,R,,,1
Repeating,14325,1,Reserved22[19],,sint16,O,R,,,1
Repeating,14326,1,Reserved23[19],,sint16,O,R,,,1
Repeating,14327,1,Reserved24[19],,sint16,O,R,,,1
Repeating,14328,1,SegIndex[20],,sint16,M,R,,,1
Repeating,14329,1,SegType[20],,enum16,M,R,,,1
Repeating,14330,1,ArrayIndex[20],,sint16,M,R,,,1
Repeating,14331,2,SegEvent[20],,bitfield32,M,R,,,1
Repeating,14333,2,SegDeviceCommsLost[20],,bitfield32,M,R,,,1
Repeating,14335,1,SegInternalTmp[20],,sint16,M,R,Tmp_SF,C,1
Repeating,14336,1,SegInternalHumidity[20],,sint16,M,R,Humidity_SF,%,1
Repeating,14337,2,SegHvacState[20],,bitfield32,M,R,,,1
Repeating,14339,1,HydrogenPPM[20],,uint16,M,R,HPPM_SF,PPM,1
Repeating,14340,1,CellTmpMax[20],,sint16,M,R,Tmp_SF,C,1
Repeating,14341,1,CellTmpMin[20],,sint16,M,R,Tmp_SF,C,1
Repeating,14342,1,CellTmpAvg[20],,sint16,M,R,Tmp_SF,C,1
Repeating,14343,1,Reserved15[20],,sint16,O,R,,,1
Repeating,14344,1,Reserved16[20],,sint16,O,R,,,1
Repeating,14345,1,Reserved17[20],,sint16,O,R,,,1
Repeating,14346,1,Reserved18[20],,sint16,O,R,,,1
Repeating,14347,1,Reserved19[20],,sint16,O,R,,,1
Repeating,14348,1,Reserved20[20],,sint16,O,R,,,1
Repeating,14349,1,Reserved21[20],,sint16,O,R,,,1
Repeating,14350,1,Reserved22[20],,sint16,O,R,,,1
Repeating,14351,1,Reserved23[20],,sint16,O,R,,,1
Repeating,14352,1,Reserved24[20],,sint16,O,R,,,1
Repeating,14353,1,SegIndex[21],,sint16,M,R,,,1
Repeating,14354,1,SegType[21],,enum16,M,R,,,1
Repeating,14355,1,ArrayIndex[21],,sint16,M,R,,,1
Repeating,14356,2,SegEvent[21],,bitfield32,M,R,,,1
Repeating,14358,2,SegDeviceCommsLost[21],,bitfield32,M,R,,,1
Repeating,14360,1,SegInternalTmp[21],,sint16,M,R,Tmp_SF,C,1
Repeating,14361,1,SegInternalHumidity[21],,sint16,M,R,Humidity_SF,%,1
Repeating,14362,2,SegHvacState[21],,bitfield32,M,R,,,1
Repeating,14364,1,HydrogenPPM[21],,uint16,M,R,HPPM_SF,PPM,1
Repeating,14365,1,CellTmpMax[21],,sint16,M,R,Tmp_SF,C,1
Repeating,14366,1,CellTmpMin[21],,sint16,M,R,Tmp_SF,C,1
Repeating,14367,1,CellTmpAvg[21],,sint16,M,R,Tmp_SF,C,1
Repeating,14368,1,Reserved15[21],,sint16,O,R,,,1
Repeating,14369,1,Reserved16[21],,sint16,O,R,,,1
Repeating,14370,1,Reserved17[21],,sint16,O,R,,,1
Repeating,14371,1,Reserved18[21],,sint16,O,R,,,1
Repeating,14372,1,Reserved19[21],,sint16,O,R,,,1
Repeating,14373,1,Reserved20[21],,sint16,O,R,,,1
Repeating,14374,1,Reserved21[21],,sint16,O,R,,,1
Repeating,14375,1,Reserved22[21],,sint16,O,R,,,1
Repeating,14376,1,Reserved23[21],,sint16,O,R,,,1
Repeating,14377,1,Reserved24[21],,sint16,O,R,,,1
Header,14378,1,"ID ""PowinLineUpEnclosures""",65131,uint16,M,R,,,1
Header,14379,1,Length,564,uint16,M,R,,,1
Fixed,14380,1,LinupIndex,,sint16,M,R,,,1
Fixed,14381,1,SegQty,,sint16,M,R,,,1
Fixed,14382,2,LineupEvt1,,bitfield32,M,R,,,1
Fixed,14384,1,OATmp,,sint16,M,R,Tmp_SF,C,1
Fixed,14385,1,OAHumidity,,sint16,M,R,Humidity_SF,%,1
Fixed,14386,1,StringCount,,sint16,M,R,,,1
Fixed,14387,1,StringWithOpenContactorsCount,,sint16,M,R,,,1
Fixed,14388,1,StringWithClosedContactorsCount,,sint16,M,R,,,1
Fixed,14389,1,StringOutOfRotationCount,,sint16,M,R,,,1
Fixed,14390,1,ActiveLineupStringCommand,,enum16,M,R,,,1
Fixed,14391,1,LineupStringCommand,,enum16,M,RW,,,1
Fixed,14392,1,ReservedRegister14,,scalefactor,O,R,,,1
Fixed,14393,1,ReservedRegister15,,scalefactor,O,R,,,1
Fixed,14394,1,ReservedRegister16,,scalefactor,O,R,,,1
Fixed,14395,1,ReservedRegister17,,scalefactor,O,R,,,1
Fixed,14396,1,ReservedRegister18,,scalefactor,O,R,,,1
Fixed,14397,1,ReservedRegister19,,scalefactor,O,R,,,1
Fixed,14398,1,ReservedRegister20,,scalefactor,O,R,,,1
Fixed,14399,1,ReservedRegister21,,scalefactor,O,R,,,1
Fixed,14400,1,ReservedRegister22,,scalefactor,O,R,,,1
Fixed,14401,1,ReservedRegister23,,scalefactor,O,R,,,1
Fixed,14402,1,ReservedRegister24,,scalefactor,O,R,,,1
Fixed,14403,1,ReservedRegister25,,scalefactor,O,R,,,1
Fixed,14404,1,ReservedRegister26,,scalefactor,O,R,,,1
Fixed,14405,1,ReservedRegister27,,scalefactor,O,R,,,1
Fixed,14406,1,ReservedRegister28,,scalefactor,O,R,,,1
Fixed,14407,1,ReservedRegister29,,scalefactor,O,R,,,1
Fixed,14408,1,ReservedRegister30,,scalefactor,O,R,,,1
Fixed,14409,1,ReservedRegister31,,scalefactor,O,R,,,1
Fixed,14410,1,ReservedRegister32,,scalefactor,O,R,,,1
Fixed,14411,1,ReservedRegister33,,scalefactor,O,R,,,1
Fixed,14412,1,ReservedRegister34,,scalefactor,O,R,,,1
Fixed,14413,1,ReservedRegister35,,scalefactor,O,R,,,1
Fixed,14414,1,HPPM_SF,,scalefactor,M,R,,,1
Fixed,14415,1,Humidity_SF,,scalefactor,M,R,,,1
Fixed,14416,1,Volt_SF,,scalefactor,M,R,,,1
Fixed,14417,1,CellVolt_SF,,scalefactor,M,R,,,1
Fixed,14418,1,Tmp_SF,,scalefactor,M,R,,,1
Repeating,14419,1,SegIndex[1],,sint16,M,R,,,1
Repeating,14420,1,SegType[1],,enum16,M,R,,,1
Repeating,14421,1,ArrayIndex[1],,sint16,M,R,,,1
Repeating,14422,2,SegEvent[1],,bitfield32,M,R,,,1
Repeating,14424,2,SegDeviceCommsLost[1],,bitfield32,M,R,,,1
Repeating,14426,1,SegInternalTmp[1],,sint16,M,R,Tmp_SF,C,1
Repeating,14427,1,SegInternalHumidity[1],,sint16,M,R,Humidity_SF,%,1
Repeating,14428,2,SegHvacState[1],,bitfield32,M,R,,,1
Repeating,14430,1,HydrogenPPM[1],,uint16,M,R,HPPM_SF,PPM,1
Repeating,14431,1,CellTmpMax[1],,sint16,M,R,Tmp_SF,C,1
Repeating,14432,1,CellTmpMin[1],,sint16,M,R,Tmp_SF,C,1
Repeating,14433,1,CellTmpAvg[1],,sint16,M,R,Tmp_SF,C,1
Repeating,14434,1,Reserved15[1],,sint16,O,R,,,1
Repeating,14435,1,Reserved16[1],,sint16,O,R,,,1
Repeating,14436,1,Reserved17[1],,sint16,O,R,,,1
Repeating,14437,1,Reserved18[1],,sint16,O,R,,,1
Repeating,14438,1,Reserved19[1],,sint16,O,R,,,1
Repeating,14439,1,Reserved20[1],,sint16,O,R,,,1
Repeating,14440,1,Reserved21[1],,sint16,O,R,,,1
Repeating,14441,1,Reserved22[1],,sint16,O,R,,,1
Repeating,14442,1,Reserved23[1],,sint16,O,R,,,1
Repeating,14443,1,Reserved24[1],,sint16,O,R,,,1
Repeating,14444,1,SegIndex[2],,sint16,M,R,,,1
Repeating,14445,1,SegType[2],,enum16,M,R,,,1
Repeating,14446,1,ArrayIndex[2],,sint16,M,R,,,1
Repeating,14447,2,SegEvent[2],,bitfield32,M,R,,,1
Repeating,14449,2,SegDeviceCommsLost[2],,bitfield32,M,R,,,1
Repeating,14451,1,SegInternalTmp[2],,sint16,M,R,Tmp_SF,C,1
Repeating,14452,1,SegInternalHumidity[2],,sint16,M,R,Humidity_SF,%,1
Repeating,14453,2,SegHvacState[2],,bitfield32,M,R,,,1
Repeating,14455,1,HydrogenPPM[2],,uint16,M,R,HPPM_SF,PPM,1
Repeating,14456,1,CellTmpMax[2],,sint16,M,R,Tmp_SF,C,1
Repeating,14457,1,CellTmpMin[2],,sint16,M,R,Tmp_SF,C,1
Repeating,14458,1,CellTmpAvg[2],,sint16,M,R,Tmp_SF,C,1
Repeating,14459,1,Reserved15[2],,sint16,O,R,,,1
Repeating,14460,1,Reserved16[2],,sint16,O,R,,,1
Repeating,14461,1,Reserved17[2],,sint16,O,R,,,1
Repeating,14462,1,Reserved18[2],,sint16,O,R,,,1
Repeating,14463,1,Reserved19[2],,sint16,O,R,,,1
Repeating,14464,1,Reserved20[2],,sint16,O,R,,,1
Repeating,14465,1,Reserved21[2],,sint16,O,R,,,1
Repeating,14466,1,Reserved22[2],,sint16,O,R,,,1
Repeating,14467,1,Reserved23[2],,sint16,O,R,,,1
Repeating,14468,1,Reserved24[2],,sint16,O,R,,,1
Repeating,14469,1,SegIndex[3],,sint16,M,R,,,1
Repeating,14470,1,SegType[3],,enum16,M,R,,,1
Repeating,14471,1,ArrayIndex[3],,sint16,M,R,,,1
Repeating,14472,2,SegEvent[3],,bitfield32,M,R,,,1
Repeating,14474,2,SegDeviceCommsLost[3],,bitfield32,M,R,,,1
Repeating,14476,1,SegInternalTmp[3],,sint16,M,R,Tmp_SF,C,1
Repeating,14477,1,SegInternalHumidity[3],,sint16,M,R,Humidity_SF,%,1
Repeating,14478,2,SegHvacState[3],,bitfield32,M,R,,,1
Repeating,14480,1,HydrogenPPM[3],,uint16,M,R,HPPM_SF,PPM,1
Repeating,14481,1,CellTmpMax[3],,sint16,M,R,Tmp_SF,C,1
Repeating,14482,1,CellTmpMin[3],,sint16,M,R,Tmp_SF,C,1
Repeating,14483,1,CellTmpAvg[3],,sint16,M,R,Tmp_SF,C,1
Repeating,14484,1,Reserved15[3],,sint16,O,R,,,1
Repeating,14485,1,Reserved16[3],,sint16,O,R,,,1
Repeating,14486,1,Reserved17[3],,sint16,O,R,,,1
Repeating,14487,1,Reserved18[3],,sint16,O,R,,,1
Repeating,14488,1,Reserved19[3],,sint16,O,R,,,1
Repeating,14489,1,Reserved20[3],,sint16,O,R,,,1
Repeating,14490,1,Reserved21[3],,sint16,O,R,,,1
Repeating,14491,1,Reserved22[3],,sint16,O,R,,,1
Repeating,14492,1,Reserved23[3],,sint16,O,R,,,1
Repeating,14493,1,Reserved24[3],,sint16,O,R,,,1
Repeating,14494,1,SegIndex[4],,sint16,M,R,,,1
Repeating,14495,1,SegType[4],,enum16,M,R,,,1
Repeating,14496,1,ArrayIndex[4],,sint16,M,R,,,1
Repeating,14497,2,SegEvent[4],,bitfield32,M,R,,,1
Repeating,14499,2,SegDeviceCommsLost[4],,bitfield32,M,R,,,1
Repeating,14501,1,SegInternalTmp[4],,sint16,M,R,Tmp_SF,C,1
Repeating,14502,1,SegInternalHumidity[4],,sint16,M,R,Humidity_SF,%,1
Repeating,14503,2,SegHvacState[4],,bitfield32,M,R,,,1
Repeating,14505,1,HydrogenPPM[4],,uint16,M,R,HPPM_SF,PPM,1
Repeating,14506,1,CellTmpMax[4],,sint16,M,R,Tmp_SF,C,1
Repeating,14507,1,CellTmpMin[4],,sint16,M,R,Tmp_SF,C,1
Repeating,14508,1,CellTmpAvg[4],,sint16,M,R,Tmp_SF,C,1
Repeating,14509,1,Reserved15[4],,sint16,O,R,,,1
Repeating,14510,1,Reserved16[4],,sint16,O,R,,,1
Repeating,14511,1,Reserved17[4],,sint16,O,R,,,1
Repeating,14512,1,Reserved18[4],,sint16,O,R,,,1
Repeating,14513,1,Reserved19[4],,sint16,O,R,,,1
Repeating,14514,1,Reserved20[4],,sint16,O,R,,,1
Repeating,14515,1,Reserved21[4],,sint16,O,R,,,1
Repeating,14516,1,Reserved22[4],,sint16,O,R,,,1
Repeating,14517,1,Reserved23[4],,sint16,O,R,,,1
Repeating,14518,1,Reserved24[4],,sint16,O,R,,,1
Repeating,14519,1,SegIndex[5],,sint16,M,R,,,1
Repeating,14520,1,SegType[5],,enum16,M,R,,,1
Repeating,14521,1,ArrayIndex[5],,sint16,M,R,,,1
Repeating,14522,2,SegEvent[5],,bitfield32,M,R,,,1
Repeating,14524,2,SegDeviceCommsLost[5],,bitfield32,M,R,,,1
Repeating,14526,1,SegInternalTmp[5],,sint16,M,R,Tmp_SF,C,1
Repeating,14527,1,SegInternalHumidity[5],,sint16,M,R,Humidity_SF,%,1
Repeating,14528,2,SegHvacState[5],,bitfield32,M,R,,,1
Repeating,14530,1,HydrogenPPM[5],,uint16,M,R,HPPM_SF,PPM,1
Repeating,14531,1,CellTmpMax[5],,sint16,M,R,Tmp_SF,C,1
Repeating,14532,1,CellTmpMin[5],,sint16,M,R,Tmp_SF,C,1
Repeating,14533,1,CellTmpAvg[5],,sint16,M,R,Tmp_SF,C,1
Repeating,14534,1,Reserved15[5],,sint16,O,R,,,1
Repeating,14535,1,Reserved16[5],,sint16,O,R,,,1
Repeating,14536,1,Reserved17[5],,sint16,O,R,,,1
Repeating,14537,1,Reserved18[5],,sint16,O,R,,,1
Repeating,14538,1,Reserved19[5],,sint16,O,R,,,1
Repeating,14539,1,Reserved20[5],,sint16,O,R,,,1
Repeating,14540,1,Reserved21[5],,sint16,O,R,,,1
Repeating,14541,1,Reserved22[5],,sint16,O,R,,,1
Repeating,14542,1,Reserved23[5],,sint16,O,R,,,1
Repeating,14543,1,Reserved24[5],,sint16,O,R,,,1
Repeating,14544,1,SegIndex[6],,sint16,M,R,,,1
Repeating,14545,1,SegType[6],,enum16,M,R,,,1
Repeating,14546,1,ArrayIndex[6],,sint16,M,R,,,1
Repeating,14547,2,SegEvent[6],,bitfield32,M,R,,,1
Repeating,14549,2,SegDeviceCommsLost[6],,bitfield32,M,R,,,1
Repeating,14551,1,SegInternalTmp[6],,sint16,M,R,Tmp_SF,C,1
Repeating,14552,1,SegInternalHumidity[6],,sint16,M,R,Humidity_SF,%,1
Repeating,14553,2,SegHvacState[6],,bitfield32,M,R,,,1
Repeating,14555,1,HydrogenPPM[6],,uint16,M,R,HPPM_SF,PPM,1
Repeating,14556,1,CellTmpMax[6],,sint16,M,R,Tmp_SF,C,1
Repeating,14557,1,CellTmpMin[6],,sint16,M,R,Tmp_SF,C,1
Repeating,14558,1,CellTmpAvg[6],,sint16,M,R,Tmp_SF,C,1
Repeating,14559,1,Reserved15[6],,sint16,O,R,,,1
Repeating,14560,1,Reserved16[6],,sint16,O,R,,,1
Repeating,14561,1,Reserved17[6],,sint16,O,R,,,1
Repeating,14562,1,Reserved18[6],,sint16,O,R,,,1
Repeating,14563,1,Reserved19[6],,sint16,O,R,,,1
Repeating,14564,1,Reserved20[6],,sint16,O,R,,,1
Repeating,14565,1,Reserved21[6],,sint16,O,R,,,1
Repeating,14566,1,Reserved22[6],,sint16,O,R,,,1
Repeating,14567,1,Reserved23[6],,sint16,O,R,,,1
Repeating,14568,1,Reserved24[6],,sint16,O,R,,,1
Repeating,14569,1,SegIndex[7],,sint16,M,R,,,1
Repeating,14570,1,SegType[7],,enum16,M,R,,,1
Repeating,14571,1,ArrayIndex[7],,sint16,M,R,,,1
Repeating,14572,2,SegEvent[7],,bitfield32,M,R,,,1
Repeating,14574,2,SegDeviceCommsLost[7],,bitfield32,M,R,,,1
Repeating,14576,1,SegInternalTmp[7],,sint16,M,R,Tmp_SF,C,1
Repeating,14577,1,SegInternalHumidity[7],,sint16,M,R,Humidity_SF,%,1
Repeating,14578,2,SegHvacState[7],,bitfield32,M,R,,,1
Repeating,14580,1,HydrogenPPM[7],,uint16,M,R,HPPM_SF,PPM,1
Repeating,14581,1,CellTmpMax[7],,sint16,M,R,Tmp_SF,C,1
Repeating,14582,1,CellTmpMin[7],,sint16,M,R,Tmp_SF,C,1
Repeating,14583,1,CellTmpAvg[7],,sint16,M,R,Tmp_SF,C,1
Repeating,14584,1,Reserved15[7],,sint16,O,R,,,1
Repeating,14585,1,Reserved16[7],,sint16,O,R,,,1
Repeating,14586,1,Reserved17[7],,sint16,O,R,,,1
Repeating,14587,1,Reserved18[7],,sint16,O,R,,,1
Repeating,14588,1,Reserved19[7],,sint16,O,R,,,1
Repeating,14589,1,Reserved20[7],,sint16,O,R,,,1
Repeating,14590,1,Reserved21[7],,sint16,O,R,,,1
Repeating,14591,1,Reserved22[7],,sint16,O,R,,,1
Repeating,14592,1,Reserved23[7],,sint16,O,R,,,1
Repeating,14593,1,Reserved24[7],,sint16,O,R,,,1
Repeating,14594,1,SegIndex[8],,sint16,M,R,,,1
Repeating,14595,1,SegType[8],,enum16,M,R,,,1
Repeating,14596,1,ArrayIndex[8],,sint16,M,R,,,1
Repeating,14597,2,SegEvent[8],,bitfield32,M,R,,,1
Repeating,14599,2,SegDeviceCommsLost[8],,bitfield32,M,R,,,1
Repeating,14601,1,SegInternalTmp[8],,sint16,M,R,Tmp_SF,C,1
Repeating,14602,1,SegInternalHumidity[8],,sint16,M,R,Humidity_SF,%,1
Repeating,14603,2,SegHvacState[8],,bitfield32,M,R,,,1
Repeating,14605,1,HydrogenPPM[8],,uint16,M,R,HPPM_SF,PPM,1
Repeating,14606,1,CellTmpMax[8],,sint16,M,R,Tmp_SF,C,1
Repeating,14607,1,CellTmpMin[8],,sint16,M,R,Tmp_SF,C,1
Repeating,14608,1,CellTmpAvg[8],,sint16,M,R,Tmp_SF,C,1
Repeating,14609,1,Reserved15[8],,sint16,O,R,,,1
Repeating,14610,1,Reserved16[8],,sint16,O,R,,,1
Repeating,14611,1,Reserved17[8],,sint16,O,R,,,1
Repeating,14612,1,Reserved18[8],,sint16,O,R,,,1
Repeating,14613,1,Reserved19[8],,sint16,O,R,,,1
Repeating,14614,1,Reserved20[8],,sint16,O,R,,,1
Repeating,14615,1,Reserved21[8],,sint16,O,R,,,1
Repeating,14616,1,Reserved22[8],,sint16,O,R,,,1
Repeating,14617,1,Reserved23[8],,sint16,O,R,,,1
Repeating,14618,1,Reserved24[8],,sint16,O,R,,,1
Repeating,14619,1,SegIndex[9],,sint16,M,R,,,1
Repeating,14620,1,SegType[9],,enum16,M,R,,,1
Repeating,14621,1,ArrayIndex[9],,sint16,M,R,,,1
Repeating,14622,2,SegEvent[9],,bitfield32,M,R,,,1
Repeating,14624,2,SegDeviceCommsLost[9],,bitfield32,M,R,,,1
Repeating,14626,1,SegInternalTmp[9],,sint16,M,R,Tmp_SF,C,1
Repeating,14627,1,SegInternalHumidity[9],,sint16,M,R,Humidity_SF,%,1
Repeating,14628,2,SegHvacState[9],,bitfield32,M,R,,,1
Repeating,14630,1,HydrogenPPM[9],,uint16,M,R,HPPM_SF,PPM,1
Repeating,14631,1,CellTmpMax[9],,sint16,M,R,Tmp_SF,C,1
Repeating,14632,1,CellTmpMin[9],,sint16,M,R,Tmp_SF,C,1
Repeating,14633,1,CellTmpAvg[9],,sint16,M,R,Tmp_SF,C,1
Repeating,14634,1,Reserved15[9],,sint16,O,R,,,1
Repeating,14635,1,Reserved16[9],,sint16,O,R,,,1
Repeating,14636,1,Reserved17[9],,sint16,O,R,,,1
Repeating,14637,1,Reserved18[9],,sint16,O,R,,,1
Repeating,14638,1,Reserved19[9],,sint16,O,R,,,1
Repeating,14639,1,Reserved20[9],,sint16,O,R,,,1
Repeating,14640,1,Reserved21[9],,sint16,O,R,,,1
Repeating,14641,1,Reserved22[9],,sint16,O,R,,,1
Repeating,14642,1,Reserved23[9],,sint16,O,R,,,1
Repeating,14643,1,Reserved24[9],,sint16,O,R,,,1
Repeating,14644,1,SegIndex[10],,sint16,M,R,,,1
Repeating,14645,1,SegType[10],,enum16,M,R,,,1
Repeating,14646,1,ArrayIndex[10],,sint16,M,R,,,1
Repeating,14647,2,SegEvent[10],,bitfield32,M,R,,,1
Repeating,14649,2,SegDeviceCommsLost[10],,bitfield32,M,R,,,1
Repeating,14651,1,SegInternalTmp[10],,sint16,M,R,Tmp_SF,C,1
Repeating,14652,1,SegInternalHumidity[10],,sint16,M,R,Humidity_SF,%,1
Repeating,14653,2,SegHvacState[10],,bitfield32,M,R,,,1
Repeating,14655,1,HydrogenPPM[10],,uint16,M,R,HPPM_SF,PPM,1
Repeating,14656,1,CellTmpMax[10],,sint16,M,R,Tmp_SF,C,1
Repeating,14657,1,CellTmpMin[10],,sint16,M,R,Tmp_SF,C,1
Repeating,14658,1,CellTmpAvg[10],,sint16,M,R,Tmp_SF,C,1
Repeating,14659,1,Reserved15[10],,sint16,O,R,,,1
Repeating,14660,1,Reserved16[10],,sint16,O,R,,,1
Repeating,14661,1,Reserved17[10],,sint16,O,R,,,1
Repeating,14662,1,Reserved18[10],,sint16,O,R,,,1
Repeating,14663,1,Reserved19[10],,sint16,O,R,,,1
Repeating,14664,1,Reserved20[10],,sint16,O,R,,,1
Repeating,14665,1,Reserved21[10],,sint16,O,R,,,1
Repeating,14666,1,Reserved22[10],,sint16,O,R,,,1
Repeating,14667,1,Reserved23[10],,sint16,O,R,,,1
Repeating,14668,1,Reserved24[10],,sint16,O,R,,,1
Repeating,14669,1,SegIndex[11],,sint16,M,R,,,1
Repeating,14670,1,SegType[11],,enum16,M,R,,,1
Repeating,14671,1,ArrayIndex[11],,sint16,M,R,,,1
Repeating,14672,2,SegEvent[11],,bitfield32,M,R,,,1
Repeating,14674,2,SegDeviceCommsLost[11],,bitfield32,M,R,,,1
Repeating,14676,1,SegInternalTmp[11],,sint16,M,R,Tmp_SF,C,1
Repeating,14677,1,SegInternalHumidity[11],,sint16,M,R,Humidity_SF,%,1
Repeating,14678,2,SegHvacState[11],,bitfield32,M,R,,,1
Repeating,14680,1,HydrogenPPM[11],,uint16,M,R,HPPM_SF,PPM,1
Repeating,14681,1,CellTmpMax[11],,sint16,M,R,Tmp_SF,C,1
Repeating,14682,1,CellTmpMin[11],,sint16,M,R,Tmp_SF,C,1
Repeating,14683,1,CellTmpAvg[11],,sint16,M,R,Tmp_SF,C,1
Repeating,14684,1,Reserved15[11],,sint16,O,R,,,1
Repeating,14685,1,Reserved16[11],,sint16,O,R,,,1
Repeating,14686,1,Reserved17[11],,sint16,O,R,,,1
Repeating,14687,1,Reserved18[11],,sint16,O,R,,,1
Repeating,14688,1,Reserved19[11],,sint16,O,R,,,1
Repeating,14689,1,Reserved20[11],,sint16,O,R,,,1
Repeating,14690,1,Reserved21[11],,sint16,O,R,,,1
Repeating,14691,1,Reserved22[11],,sint16,O,R,,,1
Repeating,14692,1,Reserved23[11],,sint16,O,R,,,1
Repeating,14693,1,Reserved24[11],,sint16,O,R,,,1
Repeating,14694,1,SegIndex[12],,sint16,M,R,,,1
Repeating,14695,1,SegType[12],,enum16,M,R,,,1
Repeating,14696,1,ArrayIndex[12],,sint16,M,R,,,1
Repeating,14697,2,SegEvent[12],,bitfield32,M,R,,,1
Repeating,14699,2,SegDeviceCommsLost[12],,bitfield32,M,R,,,1
Repeating,14701,1,SegInternalTmp[12],,sint16,M,R,Tmp_SF,C,1
Repeating,14702,1,SegInternalHumidity[12],,sint16,M,R,Humidity_SF,%,1
Repeating,14703,2,SegHvacState[12],,bitfield32,M,R,,,1
Repeating,14705,1,HydrogenPPM[12],,uint16,M,R,HPPM_SF,PPM,1
Repeating,14706,1,CellTmpMax[12],,sint16,M,R,Tmp_SF,C,1
Repeating,14707,1,CellTmpMin[12],,sint16,M,R,Tmp_SF,C,1
Repeating,14708,1,CellTmpAvg[12],,sint16,M,R,Tmp_SF,C,1
Repeating,14709,1,Reserved15[12],,sint16,O,R,,,1
Repeating,14710,1,Reserved16[12],,sint16,O,R,,,1
Repeating,14711,1,Reserved17[12],,sint16,O,R,,,1
Repeating,14712,1,Reserved18[12],,sint16,O,R,,,1
Repeating,14713,1,Reserved19[12],,sint16,O,R,,,1
Repeating,14714,1,Reserved20[12],,sint16,O,R,,,1
Repeating,14715,1,Reserved21[12],,sint16,O,R,,,1
Repeating,14716,1,Reserved22[12],,sint16,O,R,,,1
Repeating,14717,1,Reserved23[12],,sint16,O,R,,,1
Repeating,14718,1,Reserved24[12],,sint16,O,R,,,1
Repeating,14719,1,SegIndex[13],,sint16,M,R,,,1
Repeating,14720,1,SegType[13],,enum16,M,R,,,1
Repeating,14721,1,ArrayIndex[13],,sint16,M,R,,,1
Repeating,14722,2,SegEvent[13],,bitfield32,M,R,,,1
Repeating,14724,2,SegDeviceCommsLost[13],,bitfield32,M,R,,,1
Repeating,14726,1,SegInternalTmp[13],,sint16,M,R,Tmp_SF,C,1
Repeating,14727,1,SegInternalHumidity[13],,sint16,M,R,Humidity_SF,%,1
Repeating,14728,2,SegHvacState[13],,bitfield32,M,R,,,1
Repeating,14730,1,HydrogenPPM[13],,uint16,M,R,HPPM_SF,PPM,1
Repeating,14731,1,CellTmpMax[13],,sint16,M,R,Tmp_SF,C,1
Repeating,14732,1,CellTmpMin[13],,sint16,M,R,Tmp_SF,C,1
Repeating,14733,1,CellTmpAvg[13],,sint16,M,R,Tmp_SF,C,1
Repeating,14734,1,Reserved15[13],,sint16,O,R,,,1
Repeating,14735,1,Reserved16[13],,sint16,O,R,,,1
Repeating,14736,1,Reserved17[13],,sint16,O,R,,,1
Repeating,14737,1,Reserved18[13],,sint16,O,R,,,1
Repeating,14738,1,Reserved19[13],,sint16,O,R,,,1
Repeating,14739,1,Reserved20[13],,sint16,O,R,,,1
Repeating,14740,1,Reserved21[13],,sint16,O,R,,,1
Repeating,14741,1,Reserved22[13],,sint16,O,R,,,1
Repeating,14742,1,Reserved23[13],,sint16,O,R,,,1
Repeating,14743,1,Reserved24[13],,sint16,O,R,,,1
Repeating,14744,1,SegIndex[14],,sint16,M,R,,,1
Repeating,14745,1,SegType[14],,enum16,M,R,,,1
Repeating,14746,1,ArrayIndex[14],,sint16,M,R,,,1
Repeating,14747,2,SegEvent[14],,bitfield32,M,R,,,1
Repeating,14749,2,SegDeviceCommsLost[14],,bitfield32,M,R,,,1
Repeating,14751,1,SegInternalTmp[14],,sint16,M,R,Tmp_SF,C,1
Repeating,14752,1,SegInternalHumidity[14],,sint16,M,R,Humidity_SF,%,1
Repeating,14753,2,SegHvacState[14],,bitfield32,M,R,,,1
Repeating,14755,1,HydrogenPPM[14],,uint16,M,R,HPPM_SF,PPM,1
Repeating,14756,1,CellTmpMax[14],,sint16,M,R,Tmp_SF,C,1
Repeating,14757,1,CellTmpMin[14],,sint16,M,R,Tmp_SF,C,1
Repeating,14758,1,CellTmpAvg[14],,sint16,M,R,Tmp_SF,C,1
Repeating,14759,1,Reserved15[14],,sint16,O,R,,,1
Repeating,14760,1,Reserved16[14],,sint16,O,R,,,1
Repeating,14761,1,Reserved17[14],,sint16,O,R,,,1
Repeating,14762,1,Reserved18[14],,sint16,O,R,,,1
Repeating,14763,1,Reserved19[14],,sint16,O,R,,,1
Repeating,14764,1,Reserved20[14],,sint16,O,R,,,1
Repeating,14765,1,Reserved21[14],,sint16,O,R,,,1
Repeating,14766,1,Reserved22[14],,sint16,O,R,,,1
Repeating,14767,1,Reserved23[14],,sint16,O,R,,,1
Repeating,14768,1,Reserved24[14],,sint16,O,R,,,1
Repeating,14769,1,SegIndex[15],,sint16,M,R,,,1
Repeating,14770,1,SegType[15],,enum16,M,R,,,1
Repeating,14771,1,ArrayIndex[15],,sint16,M,R,,,1
Repeating,14772,2,SegEvent[15],,bitfield32,M,R,,,1
Repeating,14774,2,SegDeviceCommsLost[15],,bitfield32,M,R,,,1
Repeating,14776,1,SegInternalTmp[15],,sint16,M,R,Tmp_SF,C,1
Repeating,14777,1,SegInternalHumidity[15],,sint16,M,R,Humidity_SF,%,1
Repeating,14778,2,SegHvacState[15],,bitfield32,M,R,,,1
Repeating,14780,1,HydrogenPPM[15],,uint16,M,R,HPPM_SF,PPM,1
Repeating,14781,1,CellTmpMax[15],,sint16,M,R,Tmp_SF,C,1
Repeating,14782,1,CellTmpMin[15],,sint16,M,R,Tmp_SF,C,1
Repeating,14783,1,CellTmpAvg[15],,sint16,M,R,Tmp_SF,C,1
Repeating,14784,1,Reserved15[15],,sint16,O,R,,,1
Repeating,14785,1,Reserved16[15],,sint16,O,R,,,1
Repeating,14786,1,Reserved17[15],,sint16,O,R,,,1
Repeating,14787,1,Reserved18[15],,sint16,O,R,,,1
Repeating,14788,1,Reserved19[15],,sint16,O,R,,,1
Repeating,14789,1,Reserved20[15],,sint16,O,R,,,1
Repeating,14790,1,Reserved21[15],,sint16,O,R,,,1
Repeating,14791,1,Reserved22[15],,sint16,O,R,,,1
Repeating,14792,1,Reserved23[15],,sint16,O,R,,,1
Repeating,14793,1,Reserved24[15],,sint16,O,R,,,1
Repeating,14794,1,SegIndex[16],,sint16,M,R,,,1
Repeating,14795,1,SegType[16],,enum16,M,R,,,1
Repeating,14796,1,ArrayIndex[16],,sint16,M,R,,,1
Repeating,14797,2,SegEvent[16],,bitfield32,M,R,,,1
Repeating,14799,2,SegDeviceCommsLost[16],,bitfield32,M,R,,,1
Repeating,14801,1,SegInternalTmp[16],,sint16,M,R,Tmp_SF,C,1
Repeating,14802,1,SegInternalHumidity[16],,sint16,M,R,Humidity_SF,%,1
Repeating,14803,2,SegHvacState[16],,bitfield32,M,R,,,1
Repeating,14805,1,HydrogenPPM[16],,uint16,M,R,HPPM_SF,PPM,1
Repeating,14806,1,CellTmpMax[16],,sint16,M,R,Tmp_SF,C,1
Repeating,14807,1,CellTmpMin[16],,sint16,M,R,Tmp_SF,C,1
Repeating,14808,1,CellTmpAvg[16],,sint16,M,R,Tmp_SF,C,1
Repeating,14809,1,Reserved15[16],,sint16,O,R,,,1
Repeating,14810,1,Reserved16[16],,sint16,O,R,,,1
Repeating,14811,1,Reserved17[16],,sint16,O,R,,,1
Repeating,14812,1,Reserved18[16],,sint16,O,R,,,1
Repeating,14813,1,Reserved19[16],,sint16,O,R,,,1
Repeating,14814,1,Reserved20[16],,sint16,O,R,,,1
Repeating,14815,1,Reserved21[16],,sint16,O,R,,,1
Repeating,14816,1,Reserved22[16],,sint16,O,R,,,1
Repeating,14817,1,Reserved23[16],,sint16,O,R,,,1
Repeating,14818,1,Reserved24[16],,sint16,O,R,,,1
Repeating,14819,1,SegIndex[17],,sint16,M,R,,,1
Repeating,14820,1,SegType[17],,enum16,M,R,,,1
Repeating,14821,1,ArrayIndex[17],,sint16,M,R,,,1
Repeating,14822,2,SegEvent[17],,bitfield32,M,R,,,1
Repeating,14824,2,SegDeviceCommsLost[17],,bitfield32,M,R,,,1
Repeating,14826,1,SegInternalTmp[17],,sint16,M,R,Tmp_SF,C,1
Repeating,14827,1,SegInternalHumidity[17],,sint16,M,R,Humidity_SF,%,1
Repeating,14828,2,SegHvacState[17],,bitfield32,M,R,,,1
Repeating,14830,1,HydrogenPPM[17],,uint16,M,R,HPPM_SF,PPM,1
Repeating,14831,1,CellTmpMax[17],,sint16,M,R,Tmp_SF,C,1
Repeating,14832,1,CellTmpMin[17],,sint16,M,R,Tmp_SF,C,1
Repeating,14833,1,CellTmpAvg[17],,sint16,M,R,Tmp_SF,C,1
Repeating,14834,1,Reserved15[17],,sint16,O,R,,,1
Repeating,14835,1,Reserved16[17],,sint16,O,R,,,1
Repeating,14836,1,Reserved17[17],,sint16,O,R,,,1
Repeating,14837,1,Reserved18[17],,sint16,O,R,,,1
Repeating,14838,1,Reserved19[17],,sint16,O,R,,,1
Repeating,14839,1,Reserved20[17],,sint16,O,R,,,1
Repeating,14840,1,Reserved21[17],,sint16,O,R,,,1
Repeating,14841,1,Reserved22[17],,sint16,O,R,,,1
Repeating,14842,1,Reserved23[17],,sint16,O,R,,,1
Repeating,14843,1,Reserved24[17],,sint16,O,R,,,1
Repeating,14844,1,SegIndex[18],,sint16,M,R,,,1
Repeating,14845,1,SegType[18],,enum16,M,R,,,1
Repeating,14846,1,ArrayIndex[18],,sint16,M,R,,,1
Repeating,14847,2,SegEvent[18],,bitfield32,M,R,,,1
Repeating,14849,2,SegDeviceCommsLost[18],,bitfield32,M,R,,,1
Repeating,14851,1,SegInternalTmp[18],,sint16,M,R,Tmp_SF,C,1
Repeating,14852,1,SegInternalHumidity[18],,sint16,M,R,Humidity_SF,%,1
Repeating,14853,2,SegHvacState[18],,bitfield32,M,R,,,1
Repeating,14855,1,HydrogenPPM[18],,uint16,M,R,HPPM_SF,PPM,1
Repeating,14856,1,CellTmpMax[18],,sint16,M,R,Tmp_SF,C,1
Repeating,14857,1,CellTmpMin[18],,sint16,M,R,Tmp_SF,C,1
Repeating,14858,1,CellTmpAvg[18],,sint16,M,R,Tmp_SF,C,1
Repeating,14859,1,Reserved15[18],,sint16,O,R,,,1
Repeating,14860,1,Reserved16[18],,sint16,O,R,,,1
Repeating,14861,1,Reserved17[18],,sint16,O,R,,,1
Repeating,14862,1,Reserved18[18],,sint16,O,R,,,1
Repeating,14863,1,Reserved19[18],,sint16,O,R,,,1
Repeating,14864,1,Reserved20[18],,sint16,O,R,,,1
Repeating,14865,1,Reserved21[18],,sint16,O,R,,,1
Repeating,14866,1,Reserved22[18],,sint16,O,R,,,1
Repeating,14867,1,Reserved23[18],,sint16,O,R,,,1
Repeating,14868,1,Reserved24[18],,sint16,O,R,,,1
Repeating,14869,1,SegIndex[19],,sint16,M,R,,,1
Repeating,14870,1,SegType[19],,enum16,M,R,,,1
Repeating,14871,1,ArrayIndex[19],,sint16,M,R,,,1
Repeating,14872,2,SegEvent[19],,bitfield32,M,R,,,1
Repeating,14874,2,SegDeviceCommsLost[19],,bitfield32,M,R,,,1
Repeating,14876,1,SegInternalTmp[19],,sint16,M,R,Tmp_SF,C,1
Repeating,14877,1,SegInternalHumidity[19],,sint16,M,R,Humidity_SF,%,1
Repeating,14878,2,SegHvacState[19],,bitfield32,M,R,,,1
Repeating,14880,1,HydrogenPPM[19],,uint16,M,R,HPPM_SF,PPM,1
Repeating,14881,1,CellTmpMax[19],,sint16,M,R,Tmp_SF,C,1
Repeating,14882,1,CellTmpMin[19],,sint16,M,R,Tmp_SF,C,1
Repeating,14883,1,CellTmpAvg[19],,sint16,M,R,Tmp_SF,C,1
Repeating,14884,1,Reserved15[19],,sint16,O,R,,,1
Repeating,14885,1,Reserved16[19],,sint16,O,R,,,1
Repeating,14886,1,Reserved17[19],,sint16,O,R,,,1
Repeating,14887,1,Reserved18[19],,sint16,O,R,,,1
Repeating,14888,1,Reserved19[19],,sint16,O,R,,,1
Repeating,14889,1,Reserved20[19],,sint16,O,R,,,1
Repeating,14890,1,Reserved21[19],,sint16,O,R,,,1
Repeating,14891,1,Reserved22[19],,sint16,O,R,,,1
Repeating,14892,1,Reserved23[19],,sint16,O,R,,,1
Repeating,14893,1,Reserved24[19],,sint16,O,R,,,1
Repeating,14894,1,SegIndex[20],,sint16,M,R,,,1
Repeating,14895,1,SegType[20],,enum16,M,R,,,1
Repeating,14896,1,ArrayIndex[20],,sint16,M,R,,,1
Repeating,14897,2,SegEvent[20],,bitfield32,M,R,,,1
Repeating,14899,2,SegDeviceCommsLost[20],,bitfield32,M,R,,,1
Repeating,14901,1,SegInternalTmp[20],,sint16,M,R,Tmp_SF,C,1
Repeating,14902,1,SegInternalHumidity[20],,sint16,M,R,Humidity_SF,%,1
Repeating,14903,2,SegHvacState[20],,bitfield32,M,R,,,1
Repeating,14905,1,HydrogenPPM[20],,uint16,M,R,HPPM_SF,PPM,1
Repeating,14906,1,CellTmpMax[20],,sint16,M,R,Tmp_SF,C,1
Repeating,14907,1,CellTmpMin[20],,sint16,M,R,Tmp_SF,C,1
Repeating,14908,1,CellTmpAvg[20],,sint16,M,R,Tmp_SF,C,1
Repeating,14909,1,Reserved15[20],,sint16,O,R,,,1
Repeating,14910,1,Reserved16[20],,sint16,O,R,,,1
Repeating,14911,1,Reserved17[20],,sint16,O,R,,,1
Repeating,14912,1,Reserved18[20],,sint16,O,R,,,1
Repeating,14913,1,Reserved19[20],,sint16,O,R,,,1
Repeating,14914,1,Reserved20[20],,sint16,O,R,,,1
Repeating,14915,1,Reserved21[20],,sint16,O,R,,,1
Repeating,14916,1,Reserved22[20],,sint16,O,R,,,1
Repeating,14917,1,Reserved23[20],,sint16,O,R,,,1
Repeating,14918,1,Reserved24[20],,sint16,O,R,,,1
Repeating,14919,1,SegIndex[21],,sint16,M,R,,,1
Repeating,14920,1,SegType[21],,enum16,M,R,,,1
Repeating,14921,1,ArrayIndex[21],,sint16,M,R,,,1
Repeating,14922,2,SegEvent[21],,bitfield32,M,R,,,1
Repeating,14924,2,SegDeviceCommsLost[21],,bitfield32,M,R,,,1
Repeating,14926,1,SegInternalTmp[21],,sint16,M,R,Tmp_SF,C,1
Repeating,14927,1,SegInternalHumidity[21],,sint16,M,R,Humidity_SF,%,1
Repeating,14928,2,SegHvacState[21],,bitfield32,M,R,,,1
Repeating,14930,1,HydrogenPPM[21],,uint16,M,R,HPPM_SF,PPM,1
Repeating,14931,1,CellTmpMax[21],,sint16,M,R,Tmp_SF,C,1
Repeating,14932,1,CellTmpMin[21],,sint16,M,R,Tmp_SF,C,1
Repeating,14933,1,CellTmpAvg[21],,sint16,M,R,Tmp_SF,C,1
Repeating,14934,1,Reserved15[21],,sint16,O,R,,,1
Repeating,14935,1,Reserved16[21],,sint16,O,R,,,1
Repeating,14936,1,Reserved17[21],,sint16,O,R,,,1
Repeating,14937,1,Reserved18[21],,sint16,O,R,,,1
Repeating,14938,1,Reserved19[21],,sint16,O,R,,,1
Repeating,14939,1,Reserved20[21],,sint16,O,R,,,1
Repeating,14940,1,Reserved21[21],,sint16,O,R,,,1
Repeating,14941,1,Reserved22[21],,sint16,O,R,,,1
Repeating,14942,1,Reserved23[21],,sint16,O,R,,,1
Repeating,14943,1,Reserved24[21],,sint16,O,R,,,1
Header,14944,1,"ID ""PowinLineUpEnclosures""",65131,uint16,M,R,,,1
Header,14945,1,Length,564,uint16,M,R,,,1
Fixed,14946,1,LinupIndex,,sint16,M,R,,,1
Fixed,14947,1,SegQty,,sint16,M,R,,,1
Fixed,14948,2,LineupEvt1,,bitfield32,M,R,,,1
Fixed,14950,1,OATmp,,sint16,M,R,Tmp_SF,C,1
Fixed,14951,1,OAHumidity,,sint16,M,R,Humidity_SF,%,1
Fixed,14952,1,StringCount,,sint16,M,R,,,1
Fixed,14953,1,StringWithOpenContactorsCount,,sint16,M,R,,,1
Fixed,14954,1,StringWithClosedContactorsCount,,sint16,M,R,,,1
Fixed,14955,1,StringOutOfRotationCount,,sint16,M,R,,,1
Fixed,14956,1,ActiveLineupStringCommand,,enum16,M,R,,,1
Fixed,14957,1,LineupStringCommand,,enum16,M,RW,,,1
Fixed,14958,1,ReservedRegister14,,scalefactor,O,R,,,1
Fixed,14959,1,ReservedRegister15,,scalefactor,O,R,,,1
Fixed,14960,1,ReservedRegister16,,scalefactor,O,R,,,1
Fixed,14961,1,ReservedRegister17,,scalefactor,O,R,,,1
Fixed,14962,1,ReservedRegister18,,scalefactor,O,R,,,1
Fixed,14963,1,ReservedRegister19,,scalefactor,O,R,,,1
Fixed,14964,1,ReservedRegister20,,scalefactor,O,R,,,1
Fixed,14965,1,ReservedRegister21,,scalefactor,O,R,,,1
Fixed,14966,1,ReservedRegister22,,scalefactor,O,R,,,1
Fixed,14967,1,ReservedRegister23,,scalefactor,O,R,,,1
Fixed,14968,1,ReservedRegister24,,scalefactor,O,R,,,1
Fixed,14969,1,ReservedRegister25,,scalefactor,O,R,,,1
Fixed,14970,1,ReservedRegister26,,scalefactor,O,R,,,1
Fixed,14971,1,ReservedRegister27,,scalefactor,O,R,,,1
Fixed,14972,1,ReservedRegister28,,scalefactor,O,R,,,1
Fixed,14973,1,ReservedRegister29,,scalefactor,O,R,,,1
Fixed,14974,1,ReservedRegister30,,scalefactor,O,R,,,1
Fixed,14975,1,ReservedRegister31,,scalefactor,O,R,,,1
Fixed,14976,1,ReservedRegister32,,scalefactor,O,R,,,1
Fixed,14977,1,ReservedRegister33,,scalefactor,O,R,,,1
Fixed,14978,1,ReservedRegister34,,scalefactor,O,R,,,1
Fixed,14979,1,ReservedRegister35,,scalefactor,O,R,,,1
Fixed,14980,1,HPPM_SF,,scalefactor,M,R,,,1
Fixed,14981,1,Humidity_SF,,scalefactor,M,R,,,1
Fixed,14982,1,Volt_SF,,scalefactor,M,R,,,1
Fixed,14983,1,CellVolt_SF,,scalefactor,M,R,,,1
Fixed,14984,1,Tmp_SF,,scalefactor,M,R,,,1
Repeating,14985,1,SegIndex[1],,sint16,M,R,,,1
Repeating,14986,1,SegType[1],,enum16,M,R,,,1
Repeating,14987,1,ArrayIndex[1],,sint16,M,R,,,1
Repeating,14988,2,SegEvent[1],,bitfield32,M,R,,,1
Repeating,14990,2,SegDeviceCommsLost[1],,bitfield32,M,R,,,1
Repeating,14992,1,SegInternalTmp[1],,sint16,M,R,Tmp_SF,C,1
Repeating,14993,1,SegInternalHumidity[1],,sint16,M,R,Humidity_SF,%,1
Repeating,14994,2,SegHvacState[1],,bitfield32,M,R,,,1
Repeating,14996,1,HydrogenPPM[1],,uint16,M,R,HPPM_SF,PPM,1
Repeating,14997,1,CellTmpMax[1],,sint16,M,R,Tmp_SF,C,1
Repeating,14998,1,CellTmpMin[1],,sint16,M,R,Tmp_SF,C,1
Repeating,14999,1,CellTmpAvg[1],,sint16,M,R,Tmp_SF,C,1
Repeating,15000,1,Reserved15[1],,sint16,O,R,,,1
Repeating,15001,1,Reserved16[1],,sint16,O,R,,,1
Repeating,15002,1,Reserved17[1],,sint16,O,R,,,1
Repeating,15003,1,Reserved18[1],,sint16,O,R,,,1
Repeating,15004,1,Reserved19[1],,sint16,O,R,,,1
Repeating,15005,1,Reserved20[1],,sint16,O,R,,,1
Repeating,15006,1,Reserved21[1],,sint16,O,R,,,1
Repeating,15007,1,Reserved22[1],,sint16,O,R,,,1
Repeating,15008,1,Reserved23[1],,sint16,O,R,,,1
Repeating,15009,1,Reserved24[1],,sint16,O,R,,,1
Repeating,15010,1,SegIndex[2],,sint16,M,R,,,1
Repeating,15011,1,SegType[2],,enum16,M,R,,,1
Repeating,15012,1,ArrayIndex[2],,sint16,M,R,,,1
Repeating,15013,2,SegEvent[2],,bitfield32,M,R,,,1
Repeating,15015,2,SegDeviceCommsLost[2],,bitfield32,M,R,,,1
Repeating,15017,1,SegInternalTmp[2],,sint16,M,R,Tmp_SF,C,1
Repeating,15018,1,SegInternalHumidity[2],,sint16,M,R,Humidity_SF,%,1
Repeating,15019,2,SegHvacState[2],,bitfield32,M,R,,,1
Repeating,15021,1,HydrogenPPM[2],,uint16,M,R,HPPM_SF,PPM,1
Repeating,15022,1,CellTmpMax[2],,sint16,M,R,Tmp_SF,C,1
Repeating,15023,1,CellTmpMin[2],,sint16,M,R,Tmp_SF,C,1
Repeating,15024,1,CellTmpAvg[2],,sint16,M,R,Tmp_SF,C,1
Repeating,15025,1,Reserved15[2],,sint16,O,R,,,1
Repeating,15026,1,Reserved16[2],,sint16,O,R,,,1
Repeating,15027,1,Reserved17[2],,sint16,O,R,,,1
Repeating,15028,1,Reserved18[2],,sint16,O,R,,,1
Repeating,15029,1,Reserved19[2],,sint16,O,R,,,1
Repeating,15030,1,Reserved20[2],,sint16,O,R,,,1
Repeating,15031,1,Reserved21[2],,sint16,O,R,,,1
Repeating,15032,1,Reserved22[2],,sint16,O,R,,,1
Repeating,15033,1,Reserved23[2],,sint16,O,R,,,1
Repeating,15034,1,Reserved24[2],,sint16,O,R,,,1
Repeating,15035,1,SegIndex[3],,sint16,M,R,,,1
Repeating,15036,1,SegType[3],,enum16,M,R,,,1
Repeating,15037,1,ArrayIndex[3],,sint16,M,R,,,1
Repeating,15038,2,SegEvent[3],,bitfield32,M,R,,,1
Repeating,15040,2,SegDeviceCommsLost[3],,bitfield32,M,R,,,1
Repeating,15042,1,SegInternalTmp[3],,sint16,M,R,Tmp_SF,C,1
Repeating,15043,1,SegInternalHumidity[3],,sint16,M,R,Humidity_SF,%,1
Repeating,15044,2,SegHvacState[3],,bitfield32,M,R,,,1
Repeating,15046,1,HydrogenPPM[3],,uint16,M,R,HPPM_SF,PPM,1
Repeating,15047,1,CellTmpMax[3],,sint16,M,R,Tmp_SF,C,1
Repeating,15048,1,CellTmpMin[3],,sint16,M,R,Tmp_SF,C,1
Repeating,15049,1,CellTmpAvg[3],,sint16,M,R,Tmp_SF,C,1
Repeating,15050,1,Reserved15[3],,sint16,O,R,,,1
Repeating,15051,1,Reserved16[3],,sint16,O,R,,,1
Repeating,15052,1,Reserved17[3],,sint16,O,R,,,1
Repeating,15053,1,Reserved18[3],,sint16,O,R,,,1
Repeating,15054,1,Reserved19[3],,sint16,O,R,,,1
Repeating,15055,1,Reserved20[3],,sint16,O,R,,,1
Repeating,15056,1,Reserved21[3],,sint16,O,R,,,1
Repeating,15057,1,Reserved22[3],,sint16,O,R,,,1
Repeating,15058,1,Reserved23[3],,sint16,O,R,,,1
Repeating,15059,1,Reserved24[3],,sint16,O,R,,,1
Repeating,15060,1,SegIndex[4],,sint16,M,R,,,1
Repeating,15061,1,SegType[4],,enum16,M,R,,,1
Repeating,15062,1,ArrayIndex[4],,sint16,M,R,,,1
Repeating,15063,2,SegEvent[4],,bitfield32,M,R,,,1
Repeating,15065,2,SegDeviceCommsLost[4],,bitfield32,M,R,,,1
Repeating,15067,1,SegInternalTmp[4],,sint16,M,R,Tmp_SF,C,1
Repeating,15068,1,SegInternalHumidity[4],,sint16,M,R,Humidity_SF,%,1
Repeating,15069,2,SegHvacState[4],,bitfield32,M,R,,,1
Repeating,15071,1,HydrogenPPM[4],,uint16,M,R,HPPM_SF,PPM,1
Repeating,15072,1,CellTmpMax[4],,sint16,M,R,Tmp_SF,C,1
Repeating,15073,1,CellTmpMin[4],,sint16,M,R,Tmp_SF,C,1
Repeating,15074,1,CellTmpAvg[4],,sint16,M,R,Tmp_SF,C,1
Repeating,15075,1,Reserved15[4],,sint16,O,R,,,1
Repeating,15076,1,Reserved16[4],,sint16,O,R,,,1
Repeating,15077,1,Reserved17[4],,sint16,O,R,,,1
Repeating,15078,1,Reserved18[4],,sint16,O,R,,,1
Repeating,15079,1,Reserved19[4],,sint16,O,R,,,1
Repeating,15080,1,Reserved20[4],,sint16,O,R,,,1
Repeating,15081,1,Reserved21[4],,sint16,O,R,,,1
Repeating,15082,1,Reserved22[4],,sint16,O,R,,,1
Repeating,15083,1,Reserved23[4],,sint16,O,R,,,1
Repeating,15084,1,Reserved24[4],,sint16,O,R,,,1
Repeating,15085,1,SegIndex[5],,sint16,M,R,,,1
Repeating,15086,1,SegType[5],,enum16,M,R,,,1
Repeating,15087,1,ArrayIndex[5],,sint16,M,R,,,1
Repeating,15088,2,SegEvent[5],,bitfield32,M,R,,,1
Repeating,15090,2,SegDeviceCommsLost[5],,bitfield32,M,R,,,1
Repeating,15092,1,SegInternalTmp[5],,sint16,M,R,Tmp_SF,C,1
Repeating,15093,1,SegInternalHumidity[5],,sint16,M,R,Humidity_SF,%,1
Repeating,15094,2,SegHvacState[5],,bitfield32,M,R,,,1
Repeating,15096,1,HydrogenPPM[5],,uint16,M,R,HPPM_SF,PPM,1
Repeating,15097,1,CellTmpMax[5],,sint16,M,R,Tmp_SF,C,1
Repeating,15098,1,CellTmpMin[5],,sint16,M,R,Tmp_SF,C,1
Repeating,15099,1,CellTmpAvg[5],,sint16,M,R,Tmp_SF,C,1
Repeating,15100,1,Reserved15[5],,sint16,O,R,,,1
Repeating,15101,1,Reserved16[5],,sint16,O,R,,,1
Repeating,15102,1,Reserved17[5],,sint16,O,R,,,1
Repeating,15103,1,Reserved18[5],,sint16,O,R,,,1
Repeating,15104,1,Reserved19[5],,sint16,O,R,,,1
Repeating,15105,1,Reserved20[5],,sint16,O,R,,,1
Repeating,15106,1,Reserved21[5],,sint16,O,R,,,1
Repeating,15107,1,Reserved22[5],,sint16,O,R,,,1
Repeating,15108,1,Reserved23[5],,sint16,O,R,,,1
Repeating,15109,1,Reserved24[5],,sint16,O,R,,,1
Repeating,15110,1,SegIndex[6],,sint16,M,R,,,1
Repeating,15111,1,SegType[6],,enum16,M,R,,,1
Repeating,15112,1,ArrayIndex[6],,sint16,M,R,,,1
Repeating,15113,2,SegEvent[6],,bitfield32,M,R,,,1
Repeating,15115,2,SegDeviceCommsLost[6],,bitfield32,M,R,,,1
Repeating,15117,1,SegInternalTmp[6],,sint16,M,R,Tmp_SF,C,1
Repeating,15118,1,SegInternalHumidity[6],,sint16,M,R,Humidity_SF,%,1
Repeating,15119,2,SegHvacState[6],,bitfield32,M,R,,,1
Repeating,15121,1,HydrogenPPM[6],,uint16,M,R,HPPM_SF,PPM,1
Repeating,15122,1,CellTmpMax[6],,sint16,M,R,Tmp_SF,C,1
Repeating,15123,1,CellTmpMin[6],,sint16,M,R,Tmp_SF,C,1
Repeating,15124,1,CellTmpAvg[6],,sint16,M,R,Tmp_SF,C,1
Repeating,15125,1,Reserved15[6],,sint16,O,R,,,1
Repeating,15126,1,Reserved16[6],,sint16,O,R,,,1
Repeating,15127,1,Reserved17[6],,sint16,O,R,,,1
Repeating,15128,1,Reserved18[6],,sint16,O,R,,,1
Repeating,15129,1,Reserved19[6],,sint16,O,R,,,1
Repeating,15130,1,Reserved20[6],,sint16,O,R,,,1
Repeating,15131,1,Reserved21[6],,sint16,O,R,,,1
Repeating,15132,1,Reserved22[6],,sint16,O,R,,,1
Repeating,15133,1,Reserved23[6],,sint16,O,R,,,1
Repeating,15134,1,Reserved24[6],,sint16,O,R,,,1
Repeating,15135,1,SegIndex[7],,sint16,M,R,,,1
Repeating,15136,1,SegType[7],,enum16,M,R,,,1
Repeating,15137,1,ArrayIndex[7],,sint16,M,R,,,1
Repeating,15138,2,SegEvent[7],,bitfield32,M,R,,,1
Repeating,15140,2,SegDeviceCommsLost[7],,bitfield32,M,R,,,1
Repeating,15142,1,SegInternalTmp[7],,sint16,M,R,Tmp_SF,C,1
Repeating,15143,1,SegInternalHumidity[7],,sint16,M,R,Humidity_SF,%,1
Repeating,15144,2,SegHvacState[7],,bitfield32,M,R,,,1
Repeating,15146,1,HydrogenPPM[7],,uint16,M,R,HPPM_SF,PPM,1
Repeating,15147,1,CellTmpMax[7],,sint16,M,R,Tmp_SF,C,1
Repeating,15148,1,CellTmpMin[7],,sint16,M,R,Tmp_SF,C,1
Repeating,15149,1,CellTmpAvg[7],,sint16,M,R,Tmp_SF,C,1
Repeating,15150,1,Reserved15[7],,sint16,O,R,,,1
Repeating,15151,1,Reserved16[7],,sint16,O,R,,,1
Repeating,15152,1,Reserved17[7],,sint16,O,R,,,1
Repeating,15153,1,Reserved18[7],,sint16,O,R,,,1
Repeating,15154,1,Reserved19[7],,sint16,O,R,,,1
Repeating,15155,1,Reserved20[7],,sint16,O,R,,,1
Repeating,15156,1,Reserved21[7],,sint16,O,R,,,1
Repeating,15157,1,Reserved22[7],,sint16,O,R,,,1
Repeating,15158,1,Reserved23[7],,sint16,O,R,,,1
Repeating,15159,1,Reserved24[7],,sint16,O,R,,,1
Repeating,15160,1,SegIndex[8],,sint16,M,R,,,1
Repeating,15161,1,SegType[8],,enum16,M,R,,,1
Repeating,15162,1,ArrayIndex[8],,sint16,M,R,,,1
Repeating,15163,2,SegEvent[8],,bitfield32,M,R,,,1
Repeating,15165,2,SegDeviceCommsLost[8],,bitfield32,M,R,,,1
Repeating,15167,1,SegInternalTmp[8],,sint16,M,R,Tmp_SF,C,1
Repeating,15168,1,SegInternalHumidity[8],,sint16,M,R,Humidity_SF,%,1
Repeating,15169,2,SegHvacState[8],,bitfield32,M,R,,,1
Repeating,15171,1,HydrogenPPM[8],,uint16,M,R,HPPM_SF,PPM,1
Repeating,15172,1,CellTmpMax[8],,sint16,M,R,Tmp_SF,C,1
Repeating,15173,1,CellTmpMin[8],,sint16,M,R,Tmp_SF,C,1
Repeating,15174,1,CellTmpAvg[8],,sint16,M,R,Tmp_SF,C,1
Repeating,15175,1,Reserved15[8],,sint16,O,R,,,1
Repeating,15176,1,Reserved16[8],,sint16,O,R,,,1
Repeating,15177,1,Reserved17[8],,sint16,O,R,,,1
Repeating,15178,1,Reserved18[8],,sint16,O,R,,,1
Repeating,15179,1,Reserved19[8],,sint16,O,R,,,1
Repeating,15180,1,Reserved20[8],,sint16,O,R,,,1
Repeating,15181,1,Reserved21[8],,sint16,O,R,,,1
Repeating,15182,1,Reserved22[8],,sint16,O,R,,,1
Repeating,15183,1,Reserved23[8],,sint16,O,R,,,1
Repeating,15184,1,Reserved24[8],,sint16,O,R,,,1
Repeating,15185,1,SegIndex[9],,sint16,M,R,,,1
Repeating,15186,1,SegType[9],,enum16,M,R,,,1
Repeating,15187,1,ArrayIndex[9],,sint16,M,R,,,1
Repeating,15188,2,SegEvent[9],,bitfield32,M,R,,,1
Repeating,15190,2,SegDeviceCommsLost[9],,bitfield32,M,R,,,1
Repeating,15192,1,SegInternalTmp[9],,sint16,M,R,Tmp_SF,C,1
Repeating,15193,1,SegInternalHumidity[9],,sint16,M,R,Humidity_SF,%,1
Repeating,15194,2,SegHvacState[9],,bitfield32,M,R,,,1
Repeating,15196,1,HydrogenPPM[9],,uint16,M,R,HPPM_SF,PPM,1
Repeating,15197,1,CellTmpMax[9],,sint16,M,R,Tmp_SF,C,1
Repeating,15198,1,CellTmpMin[9],,sint16,M,R,Tmp_SF,C,1
Repeating,15199,1,CellTmpAvg[9],,sint16,M,R,Tmp_SF,C,1
Repeating,15200,1,Reserved15[9],,sint16,O,R,,,1
Repeating,15201,1,Reserved16[9],,sint16,O,R,,,1
Repeating,15202,1,Reserved17[9],,sint16,O,R,,,1
Repeating,15203,1,Reserved18[9],,sint16,O,R,,,1
Repeating,15204,1,Reserved19[9],,sint16,O,R,,,1
Repeating,15205,1,Reserved20[9],,sint16,O,R,,,1
Repeating,15206,1,Reserved21[9],,sint16,O,R,,,1
Repeating,15207,1,Reserved22[9],,sint16,O,R,,,1
Repeating,15208,1,Reserved23[9],,sint16,O,R,,,1
Repeating,15209,1,Reserved24[9],,sint16,O,R,,,1
Repeating,15210,1,SegIndex[10],,sint16,M,R,,,1
Repeating,15211,1,SegType[10],,enum16,M,R,,,1
Repeating,15212,1,ArrayIndex[10],,sint16,M,R,,,1
Repeating,15213,2,SegEvent[10],,bitfield32,M,R,,,1
Repeating,15215,2,SegDeviceCommsLost[10],,bitfield32,M,R,,,1
Repeating,15217,1,SegInternalTmp[10],,sint16,M,R,Tmp_SF,C,1
Repeating,15218,1,SegInternalHumidity[10],,sint16,M,R,Humidity_SF,%,1
Repeating,15219,2,SegHvacState[10],,bitfield32,M,R,,,1
Repeating,15221,1,HydrogenPPM[10],,uint16,M,R,HPPM_SF,PPM,1
Repeating,15222,1,CellTmpMax[10],,sint16,M,R,Tmp_SF,C,1
Repeating,15223,1,CellTmpMin[10],,sint16,M,R,Tmp_SF,C,1
Repeating,15224,1,CellTmpAvg[10],,sint16,M,R,Tmp_SF,C,1
Repeating,15225,1,Reserved15[10],,sint16,O,R,,,1
Repeating,15226,1,Reserved16[10],,sint16,O,R,,,1
Repeating,15227,1,Reserved17[10],,sint16,O,R,,,1
Repeating,15228,1,Reserved18[10],,sint16,O,R,,,1
Repeating,15229,1,Reserved19[10],,sint16,O,R,,,1
Repeating,15230,1,Reserved20[10],,sint16,O,R,,,1
Repeating,15231,1,Reserved21[10],,sint16,O,R,,,1
Repeating,15232,1,Reserved22[10],,sint16,O,R,,,1
Repeating,15233,1,Reserved23[10],,sint16,O,R,,,1
Repeating,15234,1,Reserved24[10],,sint16,O,R,,,1
Repeating,15235,1,SegIndex[11],,sint16,M,R,,,1
Repeating,15236,1,SegType[11],,enum16,M,R,,,1
Repeating,15237,1,ArrayIndex[11],,sint16,M,R,,,1
Repeating,15238,2,SegEvent[11],,bitfield32,M,R,,,1
Repeating,15240,2,SegDeviceCommsLost[11],,bitfield32,M,R,,,1
Repeating,15242,1,SegInternalTmp[11],,sint16,M,R,Tmp_SF,C,1
Repeating,15243,1,SegInternalHumidity[11],,sint16,M,R,Humidity_SF,%,1
Repeating,15244,2,SegHvacState[11],,bitfield32,M,R,,,1
Repeating,15246,1,HydrogenPPM[11],,uint16,M,R,HPPM_SF,PPM,1
Repeating,15247,1,CellTmpMax[11],,sint16,M,R,Tmp_SF,C,1
Repeating,15248,1,CellTmpMin[11],,sint16,M,R,Tmp_SF,C,1
Repeating,15249,1,CellTmpAvg[11],,sint16,M,R,Tmp_SF,C,1
Repeating,15250,1,Reserved15[11],,sint16,O,R,,,1
Repeating,15251,1,Reserved16[11],,sint16,O,R,,,1
Repeating,15252,1,Reserved17[11],,sint16,O,R,,,1
Repeating,15253,1,Reserved18[11],,sint16,O,R,,,1
Repeating,15254,1,Reserved19[11],,sint16,O,R,,,1
Repeating,15255,1,Reserved20[11],,sint16,O,R,,,1
Repeating,15256,1,Reserved21[11],,sint16,O,R,,,1
Repeating,15257,1,Reserved22[11],,sint16,O,R,,,1
Repeating,15258,1,Reserved23[11],,sint16,O,R,,,1
Repeating,15259,1,Reserved24[11],,sint16,O,R,,,1
Repeating,15260,1,SegIndex[12],,sint16,M,R,,,1
Repeating,15261,1,SegType[12],,enum16,M,R,,,1
Repeating,15262,1,ArrayIndex[12],,sint16,M,R,,,1
Repeating,15263,2,SegEvent[12],,bitfield32,M,R,,,1
Repeating,15265,2,SegDeviceCommsLost[12],,bitfield32,M,R,,,1
Repeating,15267,1,SegInternalTmp[12],,sint16,M,R,Tmp_SF,C,1
Repeating,15268,1,SegInternalHumidity[12],,sint16,M,R,Humidity_SF,%,1
Repeating,15269,2,SegHvacState[12],,bitfield32,M,R,,,1
Repeating,15271,1,HydrogenPPM[12],,uint16,M,R,HPPM_SF,PPM,1
Repeating,15272,1,CellTmpMax[12],,sint16,M,R,Tmp_SF,C,1
Repeating,15273,1,CellTmpMin[12],,sint16,M,R,Tmp_SF,C,1
Repeating,15274,1,CellTmpAvg[12],,sint16,M,R,Tmp_SF,C,1
Repeating,15275,1,Reserved15[12],,sint16,O,R,,,1
Repeating,15276,1,Reserved16[12],,sint16,O,R,,,1
Repeating,15277,1,Reserved17[12],,sint16,O,R,,,1
Repeating,15278,1,Reserved18[12],,sint16,O,R,,,1
Repeating,15279,1,Reserved19[12],,sint16,O,R,,,1
Repeating,15280,1,Reserved20[12],,sint16,O,R,,,1
Repeating,15281,1,Reserved21[12],,sint16,O,R,,,1
Repeating,15282,1,Reserved22[12],,sint16,O,R,,,1
Repeating,15283,1,Reserved23[12],,sint16,O,R,,,1
Repeating,15284,1,Reserved24[12],,sint16,O,R,,,1
Repeating,15285,1,SegIndex[13],,sint16,M,R,,,1
Repeating,15286,1,SegType[13],,enum16,M,R,,,1
Repeating,15287,1,ArrayIndex[13],,sint16,M,R,,,1
Repeating,15288,2,SegEvent[13],,bitfield32,M,R,,,1
Repeating,15290,2,SegDeviceCommsLost[13],,bitfield32,M,R,,,1
Repeating,15292,1,SegInternalTmp[13],,sint16,M,R,Tmp_SF,C,1
Repeating,15293,1,SegInternalHumidity[13],,sint16,M,R,Humidity_SF,%,1
Repeating,15294,2,SegHvacState[13],,bitfield32,M,R,,,1
Repeating,15296,1,HydrogenPPM[13],,uint16,M,R,HPPM_SF,PPM,1
Repeating,15297,1,CellTmpMax[13],,sint16,M,R,Tmp_SF,C,1
Repeating,15298,1,CellTmpMin[13],,sint16,M,R,Tmp_SF,C,1
Repeating,15299,1,CellTmpAvg[13],,sint16,M,R,Tmp_SF,C,1
Repeating,15300,1,Reserved15[13],,sint16,O,R,,,1
Repeating,15301,1,Reserved16[13],,sint16,O,R,,,1
Repeating,15302,1,Reserved17[13],,sint16,O,R,,,1
Repeating,15303,1,Reserved18[13],,sint16,O,R,,,1
Repeating,15304,1,Reserved19[13],,sint16,O,R,,,1
Repeating,15305,1,Reserved20[13],,sint16,O,R,,,1
Repeating,15306,1,Reserved21[13],,sint16,O,R,,,1
Repeating,15307,1,Reserved22[13],,sint16,O,R,,,1
Repeating,15308,1,Reserved23[13],,sint16,O,R,,,1
Repeating,15309,1,Reserved24[13],,sint16,O,R,,,1
Repeating,15310,1,SegIndex[14],,sint16,M,R,,,1
Repeating,15311,1,SegType[14],,enum16,M,R,,,1
Repeating,15312,1,ArrayIndex[14],,sint16,M,R,,,1
Repeating,15313,2,SegEvent[14],,bitfield32,M,R,,,1
Repeating,15315,2,SegDeviceCommsLost[14],,bitfield32,M,R,,,1
Repeating,15317,1,SegInternalTmp[14],,sint16,M,R,Tmp_SF,C,1
Repeating,15318,1,SegInternalHumidity[14],,sint16,M,R,Humidity_SF,%,1
Repeating,15319,2,SegHvacState[14],,bitfield32,M,R,,,1
Repeating,15321,1,HydrogenPPM[14],,uint16,M,R,HPPM_SF,PPM,1
Repeating,15322,1,CellTmpMax[14],,sint16,M,R,Tmp_SF,C,1
Repeating,15323,1,CellTmpMin[14],,sint16,M,R,Tmp_SF,C,1
Repeating,15324,1,CellTmpAvg[14],,sint16,M,R,Tmp_SF,C,1
Repeating,15325,1,Reserved15[14],,sint16,O,R,,,1
Repeating,15326,1,Reserved16[14],,sint16,O,R,,,1
Repeating,15327,1,Reserved17[14],,sint16,O,R,,,1
Repeating,15328,1,Reserved18[14],,sint16,O,R,,,1
Repeating,15329,1,Reserved19[14],,sint16,O,R,,,1
Repeating,15330,1,Reserved20[14],,sint16,O,R,,,1
Repeating,15331,1,Reserved21[14],,sint16,O,R,,,1
Repeating,15332,1,Reserved22[14],,sint16,O,R,,,1
Repeating,15333,1,Reserved23[14],,sint16,O,R,,,1
Repeating,15334,1,Reserved24[14],,sint16,O,R,,,1
Repeating,15335,1,SegIndex[15],,sint16,M,R,,,1
Repeating,15336,1,SegType[15],,enum16,M,R,,,1
Repeating,15337,1,ArrayIndex[15],,sint16,M,R,,,1
Repeating,15338,2,SegEvent[15],,bitfield32,M,R,,,1
Repeating,15340,2,SegDeviceCommsLost[15],,bitfield32,M,R,,,1
Repeating,15342,1,SegInternalTmp[15],,sint16,M,R,Tmp_SF,C,1
Repeating,15343,1,SegInternalHumidity[15],,sint16,M,R,Humidity_SF,%,1
Repeating,15344,2,SegHvacState[15],,bitfield32,M,R,,,1
Repeating,15346,1,HydrogenPPM[15],,uint16,M,R,HPPM_SF,PPM,1
Repeating,15347,1,CellTmpMax[15],,sint16,M,R,Tmp_SF,C,1
Repeating,15348,1,CellTmpMin[15],,sint16,M,R,Tmp_SF,C,1
Repeating,15349,1,CellTmpAvg[15],,sint16,M,R,Tmp_SF,C,1
Repeating,15350,1,Reserved15[15],,sint16,O,R,,,1
Repeating,15351,1,Reserved16[15],,sint16,O,R,,,1
Repeating,15352,1,Reserved17[15],,sint16,O,R,,,1
Repeating,15353,1,Reserved18[15],,sint16,O,R,,,1
Repeating,15354,1,Reserved19[15],,sint16,O,R,,,1
Repeating,15355,1,Reserved20[15],,sint16,O,R,,,1
Repeating,15356,1,Reserved21[15],,sint16,O,R,,,1
Repeating,15357,1,Reserved22[15],,sint16,O,R,,,1
Repeating,15358,1,Reserved23[15],,sint16,O,R,,,1
Repeating,15359,1,Reserved24[15],,sint16,O,R,,,1
Repeating,15360,1,SegIndex[16],,sint16,M,R,,,1
Repeating,15361,1,SegType[16],,enum16,M,R,,,1
Repeating,15362,1,ArrayIndex[16],,sint16,M,R,,,1
Repeating,15363,2,SegEvent[16],,bitfield32,M,R,,,1
Repeating,15365,2,SegDeviceCommsLost[16],,bitfield32,M,R,,,1
Repeating,15367,1,SegInternalTmp[16],,sint16,M,R,Tmp_SF,C,1
Repeating,15368,1,SegInternalHumidity[16],,sint16,M,R,Humidity_SF,%,1
Repeating,15369,2,SegHvacState[16],,bitfield32,M,R,,,1
Repeating,15371,1,HydrogenPPM[16],,uint16,M,R,HPPM_SF,PPM,1
Repeating,15372,1,CellTmpMax[16],,sint16,M,R,Tmp_SF,C,1
Repeating,15373,1,CellTmpMin[16],,sint16,M,R,Tmp_SF,C,1
Repeating,15374,1,CellTmpAvg[16],,sint16,M,R,Tmp_SF,C,1
Repeating,15375,1,Reserved15[16],,sint16,O,R,,,1
Repeating,15376,1,Reserved16[16],,sint16,O,R,,,1
Repeating,15377,1,Reserved17[16],,sint16,O,R,,,1
Repeating,15378,1,Reserved18[16],,sint16,O,R,,,1
Repeating,15379,1,Reserved19[16],,sint16,O,R,,,1
Repeating,15380,1,Reserved20[16],,sint16,O,R,,,1
Repeating,15381,1,Reserved21[16],,sint16,O,R,,,1
Repeating,15382,1,Reserved22[16],,sint16,O,R,,,1
Repeating,15383,1,Reserved23[16],,sint16,O,R,,,1
Repeating,15384,1,Reserved24[16],,sint16,O,R,,,1
Repeating,15385,1,SegIndex[17],,sint16,M,R,,,1
Repeating,15386,1,SegType[17],,enum16,M,R,,,1
Repeating,15387,1,ArrayIndex[17],,sint16,M,R,,,1
Repeating,15388,2,SegEvent[17],,bitfield32,M,R,,,1
Repeating,15390,2,SegDeviceCommsLost[17],,bitfield32,M,R,,,1
Repeating,15392,1,SegInternalTmp[17],,sint16,M,R,Tmp_SF,C,1
Repeating,15393,1,SegInternalHumidity[17],,sint16,M,R,Humidity_SF,%,1
Repeating,15394,2,SegHvacState[17],,bitfield32,M,R,,,1
Repeating,15396,1,HydrogenPPM[17],,uint16,M,R,HPPM_SF,PPM,1
Repeating,15397,1,CellTmpMax[17],,sint16,M,R,Tmp_SF,C,1
Repeating,15398,1,CellTmpMin[17],,sint16,M,R,Tmp_SF,C,1
Repeating,15399,1,CellTmpAvg[17],,sint16,M,R,Tmp_SF,C,1
Repeating,15400,1,Reserved15[17],,sint16,O,R,,,1
Repeating,15401,1,Reserved16[17],,sint16,O,R,,,1
Repeating,15402,1,Reserved17[17],,sint16,O,R,,,1
Repeating,15403,1,Reserved18[17],,sint16,O,R,,,1
Repeating,15404,1,Reserved19[17],,sint16,O,R,,,1
Repeating,15405,1,Reserved20[17],,sint16,O,R,,,1
Repeating,15406,1,Reserved21[17],,sint16,O,R,,,1
Repeating,15407,1,Reserved22[17],,sint16,O,R,,,1
Repeating,15408,1,Reserved23[17],,sint16,O,R,,,1
Repeating,15409,1,Reserved24[17],,sint16,O,R,,,1
Repeating,15410,1,SegIndex[18],,sint16,M,R,,,1
Repeating,15411,1,SegType[18],,enum16,M,R,,,1
Repeating,15412,1,ArrayIndex[18],,sint16,M,R,,,1
Repeating,15413,2,SegEvent[18],,bitfield32,M,R,,,1
Repeating,15415,2,SegDeviceCommsLost[18],,bitfield32,M,R,,,1
Repeating,15417,1,SegInternalTmp[18],,sint16,M,R,Tmp_SF,C,1
Repeating,15418,1,SegInternalHumidity[18],,sint16,M,R,Humidity_SF,%,1
Repeating,15419,2,SegHvacState[18],,bitfield32,M,R,,,1
Repeating,15421,1,HydrogenPPM[18],,uint16,M,R,HPPM_SF,PPM,1
Repeating,15422,1,CellTmpMax[18],,sint16,M,R,Tmp_SF,C,1
Repeating,15423,1,CellTmpMin[18],,sint16,M,R,Tmp_SF,C,1
Repeating,15424,1,CellTmpAvg[18],,sint16,M,R,Tmp_SF,C,1
Repeating,15425,1,Reserved15[18],,sint16,O,R,,,1
Repeating,15426,1,Reserved16[18],,sint16,O,R,,,1
Repeating,15427,1,Reserved17[18],,sint16,O,R,,,1
Repeating,15428,1,Reserved18[18],,sint16,O,R,,,1
Repeating,15429,1,Reserved19[18],,sint16,O,R,,,1
Repeating,15430,1,Reserved20[18],,sint16,O,R,,,1
Repeating,15431,1,Reserved21[18],,sint16,O,R,,,1
Repeating,15432,1,Reserved22[18],,sint16,O,R,,,1
Repeating,15433,1,Reserved23[18],,sint16,O,R,,,1
Repeating,15434,1,Reserved24[18],,sint16,O,R,,,1
Repeating,15435,1,SegIndex[19],,sint16,M,R,,,1
Repeating,15436,1,SegType[19],,enum16,M,R,,,1
Repeating,15437,1,ArrayIndex[19],,sint16,M,R,,,1
Repeating,15438,2,SegEvent[19],,bitfield32,M,R,,,1
Repeating,15440,2,SegDeviceCommsLost[19],,bitfield32,M,R,,,1
Repeating,15442,1,SegInternalTmp[19],,sint16,M,R,Tmp_SF,C,1
Repeating,15443,1,SegInternalHumidity[19],,sint16,M,R,Humidity_SF,%,1
Repeating,15444,2,SegHvacState[19],,bitfield32,M,R,,,1
Repeating,15446,1,HydrogenPPM[19],,uint16,M,R,HPPM_SF,PPM,1
Repeating,15447,1,CellTmpMax[19],,sint16,M,R,Tmp_SF,C,1
Repeating,15448,1,CellTmpMin[19],,sint16,M,R,Tmp_SF,C,1
Repeating,15449,1,CellTmpAvg[19],,sint16,M,R,Tmp_SF,C,1
Repeating,15450,1,Reserved15[19],,sint16,O,R,,,1
Repeating,15451,1,Reserved16[19],,sint16,O,R,,,1
Repeating,15452,1,Reserved17[19],,sint16,O,R,,,1
Repeating,15453,1,Reserved18[19],,sint16,O,R,,,1
Repeating,15454,1,Reserved19[19],,sint16,O,R,,,1
Repeating,15455,1,Reserved20[19],,sint16,O,R,,,1
Repeating,15456,1,Reserved21[19],,sint16,O,R,,,1
Repeating,15457,1,Reserved22[19],,sint16,O,R,,,1
Repeating,15458,1,Reserved23[19],,sint16,O,R,,,1
Repeating,15459,1,Reserved24[19],,sint16,O,R,,,1
Repeating,15460,1,SegIndex[20],,sint16,M,R,,,1
Repeating,15461,1,SegType[20],,enum16,M,R,,,1
Repeating,15462,1,ArrayIndex[20],,sint16,M,R,,,1
Repeating,15463,2,SegEvent[20],,bitfield32,M,R,,,1
Repeating,15465,2,SegDeviceCommsLost[20],,bitfield32,M,R,,,1
Repeating,15467,1,SegInternalTmp[20],,sint16,M,R,Tmp_SF,C,1
Repeating,15468,1,SegInternalHumidity[20],,sint16,M,R,Humidity_SF,%,1
Repeating,15469,2,SegHvacState[20],,bitfield32,M,R,,,1
Repeating,15471,1,HydrogenPPM[20],,uint16,M,R,HPPM_SF,PPM,1
Repeating,15472,1,CellTmpMax[20],,sint16,M,R,Tmp_SF,C,1
Repeating,15473,1,CellTmpMin[20],,sint16,M,R,Tmp_SF,C,1
Repeating,15474,1,CellTmpAvg[20],,sint16,M,R,Tmp_SF,C,1
Repeating,15475,1,Reserved15[20],,sint16,O,R,,,1
Repeating,15476,1,Reserved16[20],,sint16,O,R,,,1
Repeating,15477,1,Reserved17[20],,sint16,O,R,,,1
Repeating,15478,1,Reserved18[20],,sint16,O,R,,,1
Repeating,15479,1,Reserved19[20],,sint16,O,R,,,1
Repeating,15480,1,Reserved20[20],,sint16,O,R,,,1
Repeating,15481,1,Reserved21[20],,sint16,O,R,,,1
Repeating,15482,1,Reserved22[20],,sint16,O,R,,,1
Repeating,15483,1,Reserved23[20],,sint16,O,R,,,1
Repeating,15484,1,Reserved24[20],,sint16,O,R,,,1
Repeating,15485,1,SegIndex[21],,sint16,M,R,,,1
Repeating,15486,1,SegType[21],,enum16,M,R,,,1
Repeating,15487,1,ArrayIndex[21],,sint16,M,R,,,1
Repeating,15488,2,SegEvent[21],,bitfield32,M,R,,,1
Repeating,15490,2,SegDeviceCommsLost[21],,bitfield32,M,R,,,1
Repeating,15492,1,SegInternalTmp[21],,sint16,M,R,Tmp_SF,C,1
Repeating,15493,1,SegInternalHumidity[21],,sint16,M,R,Humidity_SF,%,1
Repeating,15494,2,SegHvacState[21],,bitfield32,M,R,,,1
Repeating,15496,1,HydrogenPPM[21],,uint16,M,R,HPPM_SF,PPM,1
Repeating,15497,1,CellTmpMax[21],,sint16,M,R,Tmp_SF,C,1
Repeating,15498,1,CellTmpMin[21],,sint16,M,R,Tmp_SF,C,1
Repeating,15499,1,CellTmpAvg[21],,sint16,M,R,Tmp_SF,C,1
Repeating,15500,1,Reserved15[21],,sint16,O,R,,,1
Repeating,15501,1,Reserved16[21],,sint16,O,R,,,1
Repeating,15502,1,Reserved17[21],,sint16,O,R,,,1
Repeating,15503,1,Reserved18[21],,sint16,O,R,,,1
Repeating,15504,1,Reserved19[21],,sint16,O,R,,,1
Repeating,15505,1,Reserved20[21],,sint16,O,R,,,1
Repeating,15506,1,Reserved21[21],,sint16,O,R,,,1
Repeating,15507,1,Reserved22[21],,sint16,O,R,,,1
Repeating,15508,1,Reserved23[21],,sint16,O,R,,,1
Repeating,15509,1,Reserved24[21],,sint16,O,R,,,1
Header,15510,1,"ID ""PowinLineUpEnclosures""",65131,uint16,M,R,,,1
Header,15511,1,Length,564,uint16,M,R,,,1
Fixed,15512,1,LinupIndex,,sint16,M,R,,,1
Fixed,15513,1,SegQty,,sint16,M,R,,,1
Fixed,15514,2,LineupEvt1,,bitfield32,M,R,,,1
Fixed,15516,1,OATmp,,sint16,M,R,Tmp_SF,C,1
Fixed,15517,1,OAHumidity,,sint16,M,R,Humidity_SF,%,1
Fixed,15518,1,StringCount,,sint16,M,R,,,1
Fixed,15519,1,StringWithOpenContactorsCount,,sint16,M,R,,,1
Fixed,15520,1,StringWithClosedContactorsCount,,sint16,M,R,,,1
Fixed,15521,1,StringOutOfRotationCount,,sint16,M,R,,,1
Fixed,15522,1,ActiveLineupStringCommand,,enum16,M,R,,,1
Fixed,15523,1,LineupStringCommand,,enum16,M,RW,,,1
Fixed,15524,1,ReservedRegister14,,scalefactor,O,R,,,1
Fixed,15525,1,ReservedRegister15,,scalefactor,O,R,,,1
Fixed,15526,1,ReservedRegister16,,scalefactor,O,R,,,1
Fixed,15527,1,ReservedRegister17,,scalefactor,O,R,,,1
Fixed,15528,1,ReservedRegister18,,scalefactor,O,R,,,1
Fixed,15529,1,ReservedRegister19,,scalefactor,O,R,,,1
Fixed,15530,1,ReservedRegister20,,scalefactor,O,R,,,1
Fixed,15531,1,ReservedRegister21,,scalefactor,O,R,,,1
Fixed,15532,1,ReservedRegister22,,scalefactor,O,R,,,1
Fixed,15533,1,ReservedRegister23,,scalefactor,O,R,,,1
Fixed,15534,1,ReservedRegister24,,scalefactor,O,R,,,1
Fixed,15535,1,ReservedRegister25,,scalefactor,O,R,,,1
Fixed,15536,1,ReservedRegister26,,scalefactor,O,R,,,1
Fixed,15537,1,ReservedRegister27,,scalefactor,O,R,,,1
Fixed,15538,1,ReservedRegister28,,scalefactor,O,R,,,1
Fixed,15539,1,ReservedRegister29,,scalefactor,O,R,,,1
Fixed,15540,1,ReservedRegister30,,scalefactor,O,R,,,1
Fixed,15541,1,ReservedRegister31,,scalefactor,O,R,,,1
Fixed,15542,1,ReservedRegister32,,scalefactor,O,R,,,1
Fixed,15543,1,ReservedRegister33,,scalefactor,O,R,,,1
Fixed,15544,1,ReservedRegister34,,scalefactor,O,R,,,1
Fixed,15545,1,ReservedRegister35,,scalefactor,O,R,,,1
Fixed,15546,1,HPPM_SF,,scalefactor,M,R,,,1
Fixed,15547,1,Humidity_SF,,scalefactor,M,R,,,1
Fixed,15548,1,Volt_SF,,scalefactor,M,R,,,1
Fixed,15549,1,CellVolt_SF,,scalefactor,M,R,,,1
Fixed,15550,1,Tmp_SF,,scalefactor,M,R,,,1
Repeating,15551,1,SegIndex[1],,sint16,M,R,,,1
Repeating,15552,1,SegType[1],,enum16,M,R,,,1
Repeating,15553,1,ArrayIndex[1],,sint16,M,R,,,1
Repeating,15554,2,SegEvent[1],,bitfield32,M,R,,,1
Repeating,15556,2,SegDeviceCommsLost[1],,bitfield32,M,R,,,1
Repeating,15558,1,SegInternalTmp[1],,sint16,M,R,Tmp_SF,C,1
Repeating,15559,1,SegInternalHumidity[1],,sint16,M,R,Humidity_SF,%,1
Repeating,15560,2,SegHvacState[1],,bitfield32,M,R,,,1
Repeating,15562,1,HydrogenPPM[1],,uint16,M,R,HPPM_SF,PPM,1
Repeating,15563,1,CellTmpMax[1],,sint16,M,R,Tmp_SF,C,1
Repeating,15564,1,CellTmpMin[1],,sint16,M,R,Tmp_SF,C,1
Repeating,15565,1,CellTmpAvg[1],,sint16,M,R,Tmp_SF,C,1
Repeating,15566,1,Reserved15[1],,sint16,O,R,,,1
Repeating,15567,1,Reserved16[1],,sint16,O,R,,,1
Repeating,15568,1,Reserved17[1],,sint16,O,R,,,1
Repeating,15569,1,Reserved18[1],,sint16,O,R,,,1
Repeating,15570,1,Reserved19[1],,sint16,O,R,,,1
Repeating,15571,1,Reserved20[1],,sint16,O,R,,,1
Repeating,15572,1,Reserved21[1],,sint16,O,R,,,1
Repeating,15573,1,Reserved22[1],,sint16,O,R,,,1
Repeating,15574,1,Reserved23[1],,sint16,O,R,,,1
Repeating,15575,1,Reserved24[1],,sint16,O,R,,,1
Repeating,15576,1,SegIndex[2],,sint16,M,R,,,1
Repeating,15577,1,SegType[2],,enum16,M,R,,,1
Repeating,15578,1,ArrayIndex[2],,sint16,M,R,,,1
Repeating,15579,2,SegEvent[2],,bitfield32,M,R,,,1
Repeating,15581,2,SegDeviceCommsLost[2],,bitfield32,M,R,,,1
Repeating,15583,1,SegInternalTmp[2],,sint16,M,R,Tmp_SF,C,1
Repeating,15584,1,SegInternalHumidity[2],,sint16,M,R,Humidity_SF,%,1
Repeating,15585,2,SegHvacState[2],,bitfield32,M,R,,,1
Repeating,15587,1,HydrogenPPM[2],,uint16,M,R,HPPM_SF,PPM,1
Repeating,15588,1,CellTmpMax[2],,sint16,M,R,Tmp_SF,C,1
Repeating,15589,1,CellTmpMin[2],,sint16,M,R,Tmp_SF,C,1
Repeating,15590,1,CellTmpAvg[2],,sint16,M,R,Tmp_SF,C,1
Repeating,15591,1,Reserved15[2],,sint16,O,R,,,1
Repeating,15592,1,Reserved16[2],,sint16,O,R,,,1
Repeating,15593,1,Reserved17[2],,sint16,O,R,,,1
Repeating,15594,1,Reserved18[2],,sint16,O,R,,,1
Repeating,15595,1,Reserved19[2],,sint16,O,R,,,1
Repeating,15596,1,Reserved20[2],,sint16,O,R,,,1
Repeating,15597,1,Reserved21[2],,sint16,O,R,,,1
Repeating,15598,1,Reserved22[2],,sint16,O,R,,,1
Repeating,15599,1,Reserved23[2],,sint16,O,R,,,1
Repeating,15600,1,Reserved24[2],,sint16,O,R,,,1
Repeating,15601,1,SegIndex[3],,sint16,M,R,,,1
Repeating,15602,1,SegType[3],,enum16,M,R,,,1
Repeating,15603,1,ArrayIndex[3],,sint16,M,R,,,1
Repeating,15604,2,SegEvent[3],,bitfield32,M,R,,,1
Repeating,15606,2,SegDeviceCommsLost[3],,bitfield32,M,R,,,1
Repeating,15608,1,SegInternalTmp[3],,sint16,M,R,Tmp_SF,C,1
Repeating,15609,1,SegInternalHumidity[3],,sint16,M,R,Humidity_SF,%,1
Repeating,15610,2,SegHvacState[3],,bitfield32,M,R,,,1
Repeating,15612,1,HydrogenPPM[3],,uint16,M,R,HPPM_SF,PPM,1
Repeating,15613,1,CellTmpMax[3],,sint16,M,R,Tmp_SF,C,1
Repeating,15614,1,CellTmpMin[3],,sint16,M,R,Tmp_SF,C,1
Repeating,15615,1,CellTmpAvg[3],,sint16,M,R,Tmp_SF,C,1
Repeating,15616,1,Reserved15[3],,sint16,O,R,,,1
Repeating,15617,1,Reserved16[3],,sint16,O,R,,,1
Repeating,15618,1,Reserved17[3],,sint16,O,R,,,1
Repeating,15619,1,Reserved18[3],,sint16,O,R,,,1
Repeating,15620,1,Reserved19[3],,sint16,O,R,,,1
Repeating,15621,1,Reserved20[3],,sint16,O,R,,,1
Repeating,15622,1,Reserved21[3],,sint16,O,R,,,1
Repeating,15623,1,Reserved22[3],,sint16,O,R,,,1
Repeating,15624,1,Reserved23[3],,sint16,O,R,,,1
Repeating,15625,1,Reserved24[3],,sint16,O,R,,,1
Repeating,15626,1,SegIndex[4],,sint16,M,R,,,1
Repeating,15627,1,SegType[4],,enum16,M,R,,,1
Repeating,15628,1,ArrayIndex[4],,sint16,M,R,,,1
Repeating,15629,2,SegEvent[4],,bitfield32,M,R,,,1
Repeating,15631,2,SegDeviceCommsLost[4],,bitfield32,M,R,,,1
Repeating,15633,1,SegInternalTmp[4],,sint16,M,R,Tmp_SF,C,1
Repeating,15634,1,SegInternalHumidity[4],,sint16,M,R,Humidity_SF,%,1
Repeating,15635,2,SegHvacState[4],,bitfield32,M,R,,,1
Repeating,15637,1,HydrogenPPM[4],,uint16,M,R,HPPM_SF,PPM,1
Repeating,15638,1,CellTmpMax[4],,sint16,M,R,Tmp_SF,C,1
Repeating,15639,1,CellTmpMin[4],,sint16,M,R,Tmp_SF,C,1
Repeating,15640,1,CellTmpAvg[4],,sint16,M,R,Tmp_SF,C,1
Repeating,15641,1,Reserved15[4],,sint16,O,R,,,1
Repeating,15642,1,Reserved16[4],,sint16,O,R,,,1
Repeating,15643,1,Reserved17[4],,sint16,O,R,,,1
Repeating,15644,1,Reserved18[4],,sint16,O,R,,,1
Repeating,15645,1,Reserved19[4],,sint16,O,R,,,1
Repeating,15646,1,Reserved20[4],,sint16,O,R,,,1
Repeating,15647,1,Reserved21[4],,sint16,O,R,,,1
Repeating,15648,1,Reserved22[4],,sint16,O,R,,,1
Repeating,15649,1,Reserved23[4],,sint16,O,R,,,1
Repeating,15650,1,Reserved24[4],,sint16,O,R,,,1
Repeating,15651,1,SegIndex[5],,sint16,M,R,,,1
Repeating,15652,1,SegType[5],,enum16,M,R,,,1
Repeating,15653,1,ArrayIndex[5],,sint16,M,R,,,1
Repeating,15654,2,SegEvent[5],,bitfield32,M,R,,,1
Repeating,15656,2,SegDeviceCommsLost[5],,bitfield32,M,R,,,1
Repeating,15658,1,SegInternalTmp[5],,sint16,M,R,Tmp_SF,C,1
Repeating,15659,1,SegInternalHumidity[5],,sint16,M,R,Humidity_SF,%,1
Repeating,15660,2,SegHvacState[5],,bitfield32,M,R,,,1
Repeating,15662,1,HydrogenPPM[5],,uint16,M,R,HPPM_SF,PPM,1
Repeating,15663,1,CellTmpMax[5],,sint16,M,R,Tmp_SF,C,1
Repeating,15664,1,CellTmpMin[5],,sint16,M,R,Tmp_SF,C,1
Repeating,15665,1,CellTmpAvg[5],,sint16,M,R,Tmp_SF,C,1
Repeating,15666,1,Reserved15[5],,sint16,O,R,,,1
Repeating,15667,1,Reserved16[5],,sint16,O,R,,,1
Repeating,15668,1,Reserved17[5],,sint16,O,R,,,1
Repeating,15669,1,Reserved18[5],,sint16,O,R,,,1
Repeating,15670,1,Reserved19[5],,sint16,O,R,,,1
Repeating,15671,1,Reserved20[5],,sint16,O,R,,,1
Repeating,15672,1,Reserved21[5],,sint16,O,R,,,1
Repeating,15673,1,Reserved22[5],,sint16,O,R,,,1
Repeating,15674,1,Reserved23[5],,sint16,O,R,,,1
Repeating,15675,1,Reserved24[5],,sint16,O,R,,,1
Repeating,15676,1,SegIndex[6],,sint16,M,R,,,1
Repeating,15677,1,SegType[6],,enum16,M,R,,,1
Repeating,15678,1,ArrayIndex[6],,sint16,M,R,,,1
Repeating,15679,2,SegEvent[6],,bitfield32,M,R,,,1
Repeating,15681,2,SegDeviceCommsLost[6],,bitfield32,M,R,,,1
Repeating,15683,1,SegInternalTmp[6],,sint16,M,R,Tmp_SF,C,1
Repeating,15684,1,SegInternalHumidity[6],,sint16,M,R,Humidity_SF,%,1
Repeating,15685,2,SegHvacState[6],,bitfield32,M,R,,,1
Repeating,15687,1,HydrogenPPM[6],,uint16,M,R,HPPM_SF,PPM,1
Repeating,15688,1,CellTmpMax[6],,sint16,M,R,Tmp_SF,C,1
Repeating,15689,1,CellTmpMin[6],,sint16,M,R,Tmp_SF,C,1
Repeating,15690,1,CellTmpAvg[6],,sint16,M,R,Tmp_SF,C,1
Repeating,15691,1,Reserved15[6],,sint16,O,R,,,1
Repeating,15692,1,Reserved16[6],,sint16,O,R,,,1
Repeating,15693,1,Reserved17[6],,sint16,O,R,,,1
Repeating,15694,1,Reserved18[6],,sint16,O,R,,,1
Repeating,15695,1,Reserved19[6],,sint16,O,R,,,1
Repeating,15696,1,Reserved20[6],,sint16,O,R,,,1
Repeating,15697,1,Reserved21[6],,sint16,O,R,,,1
Repeating,15698,1,Reserved22[6],,sint16,O,R,,,1
Repeating,15699,1,Reserved23[6],,sint16,O,R,,,1
Repeating,15700,1,Reserved24[6],,sint16,O,R,,,1
Repeating,15701,1,SegIndex[7],,sint16,M,R,,,1
Repeating,15702,1,SegType[7],,enum16,M,R,,,1
Repeating,15703,1,ArrayIndex[7],,sint16,M,R,,,1
Repeating,15704,2,SegEvent[7],,bitfield32,M,R,,,1
Repeating,15706,2,SegDeviceCommsLost[7],,bitfield32,M,R,,,1
Repeating,15708,1,SegInternalTmp[7],,sint16,M,R,Tmp_SF,C,1
Repeating,15709,1,SegInternalHumidity[7],,sint16,M,R,Humidity_SF,%,1
Repeating,15710,2,SegHvacState[7],,bitfield32,M,R,,,1
Repeating,15712,1,HydrogenPPM[7],,uint16,M,R,HPPM_SF,PPM,1
Repeating,15713,1,CellTmpMax[7],,sint16,M,R,Tmp_SF,C,1
Repeating,15714,1,CellTmpMin[7],,sint16,M,R,Tmp_SF,C,1
Repeating,15715,1,CellTmpAvg[7],,sint16,M,R,Tmp_SF,C,1
Repeating,15716,1,Reserved15[7],,sint16,O,R,,,1
Repeating,15717,1,Reserved16[7],,sint16,O,R,,,1
Repeating,15718,1,Reserved17[7],,sint16,O,R,,,1
Repeating,15719,1,Reserved18[7],,sint16,O,R,,,1
Repeating,15720,1,Reserved19[7],,sint16,O,R,,,1
Repeating,15721,1,Reserved20[7],,sint16,O,R,,,1
Repeating,15722,1,Reserved21[7],,sint16,O,R,,,1
Repeating,15723,1,Reserved22[7],,sint16,O,R,,,1
Repeating,15724,1,Reserved23[7],,sint16,O,R,,,1
Repeating,15725,1,Reserved24[7],,sint16,O,R,,,1
Repeating,15726,1,SegIndex[8],,sint16,M,R,,,1
Repeating,15727,1,SegType[8],,enum16,M,R,,,1
Repeating,15728,1,ArrayIndex[8],,sint16,M,R,,,1
Repeating,15729,2,SegEvent[8],,bitfield32,M,R,,,1
Repeating,15731,2,SegDeviceCommsLost[8],,bitfield32,M,R,,,1
Repeating,15733,1,SegInternalTmp[8],,sint16,M,R,Tmp_SF,C,1
Repeating,15734,1,SegInternalHumidity[8],,sint16,M,R,Humidity_SF,%,1
Repeating,15735,2,SegHvacState[8],,bitfield32,M,R,,,1
Repeating,15737,1,HydrogenPPM[8],,uint16,M,R,HPPM_SF,PPM,1
Repeating,15738,1,CellTmpMax[8],,sint16,M,R,Tmp_SF,C,1
Repeating,15739,1,CellTmpMin[8],,sint16,M,R,Tmp_SF,C,1
Repeating,15740,1,CellTmpAvg[8],,sint16,M,R,Tmp_SF,C,1
Repeating,15741,1,Reserved15[8],,sint16,O,R,,,1
Repeating,15742,1,Reserved16[8],,sint16,O,R,,,1
Repeating,15743,1,Reserved17[8],,sint16,O,R,,,1
Repeating,15744,1,Reserved18[8],,sint16,O,R,,,1
Repeating,15745,1,Reserved19[8],,sint16,O,R,,,1
Repeating,15746,1,Reserved20[8],,sint16,O,R,,,1
Repeating,15747,1,Reserved21[8],,sint16,O,R,,,1
Repeating,15748,1,Reserved22[8],,sint16,O,R,,,1
Repeating,15749,1,Reserved23[8],,sint16,O,R,,,1
Repeating,15750,1,Reserved24[8],,sint16,O,R,,,1
Repeating,15751,1,SegIndex[9],,sint16,M,R,,,1
Repeating,15752,1,SegType[9],,enum16,M,R,,,1
Repeating,15753,1,ArrayIndex[9],,sint16,M,R,,,1
Repeating,15754,2,SegEvent[9],,bitfield32,M,R,,,1
Repeating,15756,2,SegDeviceCommsLost[9],,bitfield32,M,R,,,1
Repeating,15758,1,SegInternalTmp[9],,sint16,M,R,Tmp_SF,C,1
Repeating,15759,1,SegInternalHumidity[9],,sint16,M,R,Humidity_SF,%,1
Repeating,15760,2,SegHvacState[9],,bitfield32,M,R,,,1
Repeating,15762,1,HydrogenPPM[9],,uint16,M,R,HPPM_SF,PPM,1
Repeating,15763,1,CellTmpMax[9],,sint16,M,R,Tmp_SF,C,1
Repeating,15764,1,CellTmpMin[9],,sint16,M,R,Tmp_SF,C,1
Repeating,15765,1,CellTmpAvg[9],,sint16,M,R,Tmp_SF,C,1
Repeating,15766,1,Reserved15[9],,sint16,O,R,,,1
Repeating,15767,1,Reserved16[9],,sint16,O,R,,,1
Repeating,15768,1,Reserved17[9],,sint16,O,R,,,1
Repeating,15769,1,Reserved18[9],,sint16,O,R,,,1
Repeating,15770,1,Reserved19[9],,sint16,O,R,,,1
Repeating,15771,1,Reserved20[9],,sint16,O,R,,,1
Repeating,15772,1,Reserved21[9],,sint16,O,R,,,1
Repeating,15773,1,Reserved22[9],,sint16,O,R,,,1
Repeating,15774,1,Reserved23[9],,sint16,O,R,,,1
Repeating,15775,1,Reserved24[9],,sint16,O,R,,,1
Repeating,15776,1,SegIndex[10],,sint16,M,R,,,1
Repeating,15777,1,SegType[10],,enum16,M,R,,,1
Repeating,15778,1,ArrayIndex[10],,sint16,M,R,,,1
Repeating,15779,2,SegEvent[10],,bitfield32,M,R,,,1
Repeating,15781,2,SegDeviceCommsLost[10],,bitfield32,M,R,,,1
Repeating,15783,1,SegInternalTmp[10],,sint16,M,R,Tmp_SF,C,1
Repeating,15784,1,SegInternalHumidity[10],,sint16,M,R,Humidity_SF,%,1
Repeating,15785,2,SegHvacState[10],,bitfield32,M,R,,,1
Repeating,15787,1,HydrogenPPM[10],,uint16,M,R,HPPM_SF,PPM,1
Repeating,15788,1,CellTmpMax[10],,sint16,M,R,Tmp_SF,C,1
Repeating,15789,1,CellTmpMin[10],,sint16,M,R,Tmp_SF,C,1
Repeating,15790,1,CellTmpAvg[10],,sint16,M,R,Tmp_SF,C,1
Repeating,15791,1,Reserved15[10],,sint16,O,R,,,1
Repeating,15792,1,Reserved16[10],,sint16,O,R,,,1
Repeating,15793,1,Reserved17[10],,sint16,O,R,,,1
Repeating,15794,1,Reserved18[10],,sint16,O,R,,,1
Repeating,15795,1,Reserved19[10],,sint16,O,R,,,1
Repeating,15796,1,Reserved20[10],,sint16,O,R,,,1
Repeating,15797,1,Reserved21[10],,sint16,O,R,,,1
Repeating,15798,1,Reserved22[10],,sint16,O,R,,,1
Repeating,15799,1,Reserved23[10],,sint16,O,R,,,1
Repeating,15800,1,Reserved24[10],,sint16,O,R,,,1
Repeating,15801,1,SegIndex[11],,sint16,M,R,,,1
Repeating,15802,1,SegType[11],,enum16,M,R,,,1
Repeating,15803,1,ArrayIndex[11],,sint16,M,R,,,1
Repeating,15804,2,SegEvent[11],,bitfield32,M,R,,,1
Repeating,15806,2,SegDeviceCommsLost[11],,bitfield32,M,R,,,1
Repeating,15808,1,SegInternalTmp[11],,sint16,M,R,Tmp_SF,C,1
Repeating,15809,1,SegInternalHumidity[11],,sint16,M,R,Humidity_SF,%,1
Repeating,15810,2,SegHvacState[11],,bitfield32,M,R,,,1
Repeating,15812,1,HydrogenPPM[11],,uint16,M,R,HPPM_SF,PPM,1
Repeating,15813,1,CellTmpMax[11],,sint16,M,R,Tmp_SF,C,1
Repeating,15814,1,CellTmpMin[11],,sint16,M,R,Tmp_SF,C,1
Repeating,15815,1,CellTmpAvg[11],,sint16,M,R,Tmp_SF,C,1
Repeating,15816,1,Reserved15[11],,sint16,O,R,,,1
Repeating,15817,1,Reserved16[11],,sint16,O,R,,,1
Repeating,15818,1,Reserved17[11],,sint16,O,R,,,1
Repeating,15819,1,Reserved18[11],,sint16,O,R,,,1
Repeating,15820,1,Reserved19[11],,sint16,O,R,,,1
Repeating,15821,1,Reserved20[11],,sint16,O,R,,,1
Repeating,15822,1,Reserved21[11],,sint16,O,R,,,1
Repeating,15823,1,Reserved22[11],,sint16,O,R,,,1
Repeating,15824,1,Reserved23[11],,sint16,O,R,,,1
Repeating,15825,1,Reserved24[11],,sint16,O,R,,,1
Repeating,15826,1,SegIndex[12],,sint16,M,R,,,1
Repeating,15827,1,SegType[12],,enum16,M,R,,,1
Repeating,15828,1,ArrayIndex[12],,sint16,M,R,,,1
Repeating,15829,2,SegEvent[12],,bitfield32,M,R,,,1
Repeating,15831,2,SegDeviceCommsLost[12],,bitfield32,M,R,,,1
Repeating,15833,1,SegInternalTmp[12],,sint16,M,R,Tmp_SF,C,1
Repeating,15834,1,SegInternalHumidity[12],,sint16,M,R,Humidity_SF,%,1
Repeating,15835,2,SegHvacState[12],,bitfield32,M,R,,,1
Repeating,15837,1,HydrogenPPM[12],,uint16,M,R,HPPM_SF,PPM,1
Repeating,15838,1,CellTmpMax[12],,sint16,M,R,Tmp_SF,C,1
Repeating,15839,1,CellTmpMin[12],,sint16,M,R,Tmp_SF,C,1
Repeating,15840,1,CellTmpAvg[12],,sint16,M,R,Tmp_SF,C,1
Repeating,15841,1,Reserved15[12],,sint16,O,R,,,1
Repeating,15842,1,Reserved16[12],,sint16,O,R,,,1
Repeating,15843,1,Reserved17[12],,sint16,O,R,,,1
Repeating,15844,1,Reserved18[12],,sint16,O,R,,,1
Repeating,15845,1,Reserved19[12],,sint16,O,R,,,1
Repeating,15846,1,Reserved20[12],,sint16,O,R,,,1
Repeating,15847,1,Reserved21[12],,sint16,O,R,,,1
Repeating,15848,1,Reserved22[12],,sint16,O,R,,,1
Repeating,15849,1,Reserved23[12],,sint16,O,R,,,1
Repeating,15850,1,Reserved24[12],,sint16,O,R,,,1
Repeating,15851,1,SegIndex[13],,sint16,M,R,,,1
Repeating,15852,1,SegType[13],,enum16,M,R,,,1
Repeating,15853,1,ArrayIndex[13],,sint16,M,R,,,1
Repeating,15854,2,SegEvent[13],,bitfield32,M,R,,,1
Repeating,15856,2,SegDeviceCommsLost[13],,bitfield32,M,R,,,1
Repeating,15858,1,SegInternalTmp[13],,sint16,M,R,Tmp_SF,C,1
Repeating,15859,1,SegInternalHumidity[13],,sint16,M,R,Humidity_SF,%,1
Repeating,15860,2,SegHvacState[13],,bitfield32,M,R,,,1
Repeating,15862,1,HydrogenPPM[13],,uint16,M,R,HPPM_SF,PPM,1
Repeating,15863,1,CellTmpMax[13],,sint16,M,R,Tmp_SF,C,1
Repeating,15864,1,CellTmpMin[13],,sint16,M,R,Tmp_SF,C,1
Repeating,15865,1,CellTmpAvg[13],,sint16,M,R,Tmp_SF,C,1
Repeating,15866,1,Reserved15[13],,sint16,O,R,,,1
Repeating,15867,1,Reserved16[13],,sint16,O,R,,,1
Repeating,15868,1,Reserved17[13],,sint16,O,R,,,1
Repeating,15869,1,Reserved18[13],,sint16,O,R,,,1
Repeating,15870,1,Reserved19[13],,sint16,O,R,,,1
Repeating,15871,1,Reserved20[13],,sint16,O,R,,,1
Repeating,15872,1,Reserved21[13],,sint16,O,R,,,1
Repeating,15873,1,Reserved22[13],,sint16,O,R,,,1
Repeating,15874,1,Reserved23[13],,sint16,O,R,,,1
Repeating,15875,1,Reserved24[13],,sint16,O,R,,,1
Repeating,15876,1,SegIndex[14],,sint16,M,R,,,1
Repeating,15877,1,SegType[14],,enum16,M,R,,,1
Repeating,15878,1,ArrayIndex[14],,sint16,M,R,,,1
Repeating,15879,2,SegEvent[14],,bitfield32,M,R,,,1
Repeating,15881,2,SegDeviceCommsLost[14],,bitfield32,M,R,,,1
Repeating,15883,1,SegInternalTmp[14],,sint16,M,R,Tmp_SF,C,1
Repeating,15884,1,SegInternalHumidity[14],,sint16,M,R,Humidity_SF,%,1
Repeating,15885,2,SegHvacState[14],,bitfield32,M,R,,,1
Repeating,15887,1,HydrogenPPM[14],,uint16,M,R,HPPM_SF,PPM,1
Repeating,15888,1,CellTmpMax[14],,sint16,M,R,Tmp_SF,C,1
Repeating,15889,1,CellTmpMin[14],,sint16,M,R,Tmp_SF,C,1
Repeating,15890,1,CellTmpAvg[14],,sint16,M,R,Tmp_SF,C,1
Repeating,15891,1,Reserved15[14],,sint16,O,R,,,1
Repeating,15892,1,Reserved16[14],,sint16,O,R,,,1
Repeating,15893,1,Reserved17[14],,sint16,O,R,,,1
Repeating,15894,1,Reserved18[14],,sint16,O,R,,,1
Repeating,15895,1,Reserved19[14],,sint16,O,R,,,1
Repeating,15896,1,Reserved20[14],,sint16,O,R,,,1
Repeating,15897,1,Reserved21[14],,sint16,O,R,,,1
Repeating,15898,1,Reserved22[14],,sint16,O,R,,,1
Repeating,15899,1,Reserved23[14],,sint16,O,R,,,1
Repeating,15900,1,Reserved24[14],,sint16,O,R,,,1
Repeating,15901,1,SegIndex[15],,sint16,M,R,,,1
Repeating,15902,1,SegType[15],,enum16,M,R,,,1
Repeating,15903,1,ArrayIndex[15],,sint16,M,R,,,1
Repeating,15904,2,SegEvent[15],,bitfield32,M,R,,,1
Repeating,15906,2,SegDeviceCommsLost[15],,bitfield32,M,R,,,1
Repeating,15908,1,SegInternalTmp[15],,sint16,M,R,Tmp_SF,C,1
Repeating,15909,1,SegInternalHumidity[15],,sint16,M,R,Humidity_SF,%,1
Repeating,15910,2,SegHvacState[15],,bitfield32,M,R,,,1
Repeating,15912,1,HydrogenPPM[15],,uint16,M,R,HPPM_SF,PPM,1
Repeating,15913,1,CellTmpMax[15],,sint16,M,R,Tmp_SF,C,1
Repeating,15914,1,CellTmpMin[15],,sint16,M,R,Tmp_SF,C,1
Repeating,15915,1,CellTmpAvg[15],,sint16,M,R,Tmp_SF,C,1
Repeating,15916,1,Reserved15[15],,sint16,O,R,,,1
Repeating,15917,1,Reserved16[15],,sint16,O,R,,,1
Repeating,15918,1,Reserved17[15],,sint16,O,R,,,1
Repeating,15919,1,Reserved18[15],,sint16,O,R,,,1
Repeating,15920,1,Reserved19[15],,sint16,O,R,,,1
Repeating,15921,1,Reserved20[15],,sint16,O,R,,,1
Repeating,15922,1,Reserved21[15],,sint16,O,R,,,1
Repeating,15923,1,Reserved22[15],,sint16,O,R,,,1
Repeating,15924,1,Reserved23[15],,sint16,O,R,,,1
Repeating,15925,1,Reserved24[15],,sint16,O,R,,,1
Repeating,15926,1,SegIndex[16],,sint16,M,R,,,1
Repeating,15927,1,SegType[16],,enum16,M,R,,,1
Repeating,15928,1,ArrayIndex[16],,sint16,M,R,,,1
Repeating,15929,2,SegEvent[16],,bitfield32,M,R,,,1
Repeating,15931,2,SegDeviceCommsLost[16],,bitfield32,M,R,,,1
Repeating,15933,1,SegInternalTmp[16],,sint16,M,R,Tmp_SF,C,1
Repeating,15934,1,SegInternalHumidity[16],,sint16,M,R,Humidity_SF,%,1
Repeating,15935,2,SegHvacState[16],,bitfield32,M,R,,,1
Repeating,15937,1,HydrogenPPM[16],,uint16,M,R,HPPM_SF,PPM,1
Repeating,15938,1,CellTmpMax[16],,sint16,M,R,Tmp_SF,C,1
Repeating,15939,1,CellTmpMin[16],,sint16,M,R,Tmp_SF,C,1
Repeating,15940,1,CellTmpAvg[16],,sint16,M,R,Tmp_SF,C,1
Repeating,15941,1,Reserved15[16],,sint16,O,R,,,1
Repeating,15942,1,Reserved16[16],,sint16,O,R,,,1
Repeating,15943,1,Reserved17[16],,sint16,O,R,,,1
Repeating,15944,1,Reserved18[16],,sint16,O,R,,,1
Repeating,15945,1,Reserved19[16],,sint16,O,R,,,1
Repeating,15946,1,Reserved20[16],,sint16,O,R,,,1
Repeating,15947,1,Reserved21[16],,sint16,O,R,,,1
Repeating,15948,1,Reserved22[16],,sint16,O,R,,,1
Repeating,15949,1,Reserved23[16],,sint16,O,R,,,1
Repeating,15950,1,Reserved24[16],,sint16,O,R,,,1
Repeating,15951,1,SegIndex[17],,sint16,M,R,,,1
Repeating,15952,1,SegType[17],,enum16,M,R,,,1
Repeating,15953,1,ArrayIndex[17],,sint16,M,R,,,1
Repeating,15954,2,SegEvent[17],,bitfield32,M,R,,,1
Repeating,15956,2,SegDeviceCommsLost[17],,bitfield32,M,R,,,1
Repeating,15958,1,SegInternalTmp[17],,sint16,M,R,Tmp_SF,C,1
Repeating,15959,1,SegInternalHumidity[17],,sint16,M,R,Humidity_SF,%,1
Repeating,15960,2,SegHvacState[17],,bitfield32,M,R,,,1
Repeating,15962,1,HydrogenPPM[17],,uint16,M,R,HPPM_SF,PPM,1
Repeating,15963,1,CellTmpMax[17],,sint16,M,R,Tmp_SF,C,1
Repeating,15964,1,CellTmpMin[17],,sint16,M,R,Tmp_SF,C,1
Repeating,15965,1,CellTmpAvg[17],,sint16,M,R,Tmp_SF,C,1
Repeating,15966,1,Reserved15[17],,sint16,O,R,,,1
Repeating,15967,1,Reserved16[17],,sint16,O,R,,,1
Repeating,15968,1,Reserved17[17],,sint16,O,R,,,1
Repeating,15969,1,Reserved18[17],,sint16,O,R,,,1
Repeating,15970,1,Reserved19[17],,sint16,O,R,,,1
Repeating,15971,1,Reserved20[17],,sint16,O,R,,,1
Repeating,15972,1,Reserved21[17],,sint16,O,R,,,1
Repeating,15973,1,Reserved22[17],,sint16,O,R,,,1
Repeating,15974,1,Reserved23[17],,sint16,O,R,,,1
Repeating,15975,1,Reserved24[17],,sint16,O,R,,,1
Repeating,15976,1,SegIndex[18],,sint16,M,R,,,1
Repeating,15977,1,SegType[18],,enum16,M,R,,,1
Repeating,15978,1,ArrayIndex[18],,sint16,M,R,,,1
Repeating,15979,2,SegEvent[18],,bitfield32,M,R,,,1
Repeating,15981,2,SegDeviceCommsLost[18],,bitfield32,M,R,,,1
Repeating,15983,1,SegInternalTmp[18],,sint16,M,R,Tmp_SF,C,1
Repeating,15984,1,SegInternalHumidity[18],,sint16,M,R,Humidity_SF,%,1
Repeating,15985,2,SegHvacState[18],,bitfield32,M,R,,,1
Repeating,15987,1,HydrogenPPM[18],,uint16,M,R,HPPM_SF,PPM,1
Repeating,15988,1,CellTmpMax[18],,sint16,M,R,Tmp_SF,C,1
Repeating,15989,1,CellTmpMin[18],,sint16,M,R,Tmp_SF,C,1
Repeating,15990,1,CellTmpAvg[18],,sint16,M,R,Tmp_SF,C,1
Repeating,15991,1,Reserved15[18],,sint16,O,R,,,1
Repeating,15992,1,Reserved16[18],,sint16,O,R,,,1
Repeating,15993,1,Reserved17[18],,sint16,O,R,,,1
Repeating,15994,1,Reserved18[18],,sint16,O,R,,,1
Repeating,15995,1,Reserved19[18],,sint16,O,R,,,1
Repeating,15996,1,Reserved20[18],,sint16,O,R,,,1
Repeating,15997,1,Reserved21[18],,sint16,O,R,,,1
Repeating,15998,1,Reserved22[18],,sint16,O,R,,,1
Repeating,15999,1,Reserved23[18],,sint16,O,R,,,1
Repeating,16000,1,Reserved24[18],,sint16,O,R,,,1
Repeating,16001,1,SegIndex[19],,sint16,M,R,,,1
Repeating,16002,1,SegType[19],,enum16,M,R,,,1
Repeating,16003,1,ArrayIndex[19],,sint16,M,R,,,1
Repeating,16004,2,SegEvent[19],,bitfield32,M,R,,,1
Repeating,16006,2,SegDeviceCommsLost[19],,bitfield32,M,R,,,1
Repeating,16008,1,SegInternalTmp[19],,sint16,M,R,Tmp_SF,C,1
Repeating,16009,1,SegInternalHumidity[19],,sint16,M,R,Humidity_SF,%,1
Repeating,16010,2,SegHvacState[19],,bitfield32,M,R,,,1
Repeating,16012,1,HydrogenPPM[19],,uint16,M,R,HPPM_SF,PPM,1
Repeating,16013,1,CellTmpMax[19],,sint16,M,R,Tmp_SF,C,1
Repeating,16014,1,CellTmpMin[19],,sint16,M,R,Tmp_SF,C,1
Repeating,16015,1,CellTmpAvg[19],,sint16,M,R,Tmp_SF,C,1
Repeating,16016,1,Reserved15[19],,sint16,O,R,,,1
Repeating,16017,1,Reserved16[19],,sint16,O,R,,,1
Repeating,16018,1,Reserved17[19],,sint16,O,R,,,1
Repeating,16019,1,Reserved18[19],,sint16,O,R,,,1
Repeating,16020,1,Reserved19[19],,sint16,O,R,,,1
Repeating,16021,1,Reserved20[19],,sint16,O,R,,,1
Repeating,16022,1,Reserved21[19],,sint16,O,R,,,1
Repeating,16023,1,Reserved22[19],,sint16,O,R,,,1
Repeating,16024,1,Reserved23[19],,sint16,O,R,,,1
Repeating,16025,1,Reserved24[19],,sint16,O,R,,,1
Repeating,16026,1,SegIndex[20],,sint16,M,R,,,1
Repeating,16027,1,SegType[20],,enum16,M,R,,,1
Repeating,16028,1,ArrayIndex[20],,sint16,M,R,,,1
Repeating,16029,2,SegEvent[20],,bitfield32,M,R,,,1
Repeating,16031,2,SegDeviceCommsLost[20],,bitfield32,M,R,,,1
Repeating,16033,1,SegInternalTmp[20],,sint16,M,R,Tmp_SF,C,1
Repeating,16034,1,SegInternalHumidity[20],,sint16,M,R,Humidity_SF,%,1
Repeating,16035,2,SegHvacState[20],,bitfield32,M,R,,,1
Repeating,16037,1,HydrogenPPM[20],,uint16,M,R,HPPM_SF,PPM,1
Repeating,16038,1,CellTmpMax[20],,sint16,M,R,Tmp_SF,C,1
Repeating,16039,1,CellTmpMin[20],,sint16,M,R,Tmp_SF,C,1
Repeating,16040,1,CellTmpAvg[20],,sint16,M,R,Tmp_SF,C,1
Repeating,16041,1,Reserved15[20],,sint16,O,R,,,1
Repeating,16042,1,Reserved16[20],,sint16,O,R,,,1
Repeating,16043,1,Reserved17[20],,sint16,O,R,,,1
Repeating,16044,1,Reserved18[20],,sint16,O,R,,,1
Repeating,16045,1,Reserved19[20],,sint16,O,R,,,1
Repeating,16046,1,Reserved20[20],,sint16,O,R,,,1
Repeating,16047,1,Reserved21[20],,sint16,O,R,,,1
Repeating,16048,1,Reserved22[20],,sint16,O,R,,,1
Repeating,16049,1,Reserved23[20],,sint16,O,R,,,1
Repeating,16050,1,Reserved24[20],,sint16,O,R,,,1
Repeating,16051,1,SegIndex[21],,sint16,M,R,,,1
Repeating,16052,1,SegType[21],,enum16,M,R,,,1
Repeating,16053,1,ArrayIndex[21],,sint16,M,R,,,1
Repeating,16054,2,SegEvent[21],,bitfield32,M,R,,,1
Repeating,16056,2,SegDeviceCommsLost[21],,bitfield32,M,R,,,1
Repeating,16058,1,SegInternalTmp[21],,sint16,M,R,Tmp_SF,C,1
Repeating,16059,1,SegInternalHumidity[21],,sint16,M,R,Humidity_SF,%,1
Repeating,16060,2,SegHvacState[21],,bitfield32,M,R,,,1
Repeating,16062,1,HydrogenPPM[21],,uint16,M,R,HPPM_SF,PPM,1
Repeating,16063,1,CellTmpMax[21],,sint16,M,R,Tmp_SF,C,1
Repeating,16064,1,CellTmpMin[21],,sint16,M,R,Tmp_SF,C,1
Repeating,16065,1,CellTmpAvg[21],,sint16,M,R,Tmp_SF,C,1
Repeating,16066,1,Reserved15[21],,sint16,O,R,,,1
Repeating,16067,1,Reserved16[21],,sint16,O,R,,,1
Repeating,16068,1,Reserved17[21],,sint16,O,R,,,1
Repeating,16069,1,Reserved18[21],,sint16,O,R,,,1
Repeating,16070,1,Reserved19[21],,sint16,O,R,,,1
Repeating,16071,1,Reserved20[21],,sint16,O,R,,,1
Repeating,16072,1,Reserved21[21],,sint16,O,R,,,1
Repeating,16073,1,Reserved22[21],,sint16,O,R,,,1
Repeating,16074,1,Reserved23[21],,sint16,O,R,,,1
Repeating,16075,1,Reserved24[21],,sint16,O,R,,,1
Header,16076,1,"ID ""PowinLineUpEnclosures""",65131,uint16,M,R,,,1
Header,16077,1,Length,564,uint16,M,R,,,1
Fixed,16078,1,LinupIndex,,sint16,M,R,,,1
Fixed,16079,1,SegQty,,sint16,M,R,,,1
Fixed,16080,2,LineupEvt1,,bitfield32,M,R,,,1
Fixed,16082,1,OATmp,,sint16,M,R,Tmp_SF,C,1
Fixed,16083,1,OAHumidity,,sint16,M,R,Humidity_SF,%,1
Fixed,16084,1,StringCount,,sint16,M,R,,,1
Fixed,16085,1,StringWithOpenContactorsCount,,sint16,M,R,,,1
Fixed,16086,1,StringWithClosedContactorsCount,,sint16,M,R,,,1
Fixed,16087,1,StringOutOfRotationCount,,sint16,M,R,,,1
Fixed,16088,1,ActiveLineupStringCommand,,enum16,M,R,,,1
Fixed,16089,1,LineupStringCommand,,enum16,M,RW,,,1
Fixed,16090,1,ReservedRegister14,,scalefactor,O,R,,,1
Fixed,16091,1,ReservedRegister15,,scalefactor,O,R,,,1
Fixed,16092,1,ReservedRegister16,,scalefactor,O,R,,,1
Fixed,16093,1,ReservedRegister17,,scalefactor,O,R,,,1
Fixed,16094,1,ReservedRegister18,,scalefactor,O,R,,,1
Fixed,16095,1,ReservedRegister19,,scalefactor,O,R,,,1
Fixed,16096,1,ReservedRegister20,,scalefactor,O,R,,,1
Fixed,16097,1,ReservedRegister21,,scalefactor,O,R,,,1
Fixed,16098,1,ReservedRegister22,,scalefactor,O,R,,,1
Fixed,16099,1,ReservedRegister23,,scalefactor,O,R,,,1
Fixed,16100,1,ReservedRegister24,,scalefactor,O,R,,,1
Fixed,16101,1,ReservedRegister25,,scalefactor,O,R,,,1
Fixed,16102,1,ReservedRegister26,,scalefactor,O,R,,,1
Fixed,16103,1,ReservedRegister27,,scalefactor,O,R,,,1
Fixed,16104,1,ReservedRegister28,,scalefactor,O,R,,,1
Fixed,16105,1,ReservedRegister29,,scalefactor,O,R,,,1
Fixed,16106,1,ReservedRegister30,,scalefactor,O,R,,,1
Fixed,16107,1,ReservedRegister31,,scalefactor,O,R,,,1
Fixed,16108,1,ReservedRegister32,,scalefactor,O,R,,,1
Fixed,16109,1,ReservedRegister33,,scalefactor,O,R,,,1
Fixed,16110,1,ReservedRegister34,,scalefactor,O,R,,,1
Fixed,16111,1,ReservedRegister35,,scalefactor,O,R,,,1
Fixed,16112,1,HPPM_SF,,scalefactor,M,R,,,1
Fixed,16113,1,Humidity_SF,,scalefactor,M,R,,,1
Fixed,16114,1,Volt_SF,,scalefactor,M,R,,,1
Fixed,16115,1,CellVolt_SF,,scalefactor,M,R,,,1
Fixed,16116,1,Tmp_SF,,scalefactor,M,R,,,1
Repeating,16117,1,SegIndex[1],,sint16,M,R,,,1
Repeating,16118,1,SegType[1],,enum16,M,R,,,1
Repeating,16119,1,ArrayIndex[1],,sint16,M,R,,,1
Repeating,16120,2,SegEvent[1],,bitfield32,M,R,,,1
Repeating,16122,2,SegDeviceCommsLost[1],,bitfield32,M,R,,,1
Repeating,16124,1,SegInternalTmp[1],,sint16,M,R,Tmp_SF,C,1
Repeating,16125,1,SegInternalHumidity[1],,sint16,M,R,Humidity_SF,%,1
Repeating,16126,2,SegHvacState[1],,bitfield32,M,R,,,1
Repeating,16128,1,HydrogenPPM[1],,uint16,M,R,HPPM_SF,PPM,1
Repeating,16129,1,CellTmpMax[1],,sint16,M,R,Tmp_SF,C,1
Repeating,16130,1,CellTmpMin[1],,sint16,M,R,Tmp_SF,C,1
Repeating,16131,1,CellTmpAvg[1],,sint16,M,R,Tmp_SF,C,1
Repeating,16132,1,Reserved15[1],,sint16,O,R,,,1
Repeating,16133,1,Reserved16[1],,sint16,O,R,,,1
Repeating,16134,1,Reserved17[1],,sint16,O,R,,,1
Repeating,16135,1,Reserved18[1],,sint16,O,R,,,1
Repeating,16136,1,Reserved19[1],,sint16,O,R,,,1
Repeating,16137,1,Reserved20[1],,sint16,O,R,,,1
Repeating,16138,1,Reserved21[1],,sint16,O,R,,,1
Repeating,16139,1,Reserved22[1],,sint16,O,R,,,1
Repeating,16140,1,Reserved23[1],,sint16,O,R,,,1
Repeating,16141,1,Reserved24[1],,sint16,O,R,,,1
Repeating,16142,1,SegIndex[2],,sint16,M,R,,,1
Repeating,16143,1,SegType[2],,enum16,M,R,,,1
Repeating,16144,1,ArrayIndex[2],,sint16,M,R,,,1
Repeating,16145,2,SegEvent[2],,bitfield32,M,R,,,1
Repeating,16147,2,SegDeviceCommsLost[2],,bitfield32,M,R,,,1
Repeating,16149,1,SegInternalTmp[2],,sint16,M,R,Tmp_SF,C,1
Repeating,16150,1,SegInternalHumidity[2],,sint16,M,R,Humidity_SF,%,1
Repeating,16151,2,SegHvacState[2],,bitfield32,M,R,,,1
Repeating,16153,1,HydrogenPPM[2],,uint16,M,R,HPPM_SF,PPM,1
Repeating,16154,1,CellTmpMax[2],,sint16,M,R,Tmp_SF,C,1
Repeating,16155,1,CellTmpMin[2],,sint16,M,R,Tmp_SF,C,1
Repeating,16156,1,CellTmpAvg[2],,sint16,M,R,Tmp_SF,C,1
Repeating,16157,1,Reserved15[2],,sint16,O,R,,,1
Repeating,16158,1,Reserved16[2],,sint16,O,R,,,1
Repeating,16159,1,Reserved17[2],,sint16,O,R,,,1
Repeating,16160,1,Reserved18[2],,sint16,O,R,,,1
Repeating,16161,1,Reserved19[2],,sint16,O,R,,,1
Repeating,16162,1,Reserved20[2],,sint16,O,R,,,1
Repeating,16163,1,Reserved21[2],,sint16,O,R,,,1
Repeating,16164,1,Reserved22[2],,sint16,O,R,,,1
Repeating,16165,1,Reserved23[2],,sint16,O,R,,,1
Repeating,16166,1,Reserved24[2],,sint16,O,R,,,1
Repeating,16167,1,SegIndex[3],,sint16,M,R,,,1
Repeating,16168,1,SegType[3],,enum16,M,R,,,1
Repeating,16169,1,ArrayIndex[3],,sint16,M,R,,,1
Repeating,16170,2,SegEvent[3],,bitfield32,M,R,,,1
Repeating,16172,2,SegDeviceCommsLost[3],,bitfield32,M,R,,,1
Repeating,16174,1,SegInternalTmp[3],,sint16,M,R,Tmp_SF,C,1
Repeating,16175,1,SegInternalHumidity[3],,sint16,M,R,Humidity_SF,%,1
Repeating,16176,2,SegHvacState[3],,bitfield32,M,R,,,1
Repeating,16178,1,HydrogenPPM[3],,uint16,M,R,HPPM_SF,PPM,1
Repeating,16179,1,CellTmpMax[3],,sint16,M,R,Tmp_SF,C,1
Repeating,16180,1,CellTmpMin[3],,sint16,M,R,Tmp_SF,C,1
Repeating,16181,1,CellTmpAvg[3],,sint16,M,R,Tmp_SF,C,1
Repeating,16182,1,Reserved15[3],,sint16,O,R,,,1
Repeating,16183,1,Reserved16[3],,sint16,O,R,,,1
Repeating,16184,1,Reserved17[3],,sint16,O,R,,,1
Repeating,16185,1,Reserved18[3],,sint16,O,R,,,1
Repeating,16186,1,Reserved19[3],,sint16,O,R,,,1
Repeating,16187,1,Reserved20[3],,sint16,O,R,,,1
Repeating,16188,1,Reserved21[3],,sint16,O,R,,,1
Repeating,16189,1,Reserved22[3],,sint16,O,R,,,1
Repeating,16190,1,Reserved23[3],,sint16,O,R,,,1
Repeating,16191,1,Reserved24[3],,sint16,O,R,,,1
Repeating,16192,1,SegIndex[4],,sint16,M,R,,,1
Repeating,16193,1,SegType[4],,enum16,M,R,,,1
Repeating,16194,1,ArrayIndex[4],,sint16,M,R,,,1
Repeating,16195,2,SegEvent[4],,bitfield32,M,R,,,1
Repeating,16197,2,SegDeviceCommsLost[4],,bitfield32,M,R,,,1
Repeating,16199,1,SegInternalTmp[4],,sint16,M,R,Tmp_SF,C,1
Repeating,16200,1,SegInternalHumidity[4],,sint16,M,R,Humidity_SF,%,1
Repeating,16201,2,SegHvacState[4],,bitfield32,M,R,,,1
Repeating,16203,1,HydrogenPPM[4],,uint16,M,R,HPPM_SF,PPM,1
Repeating,16204,1,CellTmpMax[4],,sint16,M,R,Tmp_SF,C,1
Repeating,16205,1,CellTmpMin[4],,sint16,M,R,Tmp_SF,C,1
Repeating,16206,1,CellTmpAvg[4],,sint16,M,R,Tmp_SF,C,1
Repeating,16207,1,Reserved15[4],,sint16,O,R,,,1
Repeating,16208,1,Reserved16[4],,sint16,O,R,,,1
Repeating,16209,1,Reserved17[4],,sint16,O,R,,,1
Repeating,16210,1,Reserved18[4],,sint16,O,R,,,1
Repeating,16211,1,Reserved19[4],,sint16,O,R,,,1
Repeating,16212,1,Reserved20[4],,sint16,O,R,,,1
Repeating,16213,1,Reserved21[4],,sint16,O,R,,,1
Repeating,16214,1,Reserved22[4],,sint16,O,R,,,1
Repeating,16215,1,Reserved23[4],,sint16,O,R,,,1
Repeating,16216,1,Reserved24[4],,sint16,O,R,,,1
Repeating,16217,1,SegIndex[5],,sint16,M,R,,,1
Repeating,16218,1,SegType[5],,enum16,M,R,,,1
Repeating,16219,1,ArrayIndex[5],,sint16,M,R,,,1
Repeating,16220,2,SegEvent[5],,bitfield32,M,R,,,1
Repeating,16222,2,SegDeviceCommsLost[5],,bitfield32,M,R,,,1
Repeating,16224,1,SegInternalTmp[5],,sint16,M,R,Tmp_SF,C,1
Repeating,16225,1,SegInternalHumidity[5],,sint16,M,R,Humidity_SF,%,1
Repeating,16226,2,SegHvacState[5],,bitfield32,M,R,,,1
Repeating,16228,1,HydrogenPPM[5],,uint16,M,R,HPPM_SF,PPM,1
Repeating,16229,1,CellTmpMax[5],,sint16,M,R,Tmp_SF,C,1
Repeating,16230,1,CellTmpMin[5],,sint16,M,R,Tmp_SF,C,1
Repeating,16231,1,CellTmpAvg[5],,sint16,M,R,Tmp_SF,C,1
Repeating,16232,1,Reserved15[5],,sint16,O,R,,,1
Repeating,16233,1,Reserved16[5],,sint16,O,R,,,1
Repeating,16234,1,Reserved17[5],,sint16,O,R,,,1
Repeating,16235,1,Reserved18[5],,sint16,O,R,,,1
Repeating,16236,1,Reserved19[5],,sint16,O,R,,,1
Repeating,16237,1,Reserved20[5],,sint16,O,R,,,1
Repeating,16238,1,Reserved21[5],,sint16,O,R,,,1
Repeating,16239,1,Reserved22[5],,sint16,O,R,,,1
Repeating,16240,1,Reserved23[5],,sint16,O,R,,,1
Repeating,16241,1,Reserved24[5],,sint16,O,R,,,1
Repeating,16242,1,SegIndex[6],,sint16,M,R,,,1
Repeating,16243,1,SegType[6],,enum16,M,R,,,1
Repeating,16244,1,ArrayIndex[6],,sint16,M,R,,,1
Repeating,16245,2,SegEvent[6],,bitfield32,M,R,,,1
Repeating,16247,2,SegDeviceCommsLost[6],,bitfield32,M,R,,,1
Repeating,16249,1,SegInternalTmp[6],,sint16,M,R,Tmp_SF,C,1
Repeating,16250,1,SegInternalHumidity[6],,sint16,M,R,Humidity_SF,%,1
Repeating,16251,2,SegHvacState[6],,bitfield32,M,R,,,1
Repeating,16253,1,HydrogenPPM[6],,uint16,M,R,HPPM_SF,PPM,1
Repeating,16254,1,CellTmpMax[6],,sint16,M,R,Tmp_SF,C,1
Repeating,16255,1,CellTmpMin[6],,sint16,M,R,Tmp_SF,C,1
Repeating,16256,1,CellTmpAvg[6],,sint16,M,R,Tmp_SF,C,1
Repeating,16257,1,Reserved15[6],,sint16,O,R,,,1
Repeating,16258,1,Reserved16[6],,sint16,O,R,,,1
Repeating,16259,1,Reserved17[6],,sint16,O,R,,,1
Repeating,16260,1,Reserved18[6],,sint16,O,R,,,1
Repeating,16261,1,Reserved19[6],,sint16,O,R,,,1
Repeating,16262,1,Reserved20[6],,sint16,O,R,,,1
Repeating,16263,1,Reserved21[6],,sint16,O,R,,,1
Repeating,16264,1,Reserved22[6],,sint16,O,R,,,1
Repeating,16265,1,Reserved23[6],,sint16,O,R,,,1
Repeating,16266,1,Reserved24[6],,sint16,O,R,,,1
Repeating,16267,1,SegIndex[7],,sint16,M,R,,,1
Repeating,16268,1,SegType[7],,enum16,M,R,,,1
Repeating,16269,1,ArrayIndex[7],,sint16,M,R,,,1
Repeating,16270,2,SegEvent[7],,bitfield32,M,R,,,1
Repeating,16272,2,SegDeviceCommsLost[7],,bitfield32,M,R,,,1
Repeating,16274,1,SegInternalTmp[7],,sint16,M,R,Tmp_SF,C,1
Repeating,16275,1,SegInternalHumidity[7],,sint16,M,R,Humidity_SF,%,1
Repeating,16276,2,SegHvacState[7],,bitfield32,M,R,,,1
Repeating,16278,1,HydrogenPPM[7],,uint16,M,R,HPPM_SF,PPM,1
Repeating,16279,1,CellTmpMax[7],,sint16,M,R,Tmp_SF,C,1
Repeating,16280,1,CellTmpMin[7],,sint16,M,R,Tmp_SF,C,1
Repeating,16281,1,CellTmpAvg[7],,sint16,M,R,Tmp_SF,C,1
Repeating,16282,1,Reserved15[7],,sint16,O,R,,,1
Repeating,16283,1,Reserved16[7],,sint16,O,R,,,1
Repeating,16284,1,Reserved17[7],,sint16,O,R,,,1
Repeating,16285,1,Reserved18[7],,sint16,O,R,,,1
Repeating,16286,1,Reserved19[7],,sint16,O,R,,,1
Repeating,16287,1,Reserved20[7],,sint16,O,R,,,1
Repeating,16288,1,Reserved21[7],,sint16,O,R,,,1
Repeating,16289,1,Reserved22[7],,sint16,O,R,,,1
Repeating,16290,1,Reserved23[7],,sint16,O,R,,,1
Repeating,16291,1,Reserved24[7],,sint16,O,R,,,1
Repeating,16292,1,SegIndex[8],,sint16,M,R,,,1
Repeating,16293,1,SegType[8],,enum16,M,R,,,1
Repeating,16294,1,ArrayIndex[8],,sint16,M,R,,,1
Repeating,16295,2,SegEvent[8],,bitfield32,M,R,,,1
Repeating,16297,2,SegDeviceCommsLost[8],,bitfield32,M,R,,,1
Repeating,16299,1,SegInternalTmp[8],,sint16,M,R,Tmp_SF,C,1
Repeating,16300,1,SegInternalHumidity[8],,sint16,M,R,Humidity_SF,%,1
Repeating,16301,2,SegHvacState[8],,bitfield32,M,R,,,1
Repeating,16303,1,HydrogenPPM[8],,uint16,M,R,HPPM_SF,PPM,1
Repeating,16304,1,CellTmpMax[8],,sint16,M,R,Tmp_SF,C,1
Repeating,16305,1,CellTmpMin[8],,sint16,M,R,Tmp_SF,C,1
Repeating,16306,1,CellTmpAvg[8],,sint16,M,R,Tmp_SF,C,1
Repeating,16307,1,Reserved15[8],,sint16,O,R,,,1
Repeating,16308,1,Reserved16[8],,sint16,O,R,,,1
Repeating,16309,1,Reserved17[8],,sint16,O,R,,,1
Repeating,16310,1,Reserved18[8],,sint16,O,R,,,1
Repeating,16311,1,Reserved19[8],,sint16,O,R,,,1
Repeating,16312,1,Reserved20[8],,sint16,O,R,,,1
Repeating,16313,1,Reserved21[8],,sint16,O,R,,,1
Repeating,16314,1,Reserved22[8],,sint16,O,R,,,1
Repeating,16315,1,Reserved23[8],,sint16,O,R,,,1
Repeating,16316,1,Reserved24[8],,sint16,O,R,,,1
Repeating,16317,1,SegIndex[9],,sint16,M,R,,,1
Repeating,16318,1,SegType[9],,enum16,M,R,,,1
Repeating,16319,1,ArrayIndex[9],,sint16,M,R,,,1
Repeating,16320,2,SegEvent[9],,bitfield32,M,R,,,1
Repeating,16322,2,SegDeviceCommsLost[9],,bitfield32,M,R,,,1
Repeating,16324,1,SegInternalTmp[9],,sint16,M,R,Tmp_SF,C,1
Repeating,16325,1,SegInternalHumidity[9],,sint16,M,R,Humidity_SF,%,1
Repeating,16326,2,SegHvacState[9],,bitfield32,M,R,,,1
Repeating,16328,1,HydrogenPPM[9],,uint16,M,R,HPPM_SF,PPM,1
Repeating,16329,1,CellTmpMax[9],,sint16,M,R,Tmp_SF,C,1
Repeating,16330,1,CellTmpMin[9],,sint16,M,R,Tmp_SF,C,1
Repeating,16331,1,CellTmpAvg[9],,sint16,M,R,Tmp_SF,C,1
Repeating,16332,1,Reserved15[9],,sint16,O,R,,,1
Repeating,16333,1,Reserved16[9],,sint16,O,R,,,1
Repeating,16334,1,Reserved17[9],,sint16,O,R,,,1
Repeating,16335,1,Reserved18[9],,sint16,O,R,,,1
Repeating,16336,1,Reserved19[9],,sint16,O,R,,,1
Repeating,16337,1,Reserved20[9],,sint16,O,R,,,1
Repeating,16338,1,Reserved21[9],,sint16,O,R,,,1
Repeating,16339,1,Reserved22[9],,sint16,O,R,,,1
Repeating,16340,1,Reserved23[9],,sint16,O,R,,,1
Repeating,16341,1,Reserved24[9],,sint16,O,R,,,1
Repeating,16342,1,SegIndex[10],,sint16,M,R,,,1
Repeating,16343,1,SegType[10],,enum16,M,R,,,1
Repeating,16344,1,ArrayIndex[10],,sint16,M,R,,,1
Repeating,16345,2,SegEvent[10],,bitfield32,M,R,,,1
Repeating,16347,2,SegDeviceCommsLost[10],,bitfield32,M,R,,,1
Repeating,16349,1,SegInternalTmp[10],,sint16,M,R,Tmp_SF,C,1
Repeating,16350,1,SegInternalHumidity[10],,sint16,M,R,Humidity_SF,%,1
Repeating,16351,2,SegHvacState[10],,bitfield32,M,R,,,1
Repeating,16353,1,HydrogenPPM[10],,uint16,M,R,HPPM_SF,PPM,1
Repeating,16354,1,CellTmpMax[10],,sint16,M,R,Tmp_SF,C,1
Repeating,16355,1,CellTmpMin[10],,sint16,M,R,Tmp_SF,C,1
Repeating,16356,1,CellTmpAvg[10],,sint16,M,R,Tmp_SF,C,1
Repeating,16357,1,Reserved15[10],,sint16,O,R,,,1
Repeating,16358,1,Reserved16[10],,sint16,O,R,,,1
Repeating,16359,1,Reserved17[10],,sint16,O,R,,,1
Repeating,16360,1,Reserved18[10],,sint16,O,R,,,1
Repeating,16361,1,Reserved19[10],,sint16,O,R,,,1
Repeating,16362,1,Reserved20[10],,sint16,O,R,,,1
Repeating,16363,1,Reserved21[10],,sint16,O,R,,,1
Repeating,16364,1,Reserved22[10],,sint16,O,R,,,1
Repeating,16365,1,Reserved23[10],,sint16,O,R,,,1
Repeating,16366,1,Reserved24[10],,sint16,O,R,,,1
Repeating,16367,1,SegIndex[11],,sint16,M,R,,,1
Repeating,16368,1,SegType[11],,enum16,M,R,,,1
Repeating,16369,1,ArrayIndex[11],,sint16,M,R,,,1
Repeating,16370,2,SegEvent[11],,bitfield32,M,R,,,1
Repeating,16372,2,SegDeviceCommsLost[11],,bitfield32,M,R,,,1
Repeating,16374,1,SegInternalTmp[11],,sint16,M,R,Tmp_SF,C,1
Repeating,16375,1,SegInternalHumidity[11],,sint16,M,R,Humidity_SF,%,1
Repeating,16376,2,SegHvacState[11],,bitfield32,M,R,,,1
Repeating,16378,1,HydrogenPPM[11],,uint16,M,R,HPPM_SF,PPM,1
Repeating,16379,1,CellTmpMax[11],,sint16,M,R,Tmp_SF,C,1
Repeating,16380,1,CellTmpMin[11],,sint16,M,R,Tmp_SF,C,1
Repeating,16381,1,CellTmpAvg[11],,sint16,M,R,Tmp_SF,C,1
Repeating,16382,1,Reserved15[11],,sint16,O,R,,,1
Repeating,16383,1,Reserved16[11],,sint16,O,R,,,1
Repeating,16384,1,Reserved17[11],,sint16,O,R,,,1
Repeating,16385,1,Reserved18[11],,sint16,O,R,,,1
Repeating,16386,1,Reserved19[11],,sint16,O,R,,,1
Repeating,16387,1,Reserved20[11],,sint16,O,R,,,1
Repeating,16388,1,Reserved21[11],,sint16,O,R,,,1
Repeating,16389,1,Reserved22[11],,sint16,O,R,,,1
Repeating,16390,1,Reserved23[11],,sint16,O,R,,,1
Repeating,16391,1,Reserved24[11],,sint16,O,R,,,1
Repeating,16392,1,SegIndex[12],,sint16,M,R,,,1
Repeating,16393,1,SegType[12],,enum16,M,R,,,1
Repeating,16394,1,ArrayIndex[12],,sint16,M,R,,,1
Repeating,16395,2,SegEvent[12],,bitfield32,M,R,,,1
Repeating,16397,2,SegDeviceCommsLost[12],,bitfield32,M,R,,,1
Repeating,16399,1,SegInternalTmp[12],,sint16,M,R,Tmp_SF,C,1
Repeating,16400,1,SegInternalHumidity[12],,sint16,M,R,Humidity_SF,%,1
Repeating,16401,2,SegHvacState[12],,bitfield32,M,R,,,1
Repeating,16403,1,HydrogenPPM[12],,uint16,M,R,HPPM_SF,PPM,1
Repeating,16404,1,CellTmpMax[12],,sint16,M,R,Tmp_SF,C,1
Repeating,16405,1,CellTmpMin[12],,sint16,M,R,Tmp_SF,C,1
Repeating,16406,1,CellTmpAvg[12],,sint16,M,R,Tmp_SF,C,1
Repeating,16407,1,Reserved15[12],,sint16,O,R,,,1
Repeating,16408,1,Reserved16[12],,sint16,O,R,,,1
Repeating,16409,1,Reserved17[12],,sint16,O,R,,,1
Repeating,16410,1,Reserved18[12],,sint16,O,R,,,1
Repeating,16411,1,Reserved19[12],,sint16,O,R,,,1
Repeating,16412,1,Reserved20[12],,sint16,O,R,,,1
Repeating,16413,1,Reserved21[12],,sint16,O,R,,,1
Repeating,16414,1,Reserved22[12],,sint16,O,R,,,1
Repeating,16415,1,Reserved23[12],,sint16,O,R,,,1
Repeating,16416,1,Reserved24[12],,sint16,O,R,,,1
Repeating,16417,1,SegIndex[13],,sint16,M,R,,,1
Repeating,16418,1,SegType[13],,enum16,M,R,,,1
Repeating,16419,1,ArrayIndex[13],,sint16,M,R,,,1
Repeating,16420,2,SegEvent[13],,bitfield32,M,R,,,1
Repeating,16422,2,SegDeviceCommsLost[13],,bitfield32,M,R,,,1
Repeating,16424,1,SegInternalTmp[13],,sint16,M,R,Tmp_SF,C,1
Repeating,16425,1,SegInternalHumidity[13],,sint16,M,R,Humidity_SF,%,1
Repeating,16426,2,SegHvacState[13],,bitfield32,M,R,,,1
Repeating,16428,1,HydrogenPPM[13],,uint16,M,R,HPPM_SF,PPM,1
Repeating,16429,1,CellTmpMax[13],,sint16,M,R,Tmp_SF,C,1
Repeating,16430,1,CellTmpMin[13],,sint16,M,R,Tmp_SF,C,1
Repeating,16431,1,CellTmpAvg[13],,sint16,M,R,Tmp_SF,C,1
Repeating,16432,1,Reserved15[13],,sint16,O,R,,,1
Repeating,16433,1,Reserved16[13],,sint16,O,R,,,1
Repeating,16434,1,Reserved17[13],,sint16,O,R,,,1
Repeating,16435,1,Reserved18[13],,sint16,O,R,,,1
Repeating,16436,1,Reserved19[13],,sint16,O,R,,,1
Repeating,16437,1,Reserved20[13],,sint16,O,R,,,1
Repeating,16438,1,Reserved21[13],,sint16,O,R,,,1
Repeating,16439,1,Reserved22[13],,sint16,O,R,,,1
Repeating,16440,1,Reserved23[13],,sint16,O,R,,,1
Repeating,16441,1,Reserved24[13],,sint16,O,R,,,1
Repeating,16442,1,SegIndex[14],,sint16,M,R,,,1
Repeating,16443,1,SegType[14],,enum16,M,R,,,1
Repeating,16444,1,ArrayIndex[14],,sint16,M,R,,,1
Repeating,16445,2,SegEvent[14],,bitfield32,M,R,,,1
Repeating,16447,2,SegDeviceCommsLost[14],,bitfield32,M,R,,,1
Repeating,16449,1,SegInternalTmp[14],,sint16,M,R,Tmp_SF,C,1
Repeating,16450,1,SegInternalHumidity[14],,sint16,M,R,Humidity_SF,%,1
Repeating,16451,2,SegHvacState[14],,bitfield32,M,R,,,1
Repeating,16453,1,HydrogenPPM[14],,uint16,M,R,HPPM_SF,PPM,1
Repeating,16454,1,CellTmpMax[14],,sint16,M,R,Tmp_SF,C,1
Repeating,16455,1,CellTmpMin[14],,sint16,M,R,Tmp_SF,C,1
Repeating,16456,1,CellTmpAvg[14],,sint16,M,R,Tmp_SF,C,1
Repeating,16457,1,Reserved15[14],,sint16,O,R,,,1
Repeating,16458,1,Reserved16[14],,sint16,O,R,,,1
Repeating,16459,1,Reserved17[14],,sint16,O,R,,,1
Repeating,16460,1,Reserved18[14],,sint16,O,R,,,1
Repeating,16461,1,Reserved19[14],,sint16,O,R,,,1
Repeating,16462,1,Reserved20[14],,sint16,O,R,,,1
Repeating,16463,1,Reserved21[14],,sint16,O,R,,,1
Repeating,16464,1,Reserved22[14],,sint16,O,R,,,1
Repeating,16465,1,Reserved23[14],,sint16,O,R,,,1
Repeating,16466,1,Reserved24[14],,sint16,O,R,,,1
Repeating,16467,1,SegIndex[15],,sint16,M,R,,,1
Repeating,16468,1,SegType[15],,enum16,M,R,,,1
Repeating,16469,1,ArrayIndex[15],,sint16,M,R,,,1
Repeating,16470,2,SegEvent[15],,bitfield32,M,R,,,1
Repeating,16472,2,SegDeviceCommsLost[15],,bitfield32,M,R,,,1
Repeating,16474,1,SegInternalTmp[15],,sint16,M,R,Tmp_SF,C,1
Repeating,16475,1,SegInternalHumidity[15],,sint16,M,R,Humidity_SF,%,1
Repeating,16476,2,SegHvacState[15],,bitfield32,M,R,,,1
Repeating,16478,1,HydrogenPPM[15],,uint16,M,R,HPPM_SF,PPM,1
Repeating,16479,1,CellTmpMax[15],,sint16,M,R,Tmp_SF,C,1
Repeating,16480,1,CellTmpMin[15],,sint16,M,R,Tmp_SF,C,1
Repeating,16481,1,CellTmpAvg[15],,sint16,M,R,Tmp_SF,C,1
Repeating,16482,1,Reserved15[15],,sint16,O,R,,,1
Repeating,16483,1,Reserved16[15],,sint16,O,R,,,1
Repeating,16484,1,Reserved17[15],,sint16,O,R,,,1
Repeating,16485,1,Reserved18[15],,sint16,O,R,,,1
Repeating,16486,1,Reserved19[15],,sint16,O,R,,,1
Repeating,16487,1,Reserved20[15],,sint16,O,R,,,1
Repeating,16488,1,Reserved21[15],,sint16,O,R,,,1
Repeating,16489,1,Reserved22[15],,sint16,O,R,,,1
Repeating,16490,1,Reserved23[15],,sint16,O,R,,,1
Repeating,16491,1,Reserved24[15],,sint16,O,R,,,1
Repeating,16492,1,SegIndex[16],,sint16,M,R,,,1
Repeating,16493,1,SegType[16],,enum16,M,R,,,1
Repeating,16494,1,ArrayIndex[16],,sint16,M,R,,,1
Repeating,16495,2,SegEvent[16],,bitfield32,M,R,,,1
Repeating,16497,2,SegDeviceCommsLost[16],,bitfield32,M,R,,,1
Repeating,16499,1,SegInternalTmp[16],,sint16,M,R,Tmp_SF,C,1
Repeating,16500,1,SegInternalHumidity[16],,sint16,M,R,Humidity_SF,%,1
Repeating,16501,2,SegHvacState[16],,bitfield32,M,R,,,1
Repeating,16503,1,HydrogenPPM[16],,uint16,M,R,HPPM_SF,PPM,1
Repeating,16504,1,CellTmpMax[16],,sint16,M,R,Tmp_SF,C,1
Repeating,16505,1,CellTmpMin[16],,sint16,M,R,Tmp_SF,C,1
Repeating,16506,1,CellTmpAvg[16],,sint16,M,R,Tmp_SF,C,1
Repeating,16507,1,Reserved15[16],,sint16,O,R,,,1
Repeating,16508,1,Reserved16[16],,sint16,O,R,,,1
Repeating,16509,1,Reserved17[16],,sint16,O,R,,,1
Repeating,16510,1,Reserved18[16],,sint16,O,R,,,1
Repeating,16511,1,Reserved19[16],,sint16,O,R,,,1
Repeating,16512,1,Reserved20[16],,sint16,O,R,,,1
Repeating,16513,1,Reserved21[16],,sint16,O,R,,,1
Repeating,16514,1,Reserved22[16],,sint16,O,R,,,1
Repeating,16515,1,Reserved23[16],,sint16,O,R,,,1
Repeating,16516,1,Reserved24[16],,sint16,O,R,,,1
Repeating,16517,1,SegIndex[17],,sint16,M,R,,,1
Repeating,16518,1,SegType[17],,enum16,M,R,,,1
Repeating,16519,1,ArrayIndex[17],,sint16,M,R,,,1
Repeating,16520,2,SegEvent[17],,bitfield32,M,R,,,1
Repeating,16522,2,SegDeviceCommsLost[17],,bitfield32,M,R,,,1
Repeating,16524,1,SegInternalTmp[17],,sint16,M,R,Tmp_SF,C,1
Repeating,16525,1,SegInternalHumidity[17],,sint16,M,R,Humidity_SF,%,1
Repeating,16526,2,SegHvacState[17],,bitfield32,M,R,,,1
Repeating,16528,1,HydrogenPPM[17],,uint16,M,R,HPPM_SF,PPM,1
Repeating,16529,1,CellTmpMax[17],,sint16,M,R,Tmp_SF,C,1
Repeating,16530,1,CellTmpMin[17],,sint16,M,R,Tmp_SF,C,1
Repeating,16531,1,CellTmpAvg[17],,sint16,M,R,Tmp_SF,C,1
Repeating,16532,1,Reserved15[17],,sint16,O,R,,,1
Repeating,16533,1,Reserved16[17],,sint16,O,R,,,1
Repeating,16534,1,Reserved17[17],,sint16,O,R,,,1
Repeating,16535,1,Reserved18[17],,sint16,O,R,,,1
Repeating,16536,1,Reserved19[17],,sint16,O,R,,,1
Repeating,16537,1,Reserved20[17],,sint16,O,R,,,1
Repeating,16538,1,Reserved21[17],,sint16,O,R,,,1
Repeating,16539,1,Reserved22[17],,sint16,O,R,,,1
Repeating,16540,1,Reserved23[17],,sint16,O,R,,,1
Repeating,16541,1,Reserved24[17],,sint16,O,R,,,1
Repeating,16542,1,SegIndex[18],,sint16,M,R,,,1
Repeating,16543,1,SegType[18],,enum16,M,R,,,1
Repeating,16544,1,ArrayIndex[18],,sint16,M,R,,,1
Repeating,16545,2,SegEvent[18],,bitfield32,M,R,,,1
Repeating,16547,2,SegDeviceCommsLost[18],,bitfield32,M,R,,,1
Repeating,16549,1,SegInternalTmp[18],,sint16,M,R,Tmp_SF,C,1
Repeating,16550,1,SegInternalHumidity[18],,sint16,M,R,Humidity_SF,%,1
Repeating,16551,2,SegHvacState[18],,bitfield32,M,R,,,1
Repeating,16553,1,HydrogenPPM[18],,uint16,M,R,HPPM_SF,PPM,1
Repeating,16554,1,CellTmpMax[18],,sint16,M,R,Tmp_SF,C,1
Repeating,16555,1,CellTmpMin[18],,sint16,M,R,Tmp_SF,C,1
Repeating,16556,1,CellTmpAvg[18],,sint16,M,R,Tmp_SF,C,1
Repeating,16557,1,Reserved15[18],,sint16,O,R,,,1
Repeating,16558,1,Reserved16[18],,sint16,O,R,,,1
Repeating,16559,1,Reserved17[18],,sint16,O,R,,,1
Repeating,16560,1,Reserved18[18],,sint16,O,R,,,1
Repeating,16561,1,Reserved19[18],,sint16,O,R,,,1
Repeating,16562,1,Reserved20[18],,sint16,O,R,,,1
Repeating,16563,1,Reserved21[18],,sint16,O,R,,,1
Repeating,16564,1,Reserved22[18],,sint16,O,R,,,1
Repeating,16565,1,Reserved23[18],,sint16,O,R,,,1
Repeating,16566,1,Reserved24[18],,sint16,O,R,,,1
Repeating,16567,1,SegIndex[19],,sint16,M,R,,,1
Repeating,16568,1,SegType[19],,enum16,M,R,,,1
Repeating,16569,1,ArrayIndex[19],,sint16,M,R,,,1
Repeating,16570,2,SegEvent[19],,bitfield32,M,R,,,1
Repeating,16572,2,SegDeviceCommsLost[19],,bitfield32,M,R,,,1
Repeating,16574,1,SegInternalTmp[19],,sint16,M,R,Tmp_SF,C,1
Repeating,16575,1,SegInternalHumidity[19],,sint16,M,R,Humidity_SF,%,1
Repeating,16576,2,SegHvacState[19],,bitfield32,M,R,,,1
Repeating,16578,1,HydrogenPPM[19],,uint16,M,R,HPPM_SF,PPM,1
Repeating,16579,1,CellTmpMax[19],,sint16,M,R,Tmp_SF,C,1
Repeating,16580,1,CellTmpMin[19],,sint16,M,R,Tmp_SF,C,1
Repeating,16581,1,CellTmpAvg[19],,sint16,M,R,Tmp_SF,C,1
Repeating,16582,1,Reserved15[19],,sint16,O,R,,,1
Repeating,16583,1,Reserved16[19],,sint16,O,R,,,1
Repeating,16584,1,Reserved17[19],,sint16,O,R,,,1
Repeating,16585,1,Reserved18[19],,sint16,O,R,,,1
Repeating,16586,1,Reserved19[19],,sint16,O,R,,,1
Repeating,16587,1,Reserved20[19],,sint16,O,R,,,1
Repeating,16588,1,Reserved21[19],,sint16,O,R,,,1
Repeating,16589,1,Reserved22[19],,sint16,O,R,,,1
Repeating,16590,1,Reserved23[19],,sint16,O,R,,,1
Repeating,16591,1,Reserved24[19],,sint16,O,R,,,1
Repeating,16592,1,SegIndex[20],,sint16,M,R,,,1
Repeating,16593,1,SegType[20],,enum16,M,R,,,1
Repeating,16594,1,ArrayIndex[20],,sint16,M,R,,,1
Repeating,16595,2,SegEvent[20],,bitfield32,M,R,,,1
Repeating,16597,2,SegDeviceCommsLost[20],,bitfield32,M,R,,,1
Repeating,16599,1,SegInternalTmp[20],,sint16,M,R,Tmp_SF,C,1
Repeating,16600,1,SegInternalHumidity[20],,sint16,M,R,Humidity_SF,%,1
Repeating,16601,2,SegHvacState[20],,bitfield32,M,R,,,1
Repeating,16603,1,HydrogenPPM[20],,uint16,M,R,HPPM_SF,PPM,1
Repeating,16604,1,CellTmpMax[20],,sint16,M,R,Tmp_SF,C,1
Repeating,16605,1,CellTmpMin[20],,sint16,M,R,Tmp_SF,C,1
Repeating,16606,1,CellTmpAvg[20],,sint16,M,R,Tmp_SF,C,1
Repeating,16607,1,Reserved15[20],,sint16,O,R,,,1
Repeating,16608,1,Reserved16[20],,sint16,O,R,,,1
Repeating,16609,1,Reserved17[20],,sint16,O,R,,,1
Repeating,16610,1,Reserved18[20],,sint16,O,R,,,1
Repeating,16611,1,Reserved19[20],,sint16,O,R,,,1
Repeating,16612,1,Reserved20[20],,sint16,O,R,,,1
Repeating,16613,1,Reserved21[20],,sint16,O,R,,,1
Repeating,16614,1,Reserved22[20],,sint16,O,R,,,1
Repeating,16615,1,Reserved23[20],,sint16,O,R,,,1
Repeating,16616,1,Reserved24[20],,sint16,O,R,,,1
Repeating,16617,1,SegIndex[21],,sint16,M,R,,,1
Repeating,16618,1,SegType[21],,enum16,M,R,,,1
Repeating,16619,1,ArrayIndex[21],,sint16,M,R,,,1
Repeating,16620,2,SegEvent[21],,bitfield32,M,R,,,1
Repeating,16622,2,SegDeviceCommsLost[21],,bitfield32,M,R,,,1
Repeating,16624,1,SegInternalTmp[21],,sint16,M,R,Tmp_SF,C,1
Repeating,16625,1,SegInternalHumidity[21],,sint16,M,R,Humidity_SF,%,1
Repeating,16626,2,SegHvacState[21],,bitfield32,M,R,,,1
Repeating,16628,1,HydrogenPPM[21],,uint16,M,R,HPPM_SF,PPM,1
Repeating,16629,1,CellTmpMax[21],,sint16,M,R,Tmp_SF,C,1
Repeating,16630,1,CellTmpMin[21],,sint16,M,R,Tmp_SF,C,1
Repeating,16631,1,CellTmpAvg[21],,sint16,M,R,Tmp_SF,C,1
Repeating,16632,1,Reserved15[21],,sint16,O,R,,,1
Repeating,16633,1,Reserved16[21],,sint16,O,R,,,1
Repeating,16634,1,Reserved17[21],,sint16,O,R,,,1
Repeating,16635,1,Reserved18[21],,sint16,O,R,,,1
Repeating,16636,1,Reserved19[21],,sint16,O,R,,,1
Repeating,16637,1,Reserved20[21],,sint16,O,R,,,1
Repeating,16638,1,Reserved21[21],,sint16,O,R,,,1
Repeating,16639,1,Reserved22[21],,sint16,O,R,,,1
Repeating,16640,1,Reserved23[21],,sint16,O,R,,,1
Repeating,16641,1,Reserved24[21],,sint16,O,R,,,1
Header,16642,1,"ID ""PowinLineUpEnclosures""",65131,uint16,M,R,,,1
Header,16643,1,Length,564,uint16,M,R,,,1
Fixed,16644,1,LinupIndex,,sint16,M,R,,,1
Fixed,16645,1,SegQty,,sint16,M,R,,,1
Fixed,16646,2,LineupEvt1,,bitfield32,M,R,,,1
Fixed,16648,1,OATmp,,sint16,M,R,Tmp_SF,C,1
Fixed,16649,1,OAHumidity,,sint16,M,R,Humidity_SF,%,1
Fixed,16650,1,StringCount,,sint16,M,R,,,1
Fixed,16651,1,StringWithOpenContactorsCount,,sint16,M,R,,,1
Fixed,16652,1,StringWithClosedContactorsCount,,sint16,M,R,,,1
Fixed,16653,1,StringOutOfRotationCount,,sint16,M,R,,,1
Fixed,16654,1,ActiveLineupStringCommand,,enum16,M,R,,,1
Fixed,16655,1,LineupStringCommand,,enum16,M,RW,,,1
Fixed,16656,1,ReservedRegister14,,scalefactor,O,R,,,1
Fixed,16657,1,ReservedRegister15,,scalefactor,O,R,,,1
Fixed,16658,1,ReservedRegister16,,scalefactor,O,R,,,1
Fixed,16659,1,ReservedRegister17,,scalefactor,O,R,,,1
Fixed,16660,1,ReservedRegister18,,scalefactor,O,R,,,1
Fixed,16661,1,ReservedRegister19,,scalefactor,O,R,,,1
Fixed,16662,1,ReservedRegister20,,scalefactor,O,R,,,1
Fixed,16663,1,ReservedRegister21,,scalefactor,O,R,,,1
Fixed,16664,1,ReservedRegister22,,scalefactor,O,R,,,1
Fixed,16665,1,ReservedRegister23,,scalefactor,O,R,,,1
Fixed,16666,1,ReservedRegister24,,scalefactor,O,R,,,1
Fixed,16667,1,ReservedRegister25,,scalefactor,O,R,,,1
Fixed,16668,1,ReservedRegister26,,scalefactor,O,R,,,1
Fixed,16669,1,ReservedRegister27,,scalefactor,O,R,,,1
Fixed,16670,1,ReservedRegister28,,scalefactor,O,R,,,1
Fixed,16671,1,ReservedRegister29,,scalefactor,O,R,,,1
Fixed,16672,1,ReservedRegister30,,scalefactor,O,R,,,1
Fixed,16673,1,ReservedRegister31,,scalefactor,O,R,,,1
Fixed,16674,1,ReservedRegister32,,scalefactor,O,R,,,1
Fixed,16675,1,ReservedRegister33,,scalefactor,O,R,,,1
Fixed,16676,1,ReservedRegister34,,scalefactor,O,R,,,1
Fixed,16677,1,ReservedRegister35,,scalefactor,O,R,,,1
Fixed,16678,1,HPPM_SF,,scalefactor,M,R,,,1
Fixed,16679,1,Humidity_SF,,scalefactor,M,R,,,1
Fixed,16680,1,Volt_SF,,scalefactor,M,R,,,1
Fixed,16681,1,CellVolt_SF,,scalefactor,M,R,,,1
Fixed,16682,1,Tmp_SF,,scalefactor,M,R,,,1
Repeating,16683,1,SegIndex[1],,sint16,M,R,,,1
Repeating,16684,1,SegType[1],,enum16,M,R,,,1
Repeating,16685,1,ArrayIndex[1],,sint16,M,R,,,1
Repeating,16686,2,SegEvent[1],,bitfield32,M,R,,,1
Repeating,16688,2,SegDeviceCommsLost[1],,bitfield32,M,R,,,1
Repeating,16690,1,SegInternalTmp[1],,sint16,M,R,Tmp_SF,C,1
Repeating,16691,1,SegInternalHumidity[1],,sint16,M,R,Humidity_SF,%,1
Repeating,16692,2,SegHvacState[1],,bitfield32,M,R,,,1
Repeating,16694,1,HydrogenPPM[1],,uint16,M,R,HPPM_SF,PPM,1
Repeating,16695,1,CellTmpMax[1],,sint16,M,R,Tmp_SF,C,1
Repeating,16696,1,CellTmpMin[1],,sint16,M,R,Tmp_SF,C,1
Repeating,16697,1,CellTmpAvg[1],,sint16,M,R,Tmp_SF,C,1
Repeating,16698,1,Reserved15[1],,sint16,O,R,,,1
Repeating,16699,1,Reserved16[1],,sint16,O,R,,,1
Repeating,16700,1,Reserved17[1],,sint16,O,R,,,1
Repeating,16701,1,Reserved18[1],,sint16,O,R,,,1
Repeating,16702,1,Reserved19[1],,sint16,O,R,,,1
Repeating,16703,1,Reserved20[1],,sint16,O,R,,,1
Repeating,16704,1,Reserved21[1],,sint16,O,R,,,1
Repeating,16705,1,Reserved22[1],,sint16,O,R,,,1
Repeating,16706,1,Reserved23[1],,sint16,O,R,,,1
Repeating,16707,1,Reserved24[1],,sint16,O,R,,,1
Repeating,16708,1,SegIndex[2],,sint16,M,R,,,1
Repeating,16709,1,SegType[2],,enum16,M,R,,,1
Repeating,16710,1,ArrayIndex[2],,sint16,M,R,,,1
Repeating,16711,2,SegEvent[2],,bitfield32,M,R,,,1
Repeating,16713,2,SegDeviceCommsLost[2],,bitfield32,M,R,,,1
Repeating,16715,1,SegInternalTmp[2],,sint16,M,R,Tmp_SF,C,1
Repeating,16716,1,SegInternalHumidity[2],,sint16,M,R,Humidity_SF,%,1
Repeating,16717,2,SegHvacState[2],,bitfield32,M,R,,,1
Repeating,16719,1,HydrogenPPM[2],,uint16,M,R,HPPM_SF,PPM,1
Repeating,16720,1,CellTmpMax[2],,sint16,M,R,Tmp_SF,C,1
Repeating,16721,1,CellTmpMin[2],,sint16,M,R,Tmp_SF,C,1
Repeating,16722,1,CellTmpAvg[2],,sint16,M,R,Tmp_SF,C,1
Repeating,16723,1,Reserved15[2],,sint16,O,R,,,1
Repeating,16724,1,Reserved16[2],,sint16,O,R,,,1
Repeating,16725,1,Reserved17[2],,sint16,O,R,,,1
Repeating,16726,1,Reserved18[2],,sint16,O,R,,,1
Repeating,16727,1,Reserved19[2],,sint16,O,R,,,1
Repeating,16728,1,Reserved20[2],,sint16,O,R,,,1
Repeating,16729,1,Reserved21[2],,sint16,O,R,,,1
Repeating,16730,1,Reserved22[2],,sint16,O,R,,,1
Repeating,16731,1,Reserved23[2],,sint16,O,R,,,1
Repeating,16732,1,Reserved24[2],,sint16,O,R,,,1
Repeating,16733,1,SegIndex[3],,sint16,M,R,,,1
Repeating,16734,1,SegType[3],,enum16,M,R,,,1
Repeating,16735,1,ArrayIndex[3],,sint16,M,R,,,1
Repeating,16736,2,SegEvent[3],,bitfield32,M,R,,,1
Repeating,16738,2,SegDeviceCommsLost[3],,bitfield32,M,R,,,1
Repeating,16740,1,SegInternalTmp[3],,sint16,M,R,Tmp_SF,C,1
Repeating,16741,1,SegInternalHumidity[3],,sint16,M,R,Humidity_SF,%,1
Repeating,16742,2,SegHvacState[3],,bitfield32,M,R,,,1
Repeating,16744,1,HydrogenPPM[3],,uint16,M,R,HPPM_SF,PPM,1
Repeating,16745,1,CellTmpMax[3],,sint16,M,R,Tmp_SF,C,1
Repeating,16746,1,CellTmpMin[3],,sint16,M,R,Tmp_SF,C,1
Repeating,16747,1,CellTmpAvg[3],,sint16,M,R,Tmp_SF,C,1
Repeating,16748,1,Reserved15[3],,sint16,O,R,,,1
Repeating,16749,1,Reserved16[3],,sint16,O,R,,,1
Repeating,16750,1,Reserved17[3],,sint16,O,R,,,1
Repeating,16751,1,Reserved18[3],,sint16,O,R,,,1
Repeating,16752,1,Reserved19[3],,sint16,O,R,,,1
Repeating,16753,1,Reserved20[3],,sint16,O,R,,,1
Repeating,16754,1,Reserved21[3],,sint16,O,R,,,1
Repeating,16755,1,Reserved22[3],,sint16,O,R,,,1
Repeating,16756,1,Reserved23[3],,sint16,O,R,,,1
Repeating,16757,1,Reserved24[3],,sint16,O,R,,,1
Repeating,16758,1,SegIndex[4],,sint16,M,R,,,1
Repeating,16759,1,SegType[4],,enum16,M,R,,,1
Repeating,16760,1,ArrayIndex[4],,sint16,M,R,,,1
Repeating,16761,2,SegEvent[4],,bitfield32,M,R,,,1
Repeating,16763,2,SegDeviceCommsLost[4],,bitfield32,M,R,,,1
Repeating,16765,1,SegInternalTmp[4],,sint16,M,R,Tmp_SF,C,1
Repeating,16766,1,SegInternalHumidity[4],,sint16,M,R,Humidity_SF,%,1
Repeating,16767,2,SegHvacState[4],,bitfield32,M,R,,,1
Repeating,16769,1,HydrogenPPM[4],,uint16,M,R,HPPM_SF,PPM,1
Repeating,16770,1,CellTmpMax[4],,sint16,M,R,Tmp_SF,C,1
Repeating,16771,1,CellTmpMin[4],,sint16,M,R,Tmp_SF,C,1
Repeating,16772,1,CellTmpAvg[4],,sint16,M,R,Tmp_SF,C,1
Repeating,16773,1,Reserved15[4],,sint16,O,R,,,1
Repeating,16774,1,Reserved16[4],,sint16,O,R,,,1
Repeating,16775,1,Reserved17[4],,sint16,O,R,,,1
Repeating,16776,1,Reserved18[4],,sint16,O,R,,,1
Repeating,16777,1,Reserved19[4],,sint16,O,R,,,1
Repeating,16778,1,Reserved20[4],,sint16,O,R,,,1
Repeating,16779,1,Reserved21[4],,sint16,O,R,,,1
Repeating,16780,1,Reserved22[4],,sint16,O,R,,,1
Repeating,16781,1,Reserved23[4],,sint16,O,R,,,1
Repeating,16782,1,Reserved24[4],,sint16,O,R,,,1
Repeating,16783,1,SegIndex[5],,sint16,M,R,,,1
Repeating,16784,1,SegType[5],,enum16,M,R,,,1
Repeating,16785,1,ArrayIndex[5],,sint16,M,R,,,1
Repeating,16786,2,SegEvent[5],,bitfield32,M,R,,,1
Repeating,16788,2,SegDeviceCommsLost[5],,bitfield32,M,R,,,1
Repeating,16790,1,SegInternalTmp[5],,sint16,M,R,Tmp_SF,C,1
Repeating,16791,1,SegInternalHumidity[5],,sint16,M,R,Humidity_SF,%,1
Repeating,16792,2,SegHvacState[5],,bitfield32,M,R,,,1
Repeating,16794,1,HydrogenPPM[5],,uint16,M,R,HPPM_SF,PPM,1
Repeating,16795,1,CellTmpMax[5],,sint16,M,R,Tmp_SF,C,1
Repeating,16796,1,CellTmpMin[5],,sint16,M,R,Tmp_SF,C,1
Repeating,16797,1,CellTmpAvg[5],,sint16,M,R,Tmp_SF,C,1
Repeating,16798,1,Reserved15[5],,sint16,O,R,,,1
Repeating,16799,1,Reserved16[5],,sint16,O,R,,,1
Repeating,16800,1,Reserved17[5],,sint16,O,R,,,1
Repeating,16801,1,Reserved18[5],,sint16,O,R,,,1
Repeating,16802,1,Reserved19[5],,sint16,O,R,,,1
Repeating,16803,1,Reserved20[5],,sint16,O,R,,,1
Repeating,16804,1,Reserved21[5],,sint16,O,R,,,1
Repeating,16805,1,Reserved22[5],,sint16,O,R,,,1
Repeating,16806,1,Reserved23[5],,sint16,O,R,,,1
Repeating,16807,1,Reserved24[5],,sint16,O,R,,,1
Repeating,16808,1,SegIndex[6],,sint16,M,R,,,1
Repeating,16809,1,SegType[6],,enum16,M,R,,,1
Repeating,16810,1,ArrayIndex[6],,sint16,M,R,,,1
Repeating,16811,2,SegEvent[6],,bitfield32,M,R,,,1
Repeating,16813,2,SegDeviceCommsLost[6],,bitfield32,M,R,,,1
Repeating,16815,1,SegInternalTmp[6],,sint16,M,R,Tmp_SF,C,1
Repeating,16816,1,SegInternalHumidity[6],,sint16,M,R,Humidity_SF,%,1
Repeating,16817,2,SegHvacState[6],,bitfield32,M,R,,,1
Repeating,16819,1,HydrogenPPM[6],,uint16,M,R,HPPM_SF,PPM,1
Repeating,16820,1,CellTmpMax[6],,sint16,M,R,Tmp_SF,C,1
Repeating,16821,1,CellTmpMin[6],,sint16,M,R,Tmp_SF,C,1
Repeating,16822,1,CellTmpAvg[6],,sint16,M,R,Tmp_SF,C,1
Repeating,16823,1,Reserved15[6],,sint16,O,R,,,1
Repeating,16824,1,Reserved16[6],,sint16,O,R,,,1
Repeating,16825,1,Reserved17[6],,sint16,O,R,,,1
Repeating,16826,1,Reserved18[6],,sint16,O,R,,,1
Repeating,16827,1,Reserved19[6],,sint16,O,R,,,1
Repeating,16828,1,Reserved20[6],,sint16,O,R,,,1
Repeating,16829,1,Reserved21[6],,sint16,O,R,,,1
Repeating,16830,1,Reserved22[6],,sint16,O,R,,,1
Repeating,16831,1,Reserved23[6],,sint16,O,R,,,1
Repeating,16832,1,Reserved24[6],,sint16,O,R,,,1
Repeating,16833,1,SegIndex[7],,sint16,M,R,,,1
Repeating,16834,1,SegType[7],,enum16,M,R,,,1
Repeating,16835,1,ArrayIndex[7],,sint16,M,R,,,1
Repeating,16836,2,SegEvent[7],,bitfield32,M,R,,,1
Repeating,16838,2,SegDeviceCommsLost[7],,bitfield32,M,R,,,1
Repeating,16840,1,SegInternalTmp[7],,sint16,M,R,Tmp_SF,C,1
Repeating,16841,1,SegInternalHumidity[7],,sint16,M,R,Humidity_SF,%,1
Repeating,16842,2,SegHvacState[7],,bitfield32,M,R,,,1
Repeating,16844,1,HydrogenPPM[7],,uint16,M,R,HPPM_SF,PPM,1
Repeating,16845,1,CellTmpMax[7],,sint16,M,R,Tmp_SF,C,1
Repeating,16846,1,CellTmpMin[7],,sint16,M,R,Tmp_SF,C,1
Repeating,16847,1,CellTmpAvg[7],,sint16,M,R,Tmp_SF,C,1
Repeating,16848,1,Reserved15[7],,sint16,O,R,,,1
Repeating,16849,1,Reserved16[7],,sint16,O,R,,,1
Repeating,16850,1,Reserved17[7],,sint16,O,R,,,1
Repeating,16851,1,Reserved18[7],,sint16,O,R,,,1
Repeating,16852,1,Reserved19[7],,sint16,O,R,,,1
Repeating,16853,1,Reserved20[7],,sint16,O,R,,,1
Repeating,16854,1,Reserved21[7],,sint16,O,R,,,1
Repeating,16855,1,Reserved22[7],,sint16,O,R,,,1
Repeating,16856,1,Reserved23[7],,sint16,O,R,,,1
Repeating,16857,1,Reserved24[7],,sint16,O,R,,,1
Repeating,16858,1,SegIndex[8],,sint16,M,R,,,1
Repeating,16859,1,SegType[8],,enum16,M,R,,,1
Repeating,16860,1,ArrayIndex[8],,sint16,M,R,,,1
Repeating,16861,2,SegEvent[8],,bitfield32,M,R,,,1
Repeating,16863,2,SegDeviceCommsLost[8],,bitfield32,M,R,,,1
Repeating,16865,1,SegInternalTmp[8],,sint16,M,R,Tmp_SF,C,1
Repeating,16866,1,SegInternalHumidity[8],,sint16,M,R,Humidity_SF,%,1
Repeating,16867,2,SegHvacState[8],,bitfield32,M,R,,,1
Repeating,16869,1,HydrogenPPM[8],,uint16,M,R,HPPM_SF,PPM,1
Repeating,16870,1,CellTmpMax[8],,sint16,M,R,Tmp_SF,C,1
Repeating,16871,1,CellTmpMin[8],,sint16,M,R,Tmp_SF,C,1
Repeating,16872,1,CellTmpAvg[8],,sint16,M,R,Tmp_SF,C,1
Repeating,16873,1,Reserved15[8],,sint16,O,R,,,1
Repeating,16874,1,Reserved16[8],,sint16,O,R,,,1
Repeating,16875,1,Reserved17[8],,sint16,O,R,,,1
Repeating,16876,1,Reserved18[8],,sint16,O,R,,,1
Repeating,16877,1,Reserved19[8],,sint16,O,R,,,1
Repeating,16878,1,Reserved20[8],,sint16,O,R,,,1
Repeating,16879,1,Reserved21[8],,sint16,O,R,,,1
Repeating,16880,1,Reserved22[8],,sint16,O,R,,,1
Repeating,16881,1,Reserved23[8],,sint16,O,R,,,1
Repeating,16882,1,Reserved24[8],,sint16,O,R,,,1
Repeating,16883,1,SegIndex[9],,sint16,M,R,,,1
Repeating,16884,1,SegType[9],,enum16,M,R,,,1
Repeating,16885,1,ArrayIndex[9],,sint16,M,R,,,1
Repeating,16886,2,SegEvent[9],,bitfield32,M,R,,,1
Repeating,16888,2,SegDeviceCommsLost[9],,bitfield32,M,R,,,1
Repeating,16890,1,SegInternalTmp[9],,sint16,M,R,Tmp_SF,C,1
Repeating,16891,1,SegInternalHumidity[9],,sint16,M,R,Humidity_SF,%,1
Repeating,16892,2,SegHvacState[9],,bitfield32,M,R,,,1
Repeating,16894,1,HydrogenPPM[9],,uint16,M,R,HPPM_SF,PPM,1
Repeating,16895,1,CellTmpMax[9],,sint16,M,R,Tmp_SF,C,1
Repeating,16896,1,CellTmpMin[9],,sint16,M,R,Tmp_SF,C,1
Repeating,16897,1,CellTmpAvg[9],,sint16,M,R,Tmp_SF,C,1
Repeating,16898,1,Reserved15[9],,sint16,O,R,,,1
Repeating,16899,1,Reserved16[9],,sint16,O,R,,,1
Repeating,16900,1,Reserved17[9],,sint16,O,R,,,1
Repeating,16901,1,Reserved18[9],,sint16,O,R,,,1
Repeating,16902,1,Reserved19[9],,sint16,O,R,,,1
Repeating,16903,1,Reserved20[9],,sint16,O,R,,,1
Repeating,16904,1,Reserved21[9],,sint16,O,R,,,1
Repeating,16905,1,Reserved22[9],,sint16,O,R,,,1
Repeating,16906,1,Reserved23[9],,sint16,O,R,,,1
Repeating,16907,1,Reserved24[9],,sint16,O,R,,,1
Repeating,16908,1,SegIndex[10],,sint16,M,R,,,1
Repeating,16909,1,SegType[10],,enum16,M,R,,,1
Repeating,16910,1,ArrayIndex[10],,sint16,M,R,,,1
Repeating,16911,2,SegEvent[10],,bitfield32,M,R,,,1
Repeating,16913,2,SegDeviceCommsLost[10],,bitfield32,M,R,,,1
Repeating,16915,1,SegInternalTmp[10],,sint16,M,R,Tmp_SF,C,1
Repeating,16916,1,SegInternalHumidity[10],,sint16,M,R,Humidity_SF,%,1
Repeating,16917,2,SegHvacState[10],,bitfield32,M,R,,,1
Repeating,16919,1,HydrogenPPM[10],,uint16,M,R,HPPM_SF,PPM,1
Repeating,16920,1,CellTmpMax[10],,sint16,M,R,Tmp_SF,C,1
Repeating,16921,1,CellTmpMin[10],,sint16,M,R,Tmp_SF,C,1
Repeating,16922,1,CellTmpAvg[10],,sint16,M,R,Tmp_SF,C,1
Repeating,16923,1,Reserved15[10],,sint16,O,R,,,1
Repeating,16924,1,Reserved16[10],,sint16,O,R,,,1
Repeating,16925,1,Reserved17[10],,sint16,O,R,,,1
Repeating,16926,1,Reserved18[10],,sint16,O,R,,,1
Repeating,16927,1,Reserved19[10],,sint16,O,R,,,1
Repeating,16928,1,Reserved20[10],,sint16,O,R,,,1
Repeating,16929,1,Reserved21[10],,sint16,O,R,,,1
Repeating,16930,1,Reserved22[10],,sint16,O,R,,,1
Repeating,16931,1,Reserved23[10],,sint16,O,R,,,1
Repeating,16932,1,Reserved24[10],,sint16,O,R,,,1
Repeating,16933,1,SegIndex[11],,sint16,M,R,,,1
Repeating,16934,1,SegType[11],,enum16,M,R,,,1
Repeating,16935,1,ArrayIndex[11],,sint16,M,R,,,1
Repeating,16936,2,SegEvent[11],,bitfield32,M,R,,,1
Repeating,16938,2,SegDeviceCommsLost[11],,bitfield32,M,R,,,1
Repeating,16940,1,SegInternalTmp[11],,sint16,M,R,Tmp_SF,C,1
Repeating,16941,1,SegInternalHumidity[11],,sint16,M,R,Humidity_SF,%,1
Repeating,16942,2,SegHvacState[11],,bitfield32,M,R,,,1
Repeating,16944,1,HydrogenPPM[11],,uint16,M,R,HPPM_SF,PPM,1
Repeating,16945,1,CellTmpMax[11],,sint16,M,R,Tmp_SF,C,1
Repeating,16946,1,CellTmpMin[11],,sint16,M,R,Tmp_SF,C,1
Repeating,16947,1,CellTmpAvg[11],,sint16,M,R,Tmp_SF,C,1
Repeating,16948,1,Reserved15[11],,sint16,O,R,,,1
Repeating,16949,1,Reserved16[11],,sint16,O,R,,,1
Repeating,16950,1,Reserved17[11],,sint16,O,R,,,1
Repeating,16951,1,Reserved18[11],,sint16,O,R,,,1
Repeating,16952,1,Reserved19[11],,sint16,O,R,,,1
Repeating,16953,1,Reserved20[11],,sint16,O,R,,,1
Repeating,16954,1,Reserved21[11],,sint16,O,R,,,1
Repeating,16955,1,Reserved22[11],,sint16,O,R,,,1
Repeating,16956,1,Reserved23[11],,sint16,O,R,,,1
Repeating,16957,1,Reserved24[11],,sint16,O,R,,,1
Repeating,16958,1,SegIndex[12],,sint16,M,R,,,1
Repeating,16959,1,SegType[12],,enum16,M,R,,,1
Repeating,16960,1,ArrayIndex[12],,sint16,M,R,,,1
Repeating,16961,2,SegEvent[12],,bitfield32,M,R,,,1
Repeating,16963,2,SegDeviceCommsLost[12],,bitfield32,M,R,,,1
Repeating,16965,1,SegInternalTmp[12],,sint16,M,R,Tmp_SF,C,1
Repeating,16966,1,SegInternalHumidity[12],,sint16,M,R,Humidity_SF,%,1
Repeating,16967,2,SegHvacState[12],,bitfield32,M,R,,,1
Repeating,16969,1,HydrogenPPM[12],,uint16,M,R,HPPM_SF,PPM,1
Repeating,16970,1,CellTmpMax[12],,sint16,M,R,Tmp_SF,C,1
Repeating,16971,1,CellTmpMin[12],,sint16,M,R,Tmp_SF,C,1
Repeating,16972,1,CellTmpAvg[12],,sint16,M,R,Tmp_SF,C,1
Repeating,16973,1,Reserved15[12],,sint16,O,R,,,1
Repeating,16974,1,Reserved16[12],,sint16,O,R,,,1
Repeating,16975,1,Reserved17[12],,sint16,O,R,,,1
Repeating,16976,1,Reserved18[12],,sint16,O,R,,,1
Repeating,16977,1,Reserved19[12],,sint16,O,R,,,1
Repeating,16978,1,Reserved20[12],,sint16,O,R,,,1
Repeating,16979,1,Reserved21[12],,sint16,O,R,,,1
Repeating,16980,1,Reserved22[12],,sint16,O,R,,,1
Repeating,16981,1,Reserved23[12],,sint16,O,R,,,1
Repeating,16982,1,Reserved24[12],,sint16,O,R,,,1
Repeating,16983,1,SegIndex[13],,sint16,M,R,,,1
Repeating,16984,1,SegType[13],,enum16,M,R,,,1
Repeating,16985,1,ArrayIndex[13],,sint16,M,R,,,1
Repeating,16986,2,SegEvent[13],,bitfield32,M,R,,,1
Repeating,16988,2,SegDeviceCommsLost[13],,bitfield32,M,R,,,1
Repeating,16990,1,SegInternalTmp[13],,sint16,M,R,Tmp_SF,C,1
Repeating,16991,1,SegInternalHumidity[13],,sint16,M,R,Humidity_SF,%,1
Repeating,16992,2,SegHvacState[13],,bitfield32,M,R,,,1
Repeating,16994,1,HydrogenPPM[13],,uint16,M,R,HPPM_SF,PPM,1
Repeating,16995,1,CellTmpMax[13],,sint16,M,R,Tmp_SF,C,1
Repeating,16996,1,CellTmpMin[13],,sint16,M,R,Tmp_SF,C,1
Repeating,16997,1,CellTmpAvg[13],,sint16,M,R,Tmp_SF,C,1
Repeating,16998,1,Reserved15[13],,sint16,O,R,,,1
Repeating,16999,1,Reserved16[13],,sint16,O,R,,,1
Repeating,17000,1,Reserved17[13],,sint16,O,R,,,1
Repeating,17001,1,Reserved18[13],,sint16,O,R,,,1
Repeating,17002,1,Reserved19[13],,sint16,O,R,,,1
Repeating,17003,1,Reserved20[13],,sint16,O,R,,,1
Repeating,17004,1,Reserved21[13],,sint16,O,R,,,1
Repeating,17005,1,Reserved22[13],,sint16,O,R,,,1
Repeating,17006,1,Reserved23[13],,sint16,O,R,,,1
Repeating,17007,1,Reserved24[13],,sint16,O,R,,,1
Repeating,17008,1,SegIndex[14],,sint16,M,R,,,1
Repeating,17009,1,SegType[14],,enum16,M,R,,,1
Repeating,17010,1,ArrayIndex[14],,sint16,M,R,,,1
Repeating,17011,2,SegEvent[14],,bitfield32,M,R,,,1
Repeating,17013,2,SegDeviceCommsLost[14],,bitfield32,M,R,,,1
Repeating,17015,1,SegInternalTmp[14],,sint16,M,R,Tmp_SF,C,1
Repeating,17016,1,SegInternalHumidity[14],,sint16,M,R,Humidity_SF,%,1
Repeating,17017,2,SegHvacState[14],,bitfield32,M,R,,,1
Repeating,17019,1,HydrogenPPM[14],,uint16,M,R,HPPM_SF,PPM,1
Repeating,17020,1,CellTmpMax[14],,sint16,M,R,Tmp_SF,C,1
Repeating,17021,1,CellTmpMin[14],,sint16,M,R,Tmp_SF,C,1
Repeating,17022,1,CellTmpAvg[14],,sint16,M,R,Tmp_SF,C,1
Repeating,17023,1,Reserved15[14],,sint16,O,R,,,1
Repeating,17024,1,Reserved16[14],,sint16,O,R,,,1
Repeating,17025,1,Reserved17[14],,sint16,O,R,,,1
Repeating,17026,1,Reserved18[14],,sint16,O,R,,,1
Repeating,17027,1,Reserved19[14],,sint16,O,R,,,1
Repeating,17028,1,Reserved20[14],,sint16,O,R,,,1
Repeating,17029,1,Reserved21[14],,sint16,O,R,,,1
Repeating,17030,1,Reserved22[14],,sint16,O,R,,,1
Repeating,17031,1,Reserved23[14],,sint16,O,R,,,1
Repeating,17032,1,Reserved24[14],,sint16,O,R,,,1
Repeating,17033,1,SegIndex[15],,sint16,M,R,,,1
Repeating,17034,1,SegType[15],,enum16,M,R,,,1
Repeating,17035,1,ArrayIndex[15],,sint16,M,R,,,1
Repeating,17036,2,SegEvent[15],,bitfield32,M,R,,,1
Repeating,17038,2,SegDeviceCommsLost[15],,bitfield32,M,R,,,1
Repeating,17040,1,SegInternalTmp[15],,sint16,M,R,Tmp_SF,C,1
Repeating,17041,1,SegInternalHumidity[15],,sint16,M,R,Humidity_SF,%,1
Repeating,17042,2,SegHvacState[15],,bitfield32,M,R,,,1
Repeating,17044,1,HydrogenPPM[15],,uint16,M,R,HPPM_SF,PPM,1
Repeating,17045,1,CellTmpMax[15],,sint16,M,R,Tmp_SF,C,1
Repeating,17046,1,CellTmpMin[15],,sint16,M,R,Tmp_SF,C,1
Repeating,17047,1,CellTmpAvg[15],,sint16,M,R,Tmp_SF,C,1
Repeating,17048,1,Reserved15[15],,sint16,O,R,,,1
Repeating,17049,1,Reserved16[15],,sint16,O,R,,,1
Repeating,17050,1,Reserved17[15],,sint16,O,R,,,1
Repeating,17051,1,Reserved18[15],,sint16,O,R,,,1
Repeating,17052,1,Reserved19[15],,sint16,O,R,,,1
Repeating,17053,1,Reserved20[15],,sint16,O,R,,,1
Repeating,17054,1,Reserved21[15],,sint16,O,R,,,1
Repeating,17055,1,Reserved22[15],,sint16,O,R,,,1
Repeating,17056,1,Reserved23[15],,sint16,O,R,,,1
Repeating,17057,1,Reserved24[15],,sint16,O,R,,,1
Repeating,17058,1,SegIndex[16],,sint16,M,R,,,1
Repeating,17059,1,SegType[16],,enum16,M,R,,,1
Repeating,17060,1,ArrayIndex[16],,sint16,M,R,,,1
Repeating,17061,2,SegEvent[16],,bitfield32,M,R,,,1
Repeating,17063,2,SegDeviceCommsLost[16],,bitfield32,M,R,,,1
Repeating,17065,1,SegInternalTmp[16],,sint16,M,R,Tmp_SF,C,1
Repeating,17066,1,SegInternalHumidity[16],,sint16,M,R,Humidity_SF,%,1
Repeating,17067,2,SegHvacState[16],,bitfield32,M,R,,,1
Repeating,17069,1,HydrogenPPM[16],,uint16,M,R,HPPM_SF,PPM,1
Repeating,17070,1,CellTmpMax[16],,sint16,M,R,Tmp_SF,C,1
Repeating,17071,1,CellTmpMin[16],,sint16,M,R,Tmp_SF,C,1
Repeating,17072,1,CellTmpAvg[16],,sint16,M,R,Tmp_SF,C,1
Repeating,17073,1,Reserved15[16],,sint16,O,R,,,1
Repeating,17074,1,Reserved16[16],,sint16,O,R,,,1
Repeating,17075,1,Reserved17[16],,sint16,O,R,,,1
Repeating,17076,1,Reserved18[16],,sint16,O,R,,,1
Repeating,17077,1,Reserved19[16],,sint16,O,R,,,1
Repeating,17078,1,Reserved20[16],,sint16,O,R,,,1
Repeating,17079,1,Reserved21[16],,sint16,O,R,,,1
Repeating,17080,1,Reserved22[16],,sint16,O,R,,,1
Repeating,17081,1,Reserved23[16],,sint16,O,R,,,1
Repeating,17082,1,Reserved24[16],,sint16,O,R,,,1
Repeating,17083,1,SegIndex[17],,sint16,M,R,,,1
Repeating,17084,1,SegType[17],,enum16,M,R,,,1
Repeating,17085,1,ArrayIndex[17],,sint16,M,R,,,1
Repeating,17086,2,SegEvent[17],,bitfield32,M,R,,,1
Repeating,17088,2,SegDeviceCommsLost[17],,bitfield32,M,R,,,1
Repeating,17090,1,SegInternalTmp[17],,sint16,M,R,Tmp_SF,C,1
Repeating,17091,1,SegInternalHumidity[17],,sint16,M,R,Humidity_SF,%,1
Repeating,17092,2,SegHvacState[17],,bitfield32,M,R,,,1
Repeating,17094,1,HydrogenPPM[17],,uint16,M,R,HPPM_SF,PPM,1
Repeating,17095,1,CellTmpMax[17],,sint16,M,R,Tmp_SF,C,1
Repeating,17096,1,CellTmpMin[17],,sint16,M,R,Tmp_SF,C,1
Repeating,17097,1,CellTmpAvg[17],,sint16,M,R,Tmp_SF,C,1
Repeating,17098,1,Reserved15[17],,sint16,O,R,,,1
Repeating,17099,1,Reserved16[17],,sint16,O,R,,,1
Repeating,17100,1,Reserved17[17],,sint16,O,R,,,1
Repeating,17101,1,Reserved18[17],,sint16,O,R,,,1
Repeating,17102,1,Reserved19[17],,sint16,O,R,,,1
Repeating,17103,1,Reserved20[17],,sint16,O,R,,,1
Repeating,17104,1,Reserved21[17],,sint16,O,R,,,1
Repeating,17105,1,Reserved22[17],,sint16,O,R,,,1
Repeating,17106,1,Reserved23[17],,sint16,O,R,,,1
Repeating,17107,1,Reserved24[17],,sint16,O,R,,,1
Repeating,17108,1,SegIndex[18],,sint16,M,R,,,1
Repeating,17109,1,SegType[18],,enum16,M,R,,,1
Repeating,17110,1,ArrayIndex[18],,sint16,M,R,,,1
Repeating,17111,2,SegEvent[18],,bitfield32,M,R,,,1
Repeating,17113,2,SegDeviceCommsLost[18],,bitfield32,M,R,,,1
Repeating,17115,1,SegInternalTmp[18],,sint16,M,R,Tmp_SF,C,1
Repeating,17116,1,SegInternalHumidity[18],,sint16,M,R,Humidity_SF,%,1
Repeating,17117,2,SegHvacState[18],,bitfield32,M,R,,,1
Repeating,17119,1,HydrogenPPM[18],,uint16,M,R,HPPM_SF,PPM,1
Repeating,17120,1,CellTmpMax[18],,sint16,M,R,Tmp_SF,C,1
Repeating,17121,1,CellTmpMin[18],,sint16,M,R,Tmp_SF,C,1
Repeating,17122,1,CellTmpAvg[18],,sint16,M,R,Tmp_SF,C,1
Repeating,17123,1,Reserved15[18],,sint16,O,R,,,1
Repeating,17124,1,Reserved16[18],,sint16,O,R,,,1
Repeating,17125,1,Reserved17[18],,sint16,O,R,,,1
Repeating,17126,1,Reserved18[18],,sint16,O,R,,,1
Repeating,17127,1,Reserved19[18],,sint16,O,R,,,1
Repeating,17128,1,Reserved20[18],,sint16,O,R,,,1
Repeating,17129,1,Reserved21[18],,sint16,O,R,,,1
Repeating,17130,1,Reserved22[18],,sint16,O,R,,,1
Repeating,17131,1,Reserved23[18],,sint16,O,R,,,1
Repeating,17132,1,Reserved24[18],,sint16,O,R,,,1
Repeating,17133,1,SegIndex[19],,sint16,M,R,,,1
Repeating,17134,1,SegType[19],,enum16,M,R,,,1
Repeating,17135,1,ArrayIndex[19],,sint16,M,R,,,1
Repeating,17136,2,SegEvent[19],,bitfield32,M,R,,,1
Repeating,17138,2,SegDeviceCommsLost[19],,bitfield32,M,R,,,1
Repeating,17140,1,SegInternalTmp[19],,sint16,M,R,Tmp_SF,C,1
Repeating,17141,1,SegInternalHumidity[19],,sint16,M,R,Humidity_SF,%,1
Repeating,17142,2,SegHvacState[19],,bitfield32,M,R,,,1
Repeating,17144,1,HydrogenPPM[19],,uint16,M,R,HPPM_SF,PPM,1
Repeating,17145,1,CellTmpMax[19],,sint16,M,R,Tmp_SF,C,1
Repeating,17146,1,CellTmpMin[19],,sint16,M,R,Tmp_SF,C,1
Repeating,17147,1,CellTmpAvg[19],,sint16,M,R,Tmp_SF,C,1
Repeating,17148,1,Reserved15[19],,sint16,O,R,,,1
Repeating,17149,1,Reserved16[19],,sint16,O,R,,,1
Repeating,17150,1,Reserved17[19],,sint16,O,R,,,1
Repeating,17151,1,Reserved18[19],,sint16,O,R,,,1
Repeating,17152,1,Reserved19[19],,sint16,O,R,,,1
Repeating,17153,1,Reserved20[19],,sint16,O,R,,,1
Repeating,17154,1,Reserved21[19],,sint16,O,R,,,1
Repeating,17155,1,Reserved22[19],,sint16,O,R,,,1
Repeating,17156,1,Reserved23[19],,sint16,O,R,,,1
Repeating,17157,1,Reserved24[19],,sint16,O,R,,,1
Repeating,17158,1,SegIndex[20],,sint16,M,R,,,1
Repeating,17159,1,SegType[20],,enum16,M,R,,,1
Repeating,17160,1,ArrayIndex[20],,sint16,M,R,,,1
Repeating,17161,2,SegEvent[20],,bitfield32,M,R,,,1
Repeating,17163,2,SegDeviceCommsLost[20],,bitfield32,M,R,,,1
Repeating,17165,1,SegInternalTmp[20],,sint16,M,R,Tmp_SF,C,1
Repeating,17166,1,SegInternalHumidity[20],,sint16,M,R,Humidity_SF,%,1
Repeating,17167,2,SegHvacState[20],,bitfield32,M,R,,,1
Repeating,17169,1,HydrogenPPM[20],,uint16,M,R,HPPM_SF,PPM,1
Repeating,17170,1,CellTmpMax[20],,sint16,M,R,Tmp_SF,C,1
Repeating,17171,1,CellTmpMin[20],,sint16,M,R,Tmp_SF,C,1
Repeating,17172,1,CellTmpAvg[20],,sint16,M,R,Tmp_SF,C,1
Repeating,17173,1,Reserved15[20],,sint16,O,R,,,1
Repeating,17174,1,Reserved16[20],,sint16,O,R,,,1
Repeating,17175,1,Reserved17[20],,sint16,O,R,,,1
Repeating,17176,1,Reserved18[20],,sint16,O,R,,,1
Repeating,17177,1,Reserved19[20],,sint16,O,R,,,1
Repeating,17178,1,Reserved20[20],,sint16,O,R,,,1
Repeating,17179,1,Reserved21[20],,sint16,O,R,,,1
Repeating,17180,1,Reserved22[20],,sint16,O,R,,,1
Repeating,17181,1,Reserved23[20],,sint16,O,R,,,1
Repeating,17182,1,Reserved24[20],,sint16,O,R,,,1
Repeating,17183,1,SegIndex[21],,sint16,M,R,,,1
Repeating,17184,1,SegType[21],,enum16,M,R,,,1
Repeating,17185,1,ArrayIndex[21],,sint16,M,R,,,1
Repeating,17186,2,SegEvent[21],,bitfield32,M,R,,,1
Repeating,17188,2,SegDeviceCommsLost[21],,bitfield32,M,R,,,1
Repeating,17190,1,SegInternalTmp[21],,sint16,M,R,Tmp_SF,C,1
Repeating,17191,1,SegInternalHumidity[21],,sint16,M,R,Humidity_SF,%,1
Repeating,17192,2,SegHvacState[21],,bitfield32,M,R,,,1
Repeating,17194,1,HydrogenPPM[21],,uint16,M,R,HPPM_SF,PPM,1
Repeating,17195,1,CellTmpMax[21],,sint16,M,R,Tmp_SF,C,1
Repeating,17196,1,CellTmpMin[21],,sint16,M,R,Tmp_SF,C,1
Repeating,17197,1,CellTmpAvg[21],,sint16,M,R,Tmp_SF,C,1
Repeating,17198,1,Reserved15[21],,sint16,O,R,,,1
Repeating,17199,1,Reserved16[21],,sint16,O,R,,,1
Repeating,17200,1,Reserved17[21],,sint16,O,R,,,1
Repeating,17201,1,Reserved18[21],,sint16,O,R,,,1
Repeating,17202,1,Reserved19[21],,sint16,O,R,,,1
Repeating,17203,1,Reserved20[21],,sint16,O,R,,,1
Repeating,17204,1,Reserved21[21],,sint16,O,R,,,1
Repeating,17205,1,Reserved22[21],,sint16,O,R,,,1
Repeating,17206,1,Reserved23[21],,sint16,O,R,,,1
Repeating,17207,1,Reserved24[21],,sint16,O,R,,,1
Header,17208,1,"ID ""PowinLineUpEnclosures""",65131,uint16,M,R,,,1
Header,17209,1,Length,564,uint16,M,R,,,1
Fixed,17210,1,LinupIndex,,sint16,M,R,,,1
Fixed,17211,1,SegQty,,sint16,M,R,,,1
Fixed,17212,2,LineupEvt1,,bitfield32,M,R,,,1
Fixed,17214,1,OATmp,,sint16,M,R,Tmp_SF,C,1
Fixed,17215,1,OAHumidity,,sint16,M,R,Humidity_SF,%,1
Fixed,17216,1,StringCount,,sint16,M,R,,,1
Fixed,17217,1,StringWithOpenContactorsCount,,sint16,M,R,,,1
Fixed,17218,1,StringWithClosedContactorsCount,,sint16,M,R,,,1
Fixed,17219,1,StringOutOfRotationCount,,sint16,M,R,,,1
Fixed,17220,1,ActiveLineupStringCommand,,enum16,M,R,,,1
Fixed,17221,1,LineupStringCommand,,enum16,M,RW,,,1
Fixed,17222,1,ReservedRegister14,,scalefactor,O,R,,,1
Fixed,17223,1,ReservedRegister15,,scalefactor,O,R,,,1
Fixed,17224,1,ReservedRegister16,,scalefactor,O,R,,,1
Fixed,17225,1,ReservedRegister17,,scalefactor,O,R,,,1
Fixed,17226,1,ReservedRegister18,,scalefactor,O,R,,,1
Fixed,17227,1,ReservedRegister19,,scalefactor,O,R,,,1
Fixed,17228,1,ReservedRegister20,,scalefactor,O,R,,,1
Fixed,17229,1,ReservedRegister21,,scalefactor,O,R,,,1
Fixed,17230,1,ReservedRegister22,,scalefactor,O,R,,,1
Fixed,17231,1,ReservedRegister23,,scalefactor,O,R,,,1
Fixed,17232,1,ReservedRegister24,,scalefactor,O,R,,,1
Fixed,17233,1,ReservedRegister25,,scalefactor,O,R,,,1
Fixed,17234,1,ReservedRegister26,,scalefactor,O,R,,,1
Fixed,17235,1,ReservedRegister27,,scalefactor,O,R,,,1
Fixed,17236,1,ReservedRegister28,,scalefactor,O,R,,,1
Fixed,17237,1,ReservedRegister29,,scalefactor,O,R,,,1
Fixed,17238,1,ReservedRegister30,,scalefactor,O,R,,,1
Fixed,17239,1,ReservedRegister31,,scalefactor,O,R,,,1
Fixed,17240,1,ReservedRegister32,,scalefactor,O,R,,,1
Fixed,17241,1,ReservedRegister33,,scalefactor,O,R,,,1
Fixed,17242,1,ReservedRegister34,,scalefactor,O,R,,,1
Fixed,17243,1,ReservedRegister35,,scalefactor,O,R,,,1
Fixed,17244,1,HPPM_SF,,scalefactor,M,R,,,1
Fixed,17245,1,Humidity_SF,,scalefactor,M,R,,,1
Fixed,17246,1,Volt_SF,,scalefactor,M,R,,,1
Fixed,17247,1,CellVolt_SF,,scalefactor,M,R,,,1
Fixed,17248,1,Tmp_SF,,scalefactor,M,R,,,1
Repeating,17249,1,SegIndex[1],,sint16,M,R,,,1
Repeating,17250,1,SegType[1],,enum16,M,R,,,1
Repeating,17251,1,ArrayIndex[1],,sint16,M,R,,,1
Repeating,17252,2,SegEvent[1],,bitfield32,M,R,,,1
Repeating,17254,2,SegDeviceCommsLost[1],,bitfield32,M,R,,,1
Repeating,17256,1,SegInternalTmp[1],,sint16,M,R,Tmp_SF,C,1
Repeating,17257,1,SegInternalHumidity[1],,sint16,M,R,Humidity_SF,%,1
Repeating,17258,2,SegHvacState[1],,bitfield32,M,R,,,1
Repeating,17260,1,HydrogenPPM[1],,uint16,M,R,HPPM_SF,PPM,1
Repeating,17261,1,CellTmpMax[1],,sint16,M,R,Tmp_SF,C,1
Repeating,17262,1,CellTmpMin[1],,sint16,M,R,Tmp_SF,C,1
Repeating,17263,1,CellTmpAvg[1],,sint16,M,R,Tmp_SF,C,1
Repeating,17264,1,Reserved15[1],,sint16,O,R,,,1
Repeating,17265,1,Reserved16[1],,sint16,O,R,,,1
Repeating,17266,1,Reserved17[1],,sint16,O,R,,,1
Repeating,17267,1,Reserved18[1],,sint16,O,R,,,1
Repeating,17268,1,Reserved19[1],,sint16,O,R,,,1
Repeating,17269,1,Reserved20[1],,sint16,O,R,,,1
Repeating,17270,1,Reserved21[1],,sint16,O,R,,,1
Repeating,17271,1,Reserved22[1],,sint16,O,R,,,1
Repeating,17272,1,Reserved23[1],,sint16,O,R,,,1
Repeating,17273,1,Reserved24[1],,sint16,O,R,,,1
Repeating,17274,1,SegIndex[2],,sint16,M,R,,,1
Repeating,17275,1,SegType[2],,enum16,M,R,,,1
Repeating,17276,1,ArrayIndex[2],,sint16,M,R,,,1
Repeating,17277,2,SegEvent[2],,bitfield32,M,R,,,1
Repeating,17279,2,SegDeviceCommsLost[2],,bitfield32,M,R,,,1
Repeating,17281,1,SegInternalTmp[2],,sint16,M,R,Tmp_SF,C,1
Repeating,17282,1,SegInternalHumidity[2],,sint16,M,R,Humidity_SF,%,1
Repeating,17283,2,SegHvacState[2],,bitfield32,M,R,,,1
Repeating,17285,1,HydrogenPPM[2],,uint16,M,R,HPPM_SF,PPM,1
Repeating,17286,1,CellTmpMax[2],,sint16,M,R,Tmp_SF,C,1
Repeating,17287,1,CellTmpMin[2],,sint16,M,R,Tmp_SF,C,1
Repeating,17288,1,CellTmpAvg[2],,sint16,M,R,Tmp_SF,C,1
Repeating,17289,1,Reserved15[2],,sint16,O,R,,,1
Repeating,17290,1,Reserved16[2],,sint16,O,R,,,1
Repeating,17291,1,Reserved17[2],,sint16,O,R,,,1
Repeating,17292,1,Reserved18[2],,sint16,O,R,,,1
Repeating,17293,1,Reserved19[2],,sint16,O,R,,,1
Repeating,17294,1,Reserved20[2],,sint16,O,R,,,1
Repeating,17295,1,Reserved21[2],,sint16,O,R,,,1
Repeating,17296,1,Reserved22[2],,sint16,O,R,,,1
Repeating,17297,1,Reserved23[2],,sint16,O,R,,,1
Repeating,17298,1,Reserved24[2],,sint16,O,R,,,1
Repeating,17299,1,SegIndex[3],,sint16,M,R,,,1
Repeating,17300,1,SegType[3],,enum16,M,R,,,1
Repeating,17301,1,ArrayIndex[3],,sint16,M,R,,,1
Repeating,17302,2,SegEvent[3],,bitfield32,M,R,,,1
Repeating,17304,2,SegDeviceCommsLost[3],,bitfield32,M,R,,,1
Repeating,17306,1,SegInternalTmp[3],,sint16,M,R,Tmp_SF,C,1
Repeating,17307,1,SegInternalHumidity[3],,sint16,M,R,Humidity_SF,%,1
Repeating,17308,2,SegHvacState[3],,bitfield32,M,R,,,1
Repeating,17310,1,HydrogenPPM[3],,uint16,M,R,HPPM_SF,PPM,1
Repeating,17311,1,CellTmpMax[3],,sint16,M,R,Tmp_SF,C,1
Repeating,17312,1,CellTmpMin[3],,sint16,M,R,Tmp_SF,C,1
Repeating,17313,1,CellTmpAvg[3],,sint16,M,R,Tmp_SF,C,1
Repeating,17314,1,Reserved15[3],,sint16,O,R,,,1
Repeating,17315,1,Reserved16[3],,sint16,O,R,,,1
Repeating,17316,1,Reserved17[3],,sint16,O,R,,,1
Repeating,17317,1,Reserved18[3],,sint16,O,R,,,1
Repeating,17318,1,Reserved19[3],,sint16,O,R,,,1
Repeating,17319,1,Reserved20[3],,sint16,O,R,,,1
Repeating,17320,1,Reserved21[3],,sint16,O,R,,,1
Repeating,17321,1,Reserved22[3],,sint16,O,R,,,1
Repeating,17322,1,Reserved23[3],,sint16,O,R,,,1
Repeating,17323,1,Reserved24[3],,sint16,O,R,,,1
Repeating,17324,1,SegIndex[4],,sint16,M,R,,,1
Repeating,17325,1,SegType[4],,enum16,M,R,,,1
Repeating,17326,1,ArrayIndex[4],,sint16,M,R,,,1
Repeating,17327,2,SegEvent[4],,bitfield32,M,R,,,1
Repeating,17329,2,SegDeviceCommsLost[4],,bitfield32,M,R,,,1
Repeating,17331,1,SegInternalTmp[4],,sint16,M,R,Tmp_SF,C,1
Repeating,17332,1,SegInternalHumidity[4],,sint16,M,R,Humidity_SF,%,1
Repeating,17333,2,SegHvacState[4],,bitfield32,M,R,,,1
Repeating,17335,1,HydrogenPPM[4],,uint16,M,R,HPPM_SF,PPM,1
Repeating,17336,1,CellTmpMax[4],,sint16,M,R,Tmp_SF,C,1
Repeating,17337,1,CellTmpMin[4],,sint16,M,R,Tmp_SF,C,1
Repeating,17338,1,CellTmpAvg[4],,sint16,M,R,Tmp_SF,C,1
Repeating,17339,1,Reserved15[4],,sint16,O,R,,,1
Repeating,17340,1,Reserved16[4],,sint16,O,R,,,1
Repeating,17341,1,Reserved17[4],,sint16,O,R,,,1
Repeating,17342,1,Reserved18[4],,sint16,O,R,,,1
Repeating,17343,1,Reserved19[4],,sint16,O,R,,,1
Repeating,17344,1,Reserved20[4],,sint16,O,R,,,1
Repeating,17345,1,Reserved21[4],,sint16,O,R,,,1
Repeating,17346,1,Reserved22[4],,sint16,O,R,,,1
Repeating,17347,1,Reserved23[4],,sint16,O,R,,,1
Repeating,17348,1,Reserved24[4],,sint16,O,R,,,1
Repeating,17349,1,SegIndex[5],,sint16,M,R,,,1
Repeating,17350,1,SegType[5],,enum16,M,R,,,1
Repeating,17351,1,ArrayIndex[5],,sint16,M,R,,,1
Repeating,17352,2,SegEvent[5],,bitfield32,M,R,,,1
Repeating,17354,2,SegDeviceCommsLost[5],,bitfield32,M,R,,,1
Repeating,17356,1,SegInternalTmp[5],,sint16,M,R,Tmp_SF,C,1
Repeating,17357,1,SegInternalHumidity[5],,sint16,M,R,Humidity_SF,%,1
Repeating,17358,2,SegHvacState[5],,bitfield32,M,R,,,1
Repeating,17360,1,HydrogenPPM[5],,uint16,M,R,HPPM_SF,PPM,1
Repeating,17361,1,CellTmpMax[5],,sint16,M,R,Tmp_SF,C,1
Repeating,17362,1,CellTmpMin[5],,sint16,M,R,Tmp_SF,C,1
Repeating,17363,1,CellTmpAvg[5],,sint16,M,R,Tmp_SF,C,1
Repeating,17364,1,Reserved15[5],,sint16,O,R,,,1
Repeating,17365,1,Reserved16[5],,sint16,O,R,,,1
Repeating,17366,1,Reserved17[5],,sint16,O,R,,,1
Repeating,17367,1,Reserved18[5],,sint16,O,R,,,1
Repeating,17368,1,Reserved19[5],,sint16,O,R,,,1
Repeating,17369,1,Reserved20[5],,sint16,O,R,,,1
Repeating,17370,1,Reserved21[5],,sint16,O,R,,,1
Repeating,17371,1,Reserved22[5],,sint16,O,R,,,1
Repeating,17372,1,Reserved23[5],,sint16,O,R,,,1
Repeating,17373,1,Reserved24[5],,sint16,O,R,,,1
Repeating,17374,1,SegIndex[6],,sint16,M,R,,,1
Repeating,17375,1,SegType[6],,enum16,M,R,,,1
Repeating,17376,1,ArrayIndex[6],,sint16,M,R,,,1
Repeating,17377,2,SegEvent[6],,bitfield32,M,R,,,1
Repeating,17379,2,SegDeviceCommsLost[6],,bitfield32,M,R,,,1
Repeating,17381,1,SegInternalTmp[6],,sint16,M,R,Tmp_SF,C,1
Repeating,17382,1,SegInternalHumidity[6],,sint16,M,R,Humidity_SF,%,1
Repeating,17383,2,SegHvacState[6],,bitfield32,M,R,,,1
Repeating,17385,1,HydrogenPPM[6],,uint16,M,R,HPPM_SF,PPM,1
Repeating,17386,1,CellTmpMax[6],,sint16,M,R,Tmp_SF,C,1
Repeating,17387,1,CellTmpMin[6],,sint16,M,R,Tmp_SF,C,1
Repeating,17388,1,CellTmpAvg[6],,sint16,M,R,Tmp_SF,C,1
Repeating,17389,1,Reserved15[6],,sint16,O,R,,,1
Repeating,17390,1,Reserved16[6],,sint16,O,R,,,1
Repeating,17391,1,Reserved17[6],,sint16,O,R,,,1
Repeating,17392,1,Reserved18[6],,sint16,O,R,,,1
Repeating,17393,1,Reserved19[6],,sint16,O,R,,,1
Repeating,17394,1,Reserved20[6],,sint16,O,R,,,1
Repeating,17395,1,Reserved21[6],,sint16,O,R,,,1
Repeating,17396,1,Reserved22[6],,sint16,O,R,,,1
Repeating,17397,1,Reserved23[6],,sint16,O,R,,,1
Repeating,17398,1,Reserved24[6],,sint16,O,R,,,1
Repeating,17399,1,SegIndex[7],,sint16,M,R,,,1
Repeating,17400,1,SegType[7],,enum16,M,R,,,1
Repeating,17401,1,ArrayIndex[7],,sint16,M,R,,,1
Repeating,17402,2,SegEvent[7],,bitfield32,M,R,,,1
Repeating,17404,2,SegDeviceCommsLost[7],,bitfield32,M,R,,,1
Repeating,17406,1,SegInternalTmp[7],,sint16,M,R,Tmp_SF,C,1
Repeating,17407,1,SegInternalHumidity[7],,sint16,M,R,Humidity_SF,%,1
Repeating,17408,2,SegHvacState[7],,bitfield32,M,R,,,1
Repeating,17410,1,HydrogenPPM[7],,uint16,M,R,HPPM_SF,PPM,1
Repeating,17411,1,CellTmpMax[7],,sint16,M,R,Tmp_SF,C,1
Repeating,17412,1,CellTmpMin[7],,sint16,M,R,Tmp_SF,C,1
Repeating,17413,1,CellTmpAvg[7],,sint16,M,R,Tmp_SF,C,1
Repeating,17414,1,Reserved15[7],,sint16,O,R,,,1
Repeating,17415,1,Reserved16[7],,sint16,O,R,,,1
Repeating,17416,1,Reserved17[7],,sint16,O,R,,,1
Repeating,17417,1,Reserved18[7],,sint16,O,R,,,1
Repeating,17418,1,Reserved19[7],,sint16,O,R,,,1
Repeating,17419,1,Reserved20[7],,sint16,O,R,,,1
Repeating,17420,1,Reserved21[7],,sint16,O,R,,,1
Repeating,17421,1,Reserved22[7],,sint16,O,R,,,1
Repeating,17422,1,Reserved23[7],,sint16,O,R,,,1
Repeating,17423,1,Reserved24[7],,sint16,O,R,,,1
Repeating,17424,1,SegIndex[8],,sint16,M,R,,,1
Repeating,17425,1,SegType[8],,enum16,M,R,,,1
Repeating,17426,1,ArrayIndex[8],,sint16,M,R,,,1
Repeating,17427,2,SegEvent[8],,bitfield32,M,R,,,1
Repeating,17429,2,SegDeviceCommsLost[8],,bitfield32,M,R,,,1
Repeating,17431,1,SegInternalTmp[8],,sint16,M,R,Tmp_SF,C,1
Repeating,17432,1,SegInternalHumidity[8],,sint16,M,R,Humidity_SF,%,1
Repeating,17433,2,SegHvacState[8],,bitfield32,M,R,,,1
Repeating,17435,1,HydrogenPPM[8],,uint16,M,R,HPPM_SF,PPM,1
Repeating,17436,1,CellTmpMax[8],,sint16,M,R,Tmp_SF,C,1
Repeating,17437,1,CellTmpMin[8],,sint16,M,R,Tmp_SF,C,1
Repeating,17438,1,CellTmpAvg[8],,sint16,M,R,Tmp_SF,C,1
Repeating,17439,1,Reserved15[8],,sint16,O,R,,,1
Repeating,17440,1,Reserved16[8],,sint16,O,R,,,1
Repeating,17441,1,Reserved17[8],,sint16,O,R,,,1
Repeating,17442,1,Reserved18[8],,sint16,O,R,,,1
Repeating,17443,1,Reserved19[8],,sint16,O,R,,,1
Repeating,17444,1,Reserved20[8],,sint16,O,R,,,1
Repeating,17445,1,Reserved21[8],,sint16,O,R,,,1
Repeating,17446,1,Reserved22[8],,sint16,O,R,,,1
Repeating,17447,1,Reserved23[8],,sint16,O,R,,,1
Repeating,17448,1,Reserved24[8],,sint16,O,R,,,1
Repeating,17449,1,SegIndex[9],,sint16,M,R,,,1
Repeating,17450,1,SegType[9],,enum16,M,R,,,1
Repeating,17451,1,ArrayIndex[9],,sint16,M,R,,,1
Repeating,17452,2,SegEvent[9],,bitfield32,M,R,,,1
Repeating,17454,2,SegDeviceCommsLost[9],,bitfield32,M,R,,,1
Repeating,17456,1,SegInternalTmp[9],,sint16,M,R,Tmp_SF,C,1
Repeating,17457,1,SegInternalHumidity[9],,sint16,M,R,Humidity_SF,%,1
Repeating,17458,2,SegHvacState[9],,bitfield32,M,R,,,1
Repeating,17460,1,HydrogenPPM[9],,uint16,M,R,HPPM_SF,PPM,1
Repeating,17461,1,CellTmpMax[9],,sint16,M,R,Tmp_SF,C,1
Repeating,17462,1,CellTmpMin[9],,sint16,M,R,Tmp_SF,C,1
Repeating,17463,1,CellTmpAvg[9],,sint16,M,R,Tmp_SF,C,1
Repeating,17464,1,Reserved15[9],,sint16,O,R,,,1
Repeating,17465,1,Reserved16[9],,sint16,O,R,,,1
Repeating,17466,1,Reserved17[9],,sint16,O,R,,,1
Repeating,17467,1,Reserved18[9],,sint16,O,R,,,1
Repeating,17468,1,Reserved19[9],,sint16,O,R,,,1
Repeating,17469,1,Reserved20[9],,sint16,O,R,,,1
Repeating,17470,1,Reserved21[9],,sint16,O,R,,,1
Repeating,17471,1,Reserved22[9],,sint16,O,R,,,1
Repeating,17472,1,Reserved23[9],,sint16,O,R,,,1
Repeating,17473,1,Reserved24[9],,sint16,O,R,,,1
Repeating,17474,1,SegIndex[10],,sint16,M,R,,,1
Repeating,17475,1,SegType[10],,enum16,M,R,,,1
Repeating,17476,1,ArrayIndex[10],,sint16,M,R,,,1
Repeating,17477,2,SegEvent[10],,bitfield32,M,R,,,1
Repeating,17479,2,SegDeviceCommsLost[10],,bitfield32,M,R,,,1
Repeating,17481,1,SegInternalTmp[10],,sint16,M,R,Tmp_SF,C,1
Repeating,17482,1,SegInternalHumidity[10],,sint16,M,R,Humidity_SF,%,1
Repeating,17483,2,SegHvacState[10],,bitfield32,M,R,,,1
Repeating,17485,1,HydrogenPPM[10],,uint16,M,R,HPPM_SF,PPM,1
Repeating,17486,1,CellTmpMax[10],,sint16,M,R,Tmp_SF,C,1
Repeating,17487,1,CellTmpMin[10],,sint16,M,R,Tmp_SF,C,1
Repeating,17488,1,CellTmpAvg[10],,sint16,M,R,Tmp_SF,C,1
Repeating,17489,1,Reserved15[10],,sint16,O,R,,,1
Repeating,17490,1,Reserved16[10],,sint16,O,R,,,1
Repeating,17491,1,Reserved17[10],,sint16,O,R,,,1
Repeating,17492,1,Reserved18[10],,sint16,O,R,,,1
Repeating,17493,1,Reserved19[10],,sint16,O,R,,,1
Repeating,17494,1,Reserved20[10],,sint16,O,R,,,1
Repeating,17495,1,Reserved21[10],,sint16,O,R,,,1
Repeating,17496,1,Reserved22[10],,sint16,O,R,,,1
Repeating,17497,1,Reserved23[10],,sint16,O,R,,,1
Repeating,17498,1,Reserved24[10],,sint16,O,R,,,1
Repeating,17499,1,SegIndex[11],,sint16,M,R,,,1
Repeating,17500,1,SegType[11],,enum16,M,R,,,1
Repeating,17501,1,ArrayIndex[11],,sint16,M,R,,,1
Repeating,17502,2,SegEvent[11],,bitfield32,M,R,,,1
Repeating,17504,2,SegDeviceCommsLost[11],,bitfield32,M,R,,,1
Repeating,17506,1,SegInternalTmp[11],,sint16,M,R,Tmp_SF,C,1
Repeating,17507,1,SegInternalHumidity[11],,sint16,M,R,Humidity_SF,%,1
Repeating,17508,2,SegHvacState[11],,bitfield32,M,R,,,1
Repeating,17510,1,HydrogenPPM[11],,uint16,M,R,HPPM_SF,PPM,1
Repeating,17511,1,CellTmpMax[11],,sint16,M,R,Tmp_SF,C,1
Repeating,17512,1,CellTmpMin[11],,sint16,M,R,Tmp_SF,C,1
Repeating,17513,1,CellTmpAvg[11],,sint16,M,R,Tmp_SF,C,1
Repeating,17514,1,Reserved15[11],,sint16,O,R,,,1
Repeating,17515,1,Reserved16[11],,sint16,O,R,,,1
Repeating,17516,1,Reserved17[11],,sint16,O,R,,,1
Repeating,17517,1,Reserved18[11],,sint16,O,R,,,1
Repeating,17518,1,Reserved19[11],,sint16,O,R,,,1
Repeating,17519,1,Reserved20[11],,sint16,O,R,,,1
Repeating,17520,1,Reserved21[11],,sint16,O,R,,,1
Repeating,17521,1,Reserved22[11],,sint16,O,R,,,1
Repeating,17522,1,Reserved23[11],,sint16,O,R,,,1
Repeating,17523,1,Reserved24[11],,sint16,O,R,,,1
Repeating,17524,1,SegIndex[12],,sint16,M,R,,,1
Repeating,17525,1,SegType[12],,enum16,M,R,,,1
Repeating,17526,1,ArrayIndex[12],,sint16,M,R,,,1
Repeating,17527,2,SegEvent[12],,bitfield32,M,R,,,1
Repeating,17529,2,SegDeviceCommsLost[12],,bitfield32,M,R,,,1
Repeating,17531,1,SegInternalTmp[12],,sint16,M,R,Tmp_SF,C,1
Repeating,17532,1,SegInternalHumidity[12],,sint16,M,R,Humidity_SF,%,1
Repeating,17533,2,SegHvacState[12],,bitfield32,M,R,,,1
Repeating,17535,1,HydrogenPPM[12],,uint16,M,R,HPPM_SF,PPM,1
Repeating,17536,1,CellTmpMax[12],,sint16,M,R,Tmp_SF,C,1
Repeating,17537,1,CellTmpMin[12],,sint16,M,R,Tmp_SF,C,1
Repeating,17538,1,CellTmpAvg[12],,sint16,M,R,Tmp_SF,C,1
Repeating,17539,1,Reserved15[12],,sint16,O,R,,,1
Repeating,17540,1,Reserved16[12],,sint16,O,R,,,1
Repeating,17541,1,Reserved17[12],,sint16,O,R,,,1
Repeating,17542,1,Reserved18[12],,sint16,O,R,,,1
Repeating,17543,1,Reserved19[12],,sint16,O,R,,,1
Repeating,17544,1,Reserved20[12],,sint16,O,R,,,1
Repeating,17545,1,Reserved21[12],,sint16,O,R,,,1
Repeating,17546,1,Reserved22[12],,sint16,O,R,,,1
Repeating,17547,1,Reserved23[12],,sint16,O,R,,,1
Repeating,17548,1,Reserved24[12],,sint16,O,R,,,1
Repeating,17549,1,SegIndex[13],,sint16,M,R,,,1
Repeating,17550,1,SegType[13],,enum16,M,R,,,1
Repeating,17551,1,ArrayIndex[13],,sint16,M,R,,,1
Repeating,17552,2,SegEvent[13],,bitfield32,M,R,,,1
Repeating,17554,2,SegDeviceCommsLost[13],,bitfield32,M,R,,,1
Repeating,17556,1,SegInternalTmp[13],,sint16,M,R,Tmp_SF,C,1
Repeating,17557,1,SegInternalHumidity[13],,sint16,M,R,Humidity_SF,%,1
Repeating,17558,2,SegHvacState[13],,bitfield32,M,R,,,1
Repeating,17560,1,HydrogenPPM[13],,uint16,M,R,HPPM_SF,PPM,1
Repeating,17561,1,CellTmpMax[13],,sint16,M,R,Tmp_SF,C,1
Repeating,17562,1,CellTmpMin[13],,sint16,M,R,Tmp_SF,C,1
Repeating,17563,1,CellTmpAvg[13],,sint16,M,R,Tmp_SF,C,1
Repeating,17564,1,Reserved15[13],,sint16,O,R,,,1
Repeating,17565,1,Reserved16[13],,sint16,O,R,,,1
Repeating,17566,1,Reserved17[13],,sint16,O,R,,,1
Repeating,17567,1,Reserved18[13],,sint16,O,R,,,1
Repeating,17568,1,Reserved19[13],,sint16,O,R,,,1
Repeating,17569,1,Reserved20[13],,sint16,O,R,,,1
Repeating,17570,1,Reserved21[13],,sint16,O,R,,,1
Repeating,17571,1,Reserved22[13],,sint16,O,R,,,1
Repeating,17572,1,Reserved23[13],,sint16,O,R,,,1
Repeating,17573,1,Reserved24[13],,sint16,O,R,,,1
Repeating,17574,1,SegIndex[14],,sint16,M,R,,,1
Repeating,17575,1,SegType[14],,enum16,M,R,,,1
Repeating,17576,1,ArrayIndex[14],,sint16,M,R,,,1
Repeating,17577,2,SegEvent[14],,bitfield32,M,R,,,1
Repeating,17579,2,SegDeviceCommsLost[14],,bitfield32,M,R,,,1
Repeating,17581,1,SegInternalTmp[14],,sint16,M,R,Tmp_SF,C,1
Repeating,17582,1,SegInternalHumidity[14],,sint16,M,R,Humidity_SF,%,1
Repeating,17583,2,SegHvacState[14],,bitfield32,M,R,,,1
Repeating,17585,1,HydrogenPPM[14],,uint16,M,R,HPPM_SF,PPM,1
Repeating,17586,1,CellTmpMax[14],,sint16,M,R,Tmp_SF,C,1
Repeating,17587,1,CellTmpMin[14],,sint16,M,R,Tmp_SF,C,1
Repeating,17588,1,CellTmpAvg[14],,sint16,M,R,Tmp_SF,C,1
Repeating,17589,1,Reserved15[14],,sint16,O,R,,,1
Repeating,17590,1,Reserved16[14],,sint16,O,R,,,1
Repeating,17591,1,Reserved17[14],,sint16,O,R,,,1
Repeating,17592,1,Reserved18[14],,sint16,O,R,,,1
Repeating,17593,1,Reserved19[14],,sint16,O,R,,,1
Repeating,17594,1,Reserved20[14],,sint16,O,R,,,1
Repeating,17595,1,Reserved21[14],,sint16,O,R,,,1
Repeating,17596,1,Reserved22[14],,sint16,O,R,,,1
Repeating,17597,1,Reserved23[14],,sint16,O,R,,,1
Repeating,17598,1,Reserved24[14],,sint16,O,R,,,1
Repeating,17599,1,SegIndex[15],,sint16,M,R,,,1
Repeating,17600,1,SegType[15],,enum16,M,R,,,1
Repeating,17601,1,ArrayIndex[15],,sint16,M,R,,,1
Repeating,17602,2,SegEvent[15],,bitfield32,M,R,,,1
Repeating,17604,2,SegDeviceCommsLost[15],,bitfield32,M,R,,,1
Repeating,17606,1,SegInternalTmp[15],,sint16,M,R,Tmp_SF,C,1
Repeating,17607,1,SegInternalHumidity[15],,sint16,M,R,Humidity_SF,%,1
Repeating,17608,2,SegHvacState[15],,bitfield32,M,R,,,1
Repeating,17610,1,HydrogenPPM[15],,uint16,M,R,HPPM_SF,PPM,1
Repeating,17611,1,CellTmpMax[15],,sint16,M,R,Tmp_SF,C,1
Repeating,17612,1,CellTmpMin[15],,sint16,M,R,Tmp_SF,C,1
Repeating,17613,1,CellTmpAvg[15],,sint16,M,R,Tmp_SF,C,1
Repeating,17614,1,Reserved15[15],,sint16,O,R,,,1
Repeating,17615,1,Reserved16[15],,sint16,O,R,,,1
Repeating,17616,1,Reserved17[15],,sint16,O,R,,,1
Repeating,17617,1,Reserved18[15],,sint16,O,R,,,1
Repeating,17618,1,Reserved19[15],,sint16,O,R,,,1
Repeating,17619,1,Reserved20[15],,sint16,O,R,,,1
Repeating,17620,1,Reserved21[15],,sint16,O,R,,,1
Repeating,17621,1,Reserved22[15],,sint16,O,R,,,1
Repeating,17622,1,Reserved23[15],,sint16,O,R,,,1
Repeating,17623,1,Reserved24[15],,sint16,O,R,,,1
Repeating,17624,1,SegIndex[16],,sint16,M,R,,,1
Repeating,17625,1,SegType[16],,enum16,M,R,,,1
Repeating,17626,1,ArrayIndex[16],,sint16,M,R,,,1
Repeating,17627,2,SegEvent[16],,bitfield32,M,R,,,1
Repeating,17629,2,SegDeviceCommsLost[16],,bitfield32,M,R,,,1
Repeating,17631,1,SegInternalTmp[16],,sint16,M,R,Tmp_SF,C,1
Repeating,17632,1,SegInternalHumidity[16],,sint16,M,R,Humidity_SF,%,1
Repeating,17633,2,SegHvacState[16],,bitfield32,M,R,,,1
Repeating,17635,1,HydrogenPPM[16],,uint16,M,R,HPPM_SF,PPM,1
Repeating,17636,1,CellTmpMax[16],,sint16,M,R,Tmp_SF,C,1
Repeating,17637,1,CellTmpMin[16],,sint16,M,R,Tmp_SF,C,1
Repeating,17638,1,CellTmpAvg[16],,sint16,M,R,Tmp_SF,C,1
Repeating,17639,1,Reserved15[16],,sint16,O,R,,,1
Repeating,17640,1,Reserved16[16],,sint16,O,R,,,1
Repeating,17641,1,Reserved17[16],,sint16,O,R,,,1
Repeating,17642,1,Reserved18[16],,sint16,O,R,,,1
Repeating,17643,1,Reserved19[16],,sint16,O,R,,,1
Repeating,17644,1,Reserved20[16],,sint16,O,R,,,1
Repeating,17645,1,Reserved21[16],,sint16,O,R,,,1
Repeating,17646,1,Reserved22[16],,sint16,O,R,,,1
Repeating,17647,1,Reserved23[16],,sint16,O,R,,,1
Repeating,17648,1,Reserved24[16],,sint16,O,R,,,1
Repeating,17649,1,SegIndex[17],,sint16,M,R,,,1
Repeating,17650,1,SegType[17],,enum16,M,R,,,1
Repeating,17651,1,ArrayIndex[17],,sint16,M,R,,,1
Repeating,17652,2,SegEvent[17],,bitfield32,M,R,,,1
Repeating,17654,2,SegDeviceCommsLost[17],,bitfield32,M,R,,,1
Repeating,17656,1,SegInternalTmp[17],,sint16,M,R,Tmp_SF,C,1
Repeating,17657,1,SegInternalHumidity[17],,sint16,M,R,Humidity_SF,%,1
Repeating,17658,2,SegHvacState[17],,bitfield32,M,R,,,1
Repeating,17660,1,HydrogenPPM[17],,uint16,M,R,HPPM_SF,PPM,1
Repeating,17661,1,CellTmpMax[17],,sint16,M,R,Tmp_SF,C,1
Repeating,17662,1,CellTmpMin[17],,sint16,M,R,Tmp_SF,C,1
Repeating,17663,1,CellTmpAvg[17],,sint16,M,R,Tmp_SF,C,1
Repeating,17664,1,Reserved15[17],,sint16,O,R,,,1
Repeating,17665,1,Reserved16[17],,sint16,O,R,,,1
Repeating,17666,1,Reserved17[17],,sint16,O,R,,,1
Repeating,17667,1,Reserved18[17],,sint16,O,R,,,1
Repeating,17668,1,Reserved19[17],,sint16,O,R,,,1
Repeating,17669,1,Reserved20[17],,sint16,O,R,,,1
Repeating,17670,1,Reserved21[17],,sint16,O,R,,,1
Repeating,17671,1,Reserved22[17],,sint16,O,R,,,1
Repeating,17672,1,Reserved23[17],,sint16,O,R,,,1
Repeating,17673,1,Reserved24[17],,sint16,O,R,,,1
Repeating,17674,1,SegIndex[18],,sint16,M,R,,,1
Repeating,17675,1,SegType[18],,enum16,M,R,,,1
Repeating,17676,1,ArrayIndex[18],,sint16,M,R,,,1
Repeating,17677,2,SegEvent[18],,bitfield32,M,R,,,1
Repeating,17679,2,SegDeviceCommsLost[18],,bitfield32,M,R,,,1
Repeating,17681,1,SegInternalTmp[18],,sint16,M,R,Tmp_SF,C,1
Repeating,17682,1,SegInternalHumidity[18],,sint16,M,R,Humidity_SF,%,1
Repeating,17683,2,SegHvacState[18],,bitfield32,M,R,,,1
Repeating,17685,1,HydrogenPPM[18],,uint16,M,R,HPPM_SF,PPM,1
Repeating,17686,1,CellTmpMax[18],,sint16,M,R,Tmp_SF,C,1
Repeating,17687,1,CellTmpMin[18],,sint16,M,R,Tmp_SF,C,1
Repeating,17688,1,CellTmpAvg[18],,sint16,M,R,Tmp_SF,C,1
Repeating,17689,1,Reserved15[18],,sint16,O,R,,,1
Repeating,17690,1,Reserved16[18],,sint16,O,R,,,1
Repeating,17691,1,Reserved17[18],,sint16,O,R,,,1
Repeating,17692,1,Reserved18[18],,sint16,O,R,,,1
Repeating,17693,1,Reserved19[18],,sint16,O,R,,,1
Repeating,17694,1,Reserved20[18],,sint16,O,R,,,1
Repeating,17695,1,Reserved21[18],,sint16,O,R,,,1
Repeating,17696,1,Reserved22[18],,sint16,O,R,,,1
Repeating,17697,1,Reserved23[18],,sint16,O,R,,,1
Repeating,17698,1,Reserved24[18],,sint16,O,R,,,1
Repeating,17699,1,SegIndex[19],,sint16,M,R,,,1
Repeating,17700,1,SegType[19],,enum16,M,R,,,1
Repeating,17701,1,ArrayIndex[19],,sint16,M,R,,,1
Repeating,17702,2,SegEvent[19],,bitfield32,M,R,,,1
Repeating,17704,2,SegDeviceCommsLost[19],,bitfield32,M,R,,,1
Repeating,17706,1,SegInternalTmp[19],,sint16,M,R,Tmp_SF,C,1
Repeating,17707,1,SegInternalHumidity[19],,sint16,M,R,Humidity_SF,%,1
Repeating,17708,2,SegHvacState[19],,bitfield32,M,R,,,1
Repeating,17710,1,HydrogenPPM[19],,uint16,M,R,HPPM_SF,PPM,1
Repeating,17711,1,CellTmpMax[19],,sint16,M,R,Tmp_SF,C,1
Repeating,17712,1,CellTmpMin[19],,sint16,M,R,Tmp_SF,C,1
Repeating,17713,1,CellTmpAvg[19],,sint16,M,R,Tmp_SF,C,1
Repeating,17714,1,Reserved15[19],,sint16,O,R,,,1
Repeating,17715,1,Reserved16[19],,sint16,O,R,,,1
Repeating,17716,1,Reserved17[19],,sint16,O,R,,,1
Repeating,17717,1,Reserved18[19],,sint16,O,R,,,1
Repeating,17718,1,Reserved19[19],,sint16,O,R,,,1
Repeating,17719,1,Reserved20[19],,sint16,O,R,,,1
Repeating,17720,1,Reserved21[19],,sint16,O,R,,,1
Repeating,17721,1,Reserved22[19],,sint16,O,R,,,1
Repeating,17722,1,Reserved23[19],,sint16,O,R,,,1
Repeating,17723,1,Reserved24[19],,sint16,O,R,,,1
Repeating,17724,1,SegIndex[20],,sint16,M,R,,,1
Repeating,17725,1,SegType[20],,enum16,M,R,,,1
Repeating,17726,1,ArrayIndex[20],,sint16,M,R,,,1
Repeating,17727,2,SegEvent[20],,bitfield32,M,R,,,1
Repeating,17729,2,SegDeviceCommsLost[20],,bitfield32,M,R,,,1
Repeating,17731,1,SegInternalTmp[20],,sint16,M,R,Tmp_SF,C,1
Repeating,17732,1,SegInternalHumidity[20],,sint16,M,R,Humidity_SF,%,1
Repeating,17733,2,SegHvacState[20],,bitfield32,M,R,,,1
Repeating,17735,1,HydrogenPPM[20],,uint16,M,R,HPPM_SF,PPM,1
Repeating,17736,1,CellTmpMax[20],,sint16,M,R,Tmp_SF,C,1
Repeating,17737,1,CellTmpMin[20],,sint16,M,R,Tmp_SF,C,1
Repeating,17738,1,CellTmpAvg[20],,sint16,M,R,Tmp_SF,C,1
Repeating,17739,1,Reserved15[20],,sint16,O,R,,,1
Repeating,17740,1,Reserved16[20],,sint16,O,R,,,1
Repeating,17741,1,Reserved17[20],,sint16,O,R,,,1
Repeating,17742,1,Reserved18[20],,sint16,O,R,,,1
Repeating,17743,1,Reserved19[20],,sint16,O,R,,,1
Repeating,17744,1,Reserved20[20],,sint16,O,R,,,1
Repeating,17745,1,Reserved21[20],,sint16,O,R,,,1
Repeating,17746,1,Reserved22[20],,sint16,O,R,,,1
Repeating,17747,1,Reserved23[20],,sint16,O,R,,,1
Repeating,17748,1,Reserved24[20],,sint16,O,R,,,1
Repeating,17749,1,SegIndex[21],,sint16,M,R,,,1
Repeating,17750,1,SegType[21],,enum16,M,R,,,1
Repeating,17751,1,ArrayIndex[21],,sint16,M,R,,,1
Repeating,17752,2,SegEvent[21],,bitfield32,M,R,,,1
Repeating,17754,2,SegDeviceCommsLost[21],,bitfield32,M,R,,,1
Repeating,17756,1,SegInternalTmp[21],,sint16,M,R,Tmp_SF,C,1
Repeating,17757,1,SegInternalHumidity[21],,sint16,M,R,Humidity_SF,%,1
Repeating,17758,2,SegHvacState[21],,bitfield32,M,R,,,1
Repeating,17760,1,HydrogenPPM[21],,uint16,M,R,HPPM_SF,PPM,1
Repeating,17761,1,CellTmpMax[21],,sint16,M,R,Tmp_SF,C,1
Repeating,17762,1,CellTmpMin[21],,sint16,M,R,Tmp_SF,C,1
Repeating,17763,1,CellTmpAvg[21],,sint16,M,R,Tmp_SF,C,1
Repeating,17764,1,Reserved15[21],,sint16,O,R,,,1
Repeating,17765,1,Reserved16[21],,sint16,O,R,,,1
Repeating,17766,1,Reserved17[21],,sint16,O,R,,,1
Repeating,17767,1,Reserved18[21],,sint16,O,R,,,1
Repeating,17768,1,Reserved19[21],,sint16,O,R,,,1
Repeating,17769,1,Reserved20[21],,sint16,O,R,,,1
Repeating,17770,1,Reserved21[21],,sint16,O,R,,,1
Repeating,17771,1,Reserved22[21],,sint16,O,R,,,1
Repeating,17772,1,Reserved23[21],,sint16,O,R,,,1
Repeating,17773,1,Reserved24[21],,sint16,O,R,,,1
Header,17774,1,"ID ""PowinApps""",65133,uint16,M,R,,,1
Header,17775,1,Length,46,uint16,M,R,,,1
Fixed,17776,1,NumberofApps,,uint16,M,R,,,1
Repeating,17777,1,AppType[1],,enum16,M,R,,,1
Repeating,17778,1,AppPriority[1],,sint16,M,R,,,1
Repeating,17779,1,AppStatus[1],,enum16,M,R,,,1
Repeating,17780,1,AppStatusControl[1],,enum16,M,RW,,,1
Repeating,17781,1,AppAlarm[1],,enum16,M,R,,,1
Repeating,17782,1,AppType[2],,enum16,M,R,,,1
Repeating,17783,1,AppPriority[2],,sint16,M,R,,,1
Repeating,17784,1,AppStatus[2],,enum16,M,R,,,1
Repeating,17785,1,AppStatusControl[2],,enum16,M,RW,,,1
Repeating,17786,1,AppAlarm[2],,enum16,M,R,,,1
Repeating,17787,1,AppType[3],,enum16,M,R,,,1
Repeating,17788,1,AppPriority[3],,sint16,M,R,,,1
Repeating,17789,1,AppStatus[3],,enum16,M,R,,,1
Repeating,17790,1,AppStatusControl[3],,enum16,M,RW,,,1
Repeating,17791,1,AppAlarm[3],,enum16,M,R,,,1
Repeating,17792,1,AppType[4],,enum16,M,R,,,1
Repeating,17793,1,AppPriority[4],,sint16,M,R,,,1
Repeating,17794,1,AppStatus[4],,enum16,M,R,,,1
Repeating,17795,1,AppStatusControl[4],,enum16,M,RW,,,1
Repeating,17796,1,AppAlarm[4],,enum16,M,R,,,1
Repeating,17797,1,AppType[5],,enum16,M,R,,,1
Repeating,17798,1,AppPriority[5],,sint16,M,R,,,1
Repeating,17799,1,AppStatus[5],,enum16,M,R,,,1
Repeating,17800,1,AppStatusControl[5],,enum16,M,RW,,,1
Repeating,17801,1,AppAlarm[5],,enum16,M,R,,,1
Repeating,17802,1,AppType[6],,enum16,M,R,,,1
Repeating,17803,1,AppPriority[6],,sint16,M,R,,,1
Repeating,17804,1,AppStatus[6],,enum16,M,R,,,1
Repeating,17805,1,AppStatusControl[6],,enum16,M,RW,,,1
Repeating,17806,1,AppAlarm[6],,enum16,M,R,,,1
Repeating,17807,1,AppType[7],,enum16,M,R,,,1
Repeating,17808,1,AppPriority[7],,sint16,M,R,,,1
Repeating,17809,1,AppStatus[7],,enum16,M,R,,,1
Repeating,17810,1,AppStatusControl[7],,enum16,M,RW,,,1
Repeating,17811,1,AppAlarm[7],,enum16,M,R,,,1
Repeating,17812,1,AppType[8],,enum16,M,R,,,1
Repeating,17813,1,AppPriority[8],,sint16,M,R,,,1
Repeating,17814,1,AppStatus[8],,enum16,M,R,,,1
Repeating,17815,1,AppStatusControl[8],,enum16,M,RW,,,1
Repeating,17816,1,AppAlarm[8],,enum16,M,R,,,1
Repeating,17817,1,AppType[9],,enum16,M,R,,,1
Repeating,17818,1,AppPriority[9],,sint16,M,R,,,1
Repeating,17819,1,AppStatus[9],,enum16,M,R,,,1
Repeating,17820,1,AppStatusControl[9],,enum16,M,RW,,,1
Repeating,17821,1,AppAlarm[9],,enum16,M,R,,,1
Header,17822,1,"ID ""End""",65535,uint16,M,R,,,1
Header,17823,1,Length,0,uint16,M,R,,,1
